# Host: localhost  (Version: 5.7.26)
# Date: 2023-11-13 15:43:06
# Generator: MySQL-Front 5.3  (Build 4.234)

/*!40101 SET NAMES utf8 */;

#
# Structure for table "auth_group"
#

CREATE TABLE `auth_group` (
  `id` int(11) NOT NULL AUTO_INCREMENT,
  `name` varchar(150) NOT NULL,
  PRIMARY KEY (`id`),
  UNIQUE KEY `name` (`name`)
) ENGINE=InnoDB DEFAULT CHARSET=utf8mb4 COMMENT='group';

#
# Data for table "auth_group"
#


#
# Structure for table "captcha_captchastore"
#

CREATE TABLE `captcha_captchastore` (
  `id` int(11) NOT NULL AUTO_INCREMENT,
  `challenge` varchar(32) NOT NULL,
  `response` varchar(32) NOT NULL,
  `hashkey` varchar(40) NOT NULL,
  `expiration` datetime(6) NOT NULL,
  PRIMARY KEY (`id`),
  UNIQUE KEY `hashkey` (`hashkey`)
) ENGINE=InnoDB AUTO_INCREMENT=47 DEFAULT CHARSET=utf8mb4 COMMENT='captcha store';

#
# Data for table "captcha_captchastore"
#

REPLACE INTO `captcha_captchastore` VALUES (2,'1+9=','10','b30a8d21f0d1d95c53b69b994c154e8189cc7c80','2022-07-04 21:33:33.914140'),(6,'3-2=','1','f3dfa2a7cbf3bda32a53298be602874fffaf6c68','2022-07-09 12:12:33.322567'),(8,'8*9=','72','2c7d94480f0c98db4137380db0e194acc258e9a6','2022-07-16 15:01:48.225074'),(9,'5*5=','25','ffd0b6d67099501f4bcdf5240553a22f84669d30','2022-07-17 09:44:46.330850'),(11,'1*6=','6','8150b2d7af32cc9cf1ef2e7f32f47c18079e32ae','2022-07-17 23:58:02.858469'),(13,'5+7=','12','84015e072e7fe570ba8d34deb9f8fc120d115cc4','2022-07-18 09:10:43.608250'),(14,'7+9=','16','37a0cc3cc181ff52f1e993278e883be76b51d9d7','2022-07-18 09:11:06.525042'),(23,'5*2=','10','af73bce2f14be6416917dd639b2fe4690d7352df','2022-07-18 09:26:25.032743'),(24,'3+8=','11','a9d26b51f99fe104a65733bc3be041ed40008d6a','2022-08-02 09:08:52.197430'),(27,'10-9=','1','50102a7a749b50b079b5ac170ebe7020d0934dcb','2022-10-24 21:06:05.242609'),(28,'10*6=','60','ed25bd111e161e961df851693df3a4d62a5ab178','2022-10-24 21:20:03.404962'),(33,'7-6=','1','78d30e6707926c9751f542d20b09479f855ce76c','2022-11-02 14:29:28.754027'),(36,'9-7=','2','a2eef771015339e663df72784be8e641410d1d44','2022-11-02 14:31:15.190850'),(40,'10-5=','5','3f7d16ef76fdda29328e4305c1c90b45f111288b','2022-11-02 14:34:02.344599'),(41,'10-2=','8','ce5074e3c1ee497ca310c59f1ab8bf43cd4ea93e','2022-12-26 14:13:12.877874'),(42,'5+1=','6','6359f47ae2d4d982ff779f1a63de88438cc5e140','2022-12-26 14:13:55.823052'),(43,'7-5=','2','6cf15e55625812ecbd79424b2aeda469a9faf419','2022-12-26 14:14:06.581484'),(44,'6+2=','8','7dda24d6b87263176b2a69fc1114a55432204c10','2022-12-26 14:14:13.046301');

#
# Structure for table "django_celery_beat_clockedschedule"
#

CREATE TABLE `django_celery_beat_clockedschedule` (
  `id` int(11) NOT NULL AUTO_INCREMENT,
  `clocked_time` datetime(6) NOT NULL COMMENT 'Run the task at clocked time',
  PRIMARY KEY (`id`)
) ENGINE=InnoDB DEFAULT CHARSET=utf8mb4 COMMENT='clocked';

#
# Data for table "django_celery_beat_clockedschedule"
#


#
# Structure for table "django_celery_beat_crontabschedule"
#

CREATE TABLE `django_celery_beat_crontabschedule` (
  `id` int(11) NOT NULL AUTO_INCREMENT,
  `minute` varchar(240) NOT NULL COMMENT 'Cron Minutes to Run. Use "*" for "all". (Example: "0,30")',
  `hour` varchar(96) NOT NULL COMMENT 'Cron Hours to Run. Use "*" for "all". (Example: "8,20")',
  `day_of_week` varchar(64) NOT NULL COMMENT 'Cron Days Of The Week to Run. Use "*" for "all". (Example: "0,5")',
  `day_of_month` varchar(124) NOT NULL COMMENT 'Cron Days Of The Month to Run. Use "*" for "all". (Example: "1,15")',
  `month_of_year` varchar(64) NOT NULL COMMENT 'Cron Months Of The Year to Run. Use "*" for "all". (Example: "0,6")',
  `timezone` varchar(63) NOT NULL COMMENT 'Timezone to Run the Cron Schedule on. Default is UTC.',
  PRIMARY KEY (`id`)
) ENGINE=InnoDB AUTO_INCREMENT=8 DEFAULT CHARSET=utf8mb4 COMMENT='crontab';

#
# Data for table "django_celery_beat_crontabschedule"
#

REPLACE INTO `django_celery_beat_crontabschedule` VALUES (6,'*/2','*','*','*','*','Asia/Shanghai'),(7,'0','4','*','*','*','Asia/Shanghai');

#
# Structure for table "django_celery_beat_intervalschedule"
#

CREATE TABLE `django_celery_beat_intervalschedule` (
  `id` int(11) NOT NULL AUTO_INCREMENT,
  `every` int(11) NOT NULL COMMENT 'Number of interval periods to wait before running the task again',
  `period` varchar(24) NOT NULL COMMENT 'The type of period between task runs (Example: days)',
  PRIMARY KEY (`id`)
) ENGINE=InnoDB AUTO_INCREMENT=2 DEFAULT CHARSET=utf8mb4 COMMENT='interval';

#
# Data for table "django_celery_beat_intervalschedule"
#

REPLACE INTO `django_celery_beat_intervalschedule` VALUES (1,20,'seconds');

#
# Structure for table "django_celery_beat_periodictasks"
#

CREATE TABLE `django_celery_beat_periodictasks` (
  `ident` smallint(6) NOT NULL,
  `last_update` datetime(6) NOT NULL,
  PRIMARY KEY (`ident`)
) ENGINE=InnoDB DEFAULT CHARSET=utf8mb4 COMMENT='periodic tasks';

#
# Data for table "django_celery_beat_periodictasks"
#

REPLACE INTO `django_celery_beat_periodictasks` VALUES (1,'2022-11-04 11:03:11.437798');

#
# Structure for table "django_celery_beat_solarschedule"
#

CREATE TABLE `django_celery_beat_solarschedule` (
  `id` int(11) NOT NULL AUTO_INCREMENT,
  `event` varchar(24) NOT NULL COMMENT 'The type of solar event when the job should run',
  `latitude` decimal(9,6) NOT NULL COMMENT 'Run the task when the event happens at this latitude',
  `longitude` decimal(9,6) NOT NULL COMMENT 'Run the task when the event happens at this longitude',
  PRIMARY KEY (`id`),
  UNIQUE KEY `django_celery_beat_solar_event_latitude_longitude_ba64999a_uniq` (`event`,`latitude`,`longitude`)
) ENGINE=InnoDB DEFAULT CHARSET=utf8mb4 COMMENT='solar event';

#
# Data for table "django_celery_beat_solarschedule"
#


#
# Structure for table "django_celery_beat_periodictask"
#

CREATE TABLE `django_celery_beat_periodictask` (
  `id` int(11) NOT NULL AUTO_INCREMENT,
  `name` varchar(200) NOT NULL COMMENT 'Short Description For This Task',
  `task` varchar(200) NOT NULL COMMENT 'The Name of the Celery Task that Should be Run.  (Example: "proj.tasks.import_contacts")',
  `args` longtext NOT NULL COMMENT 'JSON encoded positional arguments (Example: ["arg1", "arg2"])',
  `kwargs` longtext NOT NULL COMMENT 'JSON encoded keyword arguments (Example: {"argument": "value"})',
  `queue` varchar(200) DEFAULT NULL COMMENT 'Queue defined in CELERY_TASK_QUEUES. Leave None for default queuing.',
  `exchange` varchar(200) DEFAULT NULL COMMENT 'Override Exchange for low-level AMQP routing',
  `routing_key` varchar(200) DEFAULT NULL COMMENT 'Override Routing Key for low-level AMQP routing',
  `expires` datetime(6) DEFAULT NULL COMMENT 'Datetime after which the schedule will no longer trigger the task to run',
  `enabled` tinyint(1) NOT NULL COMMENT 'Set to False to disable the schedule',
  `last_run_at` datetime(6) DEFAULT NULL COMMENT 'Datetime that the schedule last triggered the task to run. Reset to None if enabled is set to False.',
  `total_run_count` int(10) unsigned NOT NULL COMMENT 'Running count of how many times the schedule has triggered the task',
  `date_changed` datetime(6) NOT NULL COMMENT 'Datetime that this PeriodicTask was last modified',
  `description` longtext NOT NULL COMMENT 'Detailed description about the details of this Periodic Task',
  `crontab_id` int(11) DEFAULT NULL COMMENT 'Crontab Schedule to run the task on.  Set only one schedule type, leave the others null.',
  `interval_id` int(11) DEFAULT NULL COMMENT 'Interval Schedule to run the task on.  Set only one schedule type, leave the others null.',
  `solar_id` int(11) DEFAULT NULL COMMENT 'Solar Schedule to run the task on.  Set only one schedule type, leave the others null.',
  `one_off` tinyint(1) NOT NULL COMMENT 'If True, the schedule will only run the task a single time',
  `start_time` datetime(6) DEFAULT NULL COMMENT 'Datetime when the schedule should begin triggering the task to run',
  `priority` int(10) unsigned DEFAULT NULL COMMENT 'Priority Number between 0 and 255. Supported by: RabbitMQ, Redis (priority reversed, 0 is highest).',
  `headers` longtext NOT NULL COMMENT 'JSON encoded message headers for the AMQP message.',
  `clocked_id` int(11) DEFAULT NULL COMMENT 'Clocked Schedule to run the task on.  Set only one schedule type, leave the others null.',
  `expire_seconds` int(10) unsigned DEFAULT NULL COMMENT 'Timedelta with seconds which the schedule will no longer trigger the task to run',
  PRIMARY KEY (`id`),
  UNIQUE KEY `name` (`name`),
  KEY `django_celery_beat_p_crontab_id_d3cba168_fk_django_ce` (`crontab_id`),
  KEY `django_celery_beat_p_interval_id_a8ca27da_fk_django_ce` (`interval_id`),
  KEY `django_celery_beat_p_solar_id_a87ce72c_fk_django_ce` (`solar_id`),
  KEY `django_celery_beat_p_clocked_id_47a69f82_fk_django_ce` (`clocked_id`),
  CONSTRAINT `django_celery_beat_p_clocked_id_47a69f82_fk_django_ce` FOREIGN KEY (`clocked_id`) REFERENCES `django_celery_beat_clockedschedule` (`id`),
  CONSTRAINT `django_celery_beat_p_crontab_id_d3cba168_fk_django_ce` FOREIGN KEY (`crontab_id`) REFERENCES `django_celery_beat_crontabschedule` (`id`),
  CONSTRAINT `django_celery_beat_p_interval_id_a8ca27da_fk_django_ce` FOREIGN KEY (`interval_id`) REFERENCES `django_celery_beat_intervalschedule` (`id`),
  CONSTRAINT `django_celery_beat_p_solar_id_a87ce72c_fk_django_ce` FOREIGN KEY (`solar_id`) REFERENCES `django_celery_beat_solarschedule` (`id`)
) ENGINE=InnoDB AUTO_INCREMENT=4 DEFAULT CHARSET=utf8mb4 COMMENT='periodic task';

#
# Data for table "django_celery_beat_periodictask"
#

REPLACE INTO `django_celery_beat_periodictask` VALUES (1,'测试任务','apps.lycrontab.tasks.lytask_test','[]','{}',NULL,NULL,NULL,NULL,0,NULL,182,'2022-11-04 11:02:33.348969','测试任务',6,NULL,NULL,0,NULL,1,'{\"periodic_task_name\": \"\\u6d4b\\u8bd5\\u4efb\\u52a1\", \"task_name\": \"apps.lycrontab.tasks.lytask_test\"}',NULL,NULL),(2,'celery.backend_cleanup','celery.backend_cleanup','[]','{}',NULL,NULL,NULL,NULL,1,NULL,0,'2022-11-04 11:03:11.442926','',7,NULL,NULL,0,NULL,NULL,'{}',NULL,43200),(3,'测试间隔任务','apps.lycrontab.tasks.lytask_test','[]','{}',NULL,NULL,NULL,NULL,1,'2022-11-04 03:04:31.458403',4,'2022-11-04 11:04:33.285246','测试间隔任务',NULL,1,NULL,0,NULL,NULL,'{}',NULL,NULL);

#
# Structure for table "django_celery_results_chordcounter"
#

CREATE TABLE `django_celery_results_chordcounter` (
  `id` int(11) NOT NULL AUTO_INCREMENT,
  `group_id` varchar(255) NOT NULL COMMENT 'Celery ID for the Chord header group',
  `sub_tasks` longtext NOT NULL COMMENT 'JSON serialized list of task result tuples. use .group_result() to decode',
  `count` int(10) unsigned NOT NULL COMMENT 'Starts at len(chord header) and decrements after each task is finished',
  PRIMARY KEY (`id`),
  UNIQUE KEY `group_id` (`group_id`)
) ENGINE=InnoDB DEFAULT CHARSET=utf8mb4 COMMENT='chord counter';

#
# Data for table "django_celery_results_chordcounter"
#


#
# Structure for table "django_celery_results_groupresult"
#

CREATE TABLE `django_celery_results_groupresult` (
  `id` int(11) NOT NULL AUTO_INCREMENT,
  `group_id` varchar(255) NOT NULL COMMENT 'Celery ID for the Group that was run',
  `date_created` datetime(6) NOT NULL COMMENT 'Datetime field when the group result was created in UTC',
  `date_done` datetime(6) NOT NULL COMMENT 'Datetime field when the group was completed in UTC',
  `content_type` varchar(128) NOT NULL COMMENT 'Content type of the result data',
  `content_encoding` varchar(64) NOT NULL COMMENT 'The encoding used to save the task result data',
  `result` longtext COMMENT 'The data returned by the task.  Use content_encoding and content_type fields to read.',
  PRIMARY KEY (`id`),
  UNIQUE KEY `group_id` (`group_id`),
  KEY `django_cele_date_cr_bd6c1d_idx` (`date_created`),
  KEY `django_cele_date_do_caae0e_idx` (`date_done`)
) ENGINE=InnoDB DEFAULT CHARSET=utf8mb4 COMMENT='group result';

#
# Data for table "django_celery_results_groupresult"
#


#
# Structure for table "django_celery_results_taskresult"
#

CREATE TABLE `django_celery_results_taskresult` (
  `id` int(11) NOT NULL AUTO_INCREMENT,
  `task_id` varchar(255) NOT NULL COMMENT 'Celery ID for the Task that was run',
  `status` varchar(50) NOT NULL COMMENT 'Current state of the task being run',
  `content_type` varchar(128) NOT NULL COMMENT 'Content type of the result data',
  `content_encoding` varchar(64) NOT NULL COMMENT 'The encoding used to save the task result data',
  `result` longtext COMMENT 'The data returned by the task.  Use content_encoding and content_type fields to read.',
  `date_done` datetime(6) NOT NULL COMMENT 'Datetime field when the task was completed in UTC',
  `traceback` longtext COMMENT 'Text of the traceback if the task generated one',
  `meta` longtext COMMENT 'JSON meta information about the task, such as information on child tasks',
  `task_args` longtext COMMENT 'JSON representation of the positional arguments used with the task',
  `task_kwargs` longtext COMMENT 'JSON representation of the named arguments used with the task',
  `task_name` varchar(255) DEFAULT NULL COMMENT 'Name of the Task which was run',
  `worker` varchar(100) DEFAULT NULL COMMENT 'Worker that executes the task',
  `date_created` datetime(6) NOT NULL COMMENT 'Datetime field when the task result was created in UTC',
  `periodic_task_name` varchar(255) DEFAULT NULL COMMENT 'Name of the Periodic Task which was run',
  PRIMARY KEY (`id`),
  UNIQUE KEY `task_id` (`task_id`),
  KEY `django_cele_task_na_08aec9_idx` (`task_name`),
  KEY `django_cele_status_9b6201_idx` (`status`),
  KEY `django_cele_worker_d54dd8_idx` (`worker`),
  KEY `django_cele_date_cr_f04a50_idx` (`date_created`),
  KEY `django_cele_date_do_f59aad_idx` (`date_done`)
) ENGINE=InnoDB AUTO_INCREMENT=184 DEFAULT CHARSET=utf8mb4 COMMENT='task result';

#
# Data for table "django_celery_results_taskresult"
#

REPLACE INTO `django_celery_results_taskresult` VALUES (175,'e5763b89-7ffd-4e83-bf0e-03dd58d52ff4','SUCCESS','application/json','utf-8','\"django-vue-lyadmin lycrontab running\"','2022-10-25 23:00:00.038914',NULL,'{\"children\": []}','\"()\"','\"{}\"','apps.lycrontab.tasks.lytask_test','celery@lybbn','2022-10-25 23:00:00.038914','测试任务'),(176,'f599fc36-6f0e-45ef-840a-28c637347a45','SUCCESS','application/json','utf-8','\"django-vue-lyadmin lycrontab running\"','2022-10-25 23:02:00.032690',NULL,'{\"children\": []}','\"()\"','\"{}\"','apps.lycrontab.tasks.lytask_test','celery@lybbn','2022-10-25 23:02:00.032690','测试任务'),(177,'fd2cb51a-d717-4103-a1dd-235efad01259','SUCCESS','application/json','utf-8','\"django-vue-lyadmin lycrontab running\"','2022-10-25 23:04:00.024369',NULL,'{\"children\": []}','\"()\"','\"{}\"','apps.lycrontab.tasks.lytask_test','celery@lybbn','2022-10-25 23:04:00.024369','测试任务'),(178,'2cb746cd-5bd5-4253-bfa7-51220177ad7d','SUCCESS','application/json','utf-8','\"django-vue-lyadmin lycrontab running\"','2022-10-25 23:06:00.022733',NULL,'{\"children\": []}','\"()\"','\"{}\"','apps.lycrontab.tasks.lytask_test','celery@lybbn','2022-10-25 23:06:00.022733','测试任务'),(179,'35dbfa39-b419-4480-a176-99adf5e313df','SUCCESS','application/json','utf-8','\"django-vue-lyadmin lycrontab running\"','2022-10-25 23:08:00.024386',NULL,'{\"children\": []}','\"()\"','\"{}\"','apps.lycrontab.tasks.lytask_test','celery@lybbn','2022-10-25 23:08:00.024386','测试任务'),(180,'e90764b6-0617-4ba1-bd82-cceeeeab4c13','SUCCESS','application/json','utf-8','\"django-vue-lyadmin lycrontab running\"','2022-11-04 11:03:31.477433',NULL,'{\"children\": []}','\"()\"','\"{}\"','apps.lycrontab.tasks.lytask_test','celery@lybbn','2022-11-04 11:03:31.477433','测试间隔任务'),(181,'121329e3-0668-46e8-9edf-bbfb79377395','SUCCESS','application/json','utf-8','\"django-vue-lyadmin lycrontab running\"','2022-11-04 11:03:51.457615',NULL,'{\"children\": []}','\"()\"','\"{}\"','apps.lycrontab.tasks.lytask_test','celery@lybbn','2022-11-04 11:03:51.457615','测试间隔任务'),(182,'29981133-a9e4-4e4f-a683-f5842bcf4a49','SUCCESS','application/json','utf-8','\"django-vue-lyadmin lycrontab running\"','2022-11-04 11:04:11.461721',NULL,'{\"children\": []}','\"()\"','\"{}\"','apps.lycrontab.tasks.lytask_test','celery@lybbn','2022-11-04 11:04:11.461721','测试间隔任务'),(183,'4273ab03-fa31-424e-8b35-bdfc92308259','SUCCESS','application/json','utf-8','\"django-vue-lyadmin lycrontab running\"','2022-11-04 11:04:31.472743',NULL,'{\"children\": []}','\"()\"','\"{}\"','apps.lycrontab.tasks.lytask_test','celery@lybbn','2022-11-04 11:04:31.472743','测试间隔任务');

#
# Structure for table "django_content_type"
#

CREATE TABLE `django_content_type` (
  `id` int(11) NOT NULL AUTO_INCREMENT,
  `app_label` varchar(100) NOT NULL,
  `model` varchar(100) NOT NULL,
  PRIMARY KEY (`id`),
  UNIQUE KEY `django_content_type_app_label_model_76bd3d3b_uniq` (`app_label`,`model`)
) ENGINE=InnoDB AUTO_INCREMENT=53 DEFAULT CHARSET=utf8mb4 COMMENT='content type';

#
# Data for table "django_content_type"
#

REPLACE INTO `django_content_type` VALUES (1,'admin','logentry'),(2,'auth','permission'),(3,'auth','group'),(4,'contenttypes','contenttype'),(5,'sessions','session'),(6,'captcha','captchastore'),(7,'mysystem','users'),(8,'mysystem','dept'),(9,'mysystem','dictionary'),(10,'mysystem','menu'),(11,'mysystem','menubutton'),(12,'mysystem','sysdictionarylist'),(13,'mysystem','role'),(14,'mysystem','post'),(15,'mysystem','operationlog'),(16,'mysystem','loginlog'),(17,'mysystem','button'),(18,'lymessages','mymessage'),(19,'lymessages','mymessagetemplate'),(20,'lymessages','mymessageuser'),(21,'address','area'),(22,'oauth','oauthwxuser'),(23,'platformsettings','othermanage'),(24,'platformsettings','lunbotumanage'),(25,'lymonitor','monitormanage'),(26,'lywebsocket','terminalserver'),(27,'address','address'),(28,'platformsettings','userleavingmessage'),(29,'mall','orderinfo'),(30,'mall','goodsspectemplate'),(31,'mall','goodscategory'),(32,'mall','spuspecification'),(33,'mall','goodsbrand'),(34,'mall','ordergoods'),(35,'mall','skuspecification'),(36,'mall','sku'),(37,'mall','couponrecord'),(38,'mall','skuimage'),(39,'mall','spuspecificationoption'),(40,'mall','spu'),(41,'mall','orderrefunds'),(42,'mall','goodscoupon'),(43,'django_celery_results','taskresult'),(44,'django_celery_results','chordcounter'),(45,'django_celery_results','groupresult'),(46,'django_celery_beat','crontabschedule'),(47,'django_celery_beat','intervalschedule'),(48,'django_celery_beat','periodictask'),(49,'django_celery_beat','periodictasks'),(50,'django_celery_beat','solarschedule'),(51,'django_celery_beat','clockedschedule'),(52,'platformsettings','systemconfig');

#
# Structure for table "auth_permission"
#

CREATE TABLE `auth_permission` (
  `id` int(11) NOT NULL AUTO_INCREMENT,
  `name` varchar(255) NOT NULL,
  `content_type_id` int(11) NOT NULL,
  `codename` varchar(100) NOT NULL,
  PRIMARY KEY (`id`),
  UNIQUE KEY `auth_permission_content_type_id_codename_01ab375a_uniq` (`content_type_id`,`codename`),
  CONSTRAINT `auth_permission_content_type_id_2f476e4b_fk_django_co` FOREIGN KEY (`content_type_id`) REFERENCES `django_content_type` (`id`)
) ENGINE=InnoDB AUTO_INCREMENT=209 DEFAULT CHARSET=utf8mb4 COMMENT='permission';

#
# Data for table "auth_permission"
#

REPLACE INTO `auth_permission` VALUES (1,'Can add log entry',1,'add_logentry'),(2,'Can change log entry',1,'change_logentry'),(3,'Can delete log entry',1,'delete_logentry'),(4,'Can view log entry',1,'view_logentry'),(5,'Can add permission',2,'add_permission'),(6,'Can change permission',2,'change_permission'),(7,'Can delete permission',2,'delete_permission'),(8,'Can view permission',2,'view_permission'),(9,'Can add group',3,'add_group'),(10,'Can change group',3,'change_group'),(11,'Can delete group',3,'delete_group'),(12,'Can view group',3,'view_group'),(13,'Can add content type',4,'add_contenttype'),(14,'Can change content type',4,'change_contenttype'),(15,'Can delete content type',4,'delete_contenttype'),(16,'Can view content type',4,'view_contenttype'),(17,'Can add session',5,'add_session'),(18,'Can change session',5,'change_session'),(19,'Can delete session',5,'delete_session'),(20,'Can view session',5,'view_session'),(21,'Can add captcha store',6,'add_captchastore'),(22,'Can change captcha store',6,'change_captchastore'),(23,'Can delete captcha store',6,'delete_captchastore'),(24,'Can view captcha store',6,'view_captchastore'),(25,'Can add 用户表',7,'add_users'),(26,'Can change 用户表',7,'change_users'),(27,'Can delete 用户表',7,'delete_users'),(28,'Can view 用户表',7,'view_users'),(29,'Can add 部门表',8,'add_dept'),(30,'Can change 部门表',8,'change_dept'),(31,'Can delete 部门表',8,'delete_dept'),(32,'Can view 部门表',8,'view_dept'),(33,'Can add 字典表',9,'add_dictionary'),(34,'Can change 字典表',9,'change_dictionary'),(35,'Can delete 字典表',9,'delete_dictionary'),(36,'Can view 字典表',9,'view_dictionary'),(37,'Can add 菜单表',10,'add_menu'),(38,'Can change 菜单表',10,'change_menu'),(39,'Can delete 菜单表',10,'delete_menu'),(40,'Can view 菜单表',10,'view_menu'),(41,'Can add 菜单权限表',11,'add_menubutton'),(42,'Can change 菜单权限表',11,'change_menubutton'),(43,'Can delete 菜单权限表',11,'delete_menubutton'),(44,'Can view 菜单权限表',11,'view_menubutton'),(45,'Can add 字典详细表',12,'add_sysdictionarylist'),(46,'Can change 字典详细表',12,'change_sysdictionarylist'),(47,'Can delete 字典详细表',12,'delete_sysdictionarylist'),(48,'Can view 字典详细表',12,'view_sysdictionarylist'),(49,'Can add 角色表',13,'add_role'),(50,'Can change 角色表',13,'change_role'),(51,'Can delete 角色表',13,'delete_role'),(52,'Can view 角色表',13,'view_role'),(53,'Can add 岗位表',14,'add_post'),(54,'Can change 岗位表',14,'change_post'),(55,'Can delete 岗位表',14,'delete_post'),(56,'Can view 岗位表',14,'view_post'),(57,'Can add 操作日志',15,'add_operationlog'),(58,'Can change 操作日志',15,'change_operationlog'),(59,'Can delete 操作日志',15,'delete_operationlog'),(60,'Can view 操作日志',15,'view_operationlog'),(61,'Can add 登录日志',16,'add_loginlog'),(62,'Can change 登录日志',16,'change_loginlog'),(63,'Can delete 登录日志',16,'delete_loginlog'),(64,'Can view 登录日志',16,'view_loginlog'),(65,'Can add 权限标识表',17,'add_button'),(66,'Can change 权限标识表',17,'change_button'),(67,'Can delete 权限标识表',17,'delete_button'),(68,'Can view 权限标识表',17,'view_button'),(69,'Can add 消息中心',18,'add_mymessage'),(70,'Can change 消息中心',18,'change_mymessage'),(71,'Can delete 消息中心',18,'delete_mymessage'),(72,'Can view 消息中心',18,'view_mymessage'),(73,'Can add 消息模板',19,'add_mymessagetemplate'),(74,'Can change 消息模板',19,'change_mymessagetemplate'),(75,'Can delete 消息模板',19,'delete_mymessagetemplate'),(76,'Can view 消息模板',19,'view_mymessagetemplate'),(77,'Can add 用户消息',20,'add_mymessageuser'),(78,'Can change 用户消息',20,'change_mymessageuser'),(79,'Can delete 用户消息',20,'delete_mymessageuser'),(80,'Can view 用户消息',20,'view_mymessageuser'),(81,'Can add 省市区',21,'add_area'),(82,'Can change 省市区',21,'change_area'),(83,'Can delete 省市区',21,'delete_area'),(84,'Can view 省市区',21,'view_area'),(85,'Can add 微信登录用户数据',22,'add_oauthwxuser'),(86,'Can change 微信登录用户数据',22,'change_oauthwxuser'),(87,'Can delete 微信登录用户数据',22,'delete_oauthwxuser'),(88,'Can view 微信登录用户数据',22,'view_oauthwxuser'),(89,'Can add 平台其他设置',23,'add_othermanage'),(90,'Can change 平台其他设置',23,'change_othermanage'),(91,'Can delete 平台其他设置',23,'delete_othermanage'),(92,'Can view 平台其他设置',23,'view_othermanage'),(93,'Can add 轮播图设置',24,'add_lunbotumanage'),(94,'Can change 轮播图设置',24,'change_lunbotumanage'),(95,'Can delete 轮播图设置',24,'delete_lunbotumanage'),(96,'Can view 轮播图设置',24,'view_lunbotumanage'),(97,'Can add 服务监控',25,'add_monitormanage'),(98,'Can change 服务监控',25,'change_monitormanage'),(99,'Can delete 服务监控',25,'delete_monitormanage'),(100,'Can view 服务监控',25,'view_monitormanage'),(101,'Can add 终端服务器列表',26,'add_terminalserver'),(102,'Can change 终端服务器列表',26,'change_terminalserver'),(103,'Can delete 终端服务器列表',26,'delete_terminalserver'),(104,'Can view 终端服务器列表',26,'view_terminalserver'),(105,'Can add 用户地址',27,'add_address'),(106,'Can change 用户地址',27,'change_address'),(107,'Can delete 用户地址',27,'delete_address'),(108,'Can view 用户地址',27,'view_address'),(109,'Can add 用户反馈',28,'add_userleavingmessage'),(110,'Can change 用户反馈',28,'change_userleavingmessage'),(111,'Can delete 用户反馈',28,'delete_userleavingmessage'),(112,'Can view 用户反馈',28,'view_userleavingmessage'),(113,'Can add 订单基本信息',29,'add_orderinfo'),(114,'Can change 订单基本信息',29,'change_orderinfo'),(115,'Can delete 订单基本信息',29,'delete_orderinfo'),(116,'Can view 订单基本信息',29,'view_orderinfo'),(117,'Can add 商品规格模板',30,'add_goodsspectemplate'),(118,'Can change 商品规格模板',30,'change_goodsspectemplate'),(119,'Can delete 商品规格模板',30,'delete_goodsspectemplate'),(120,'Can view 商品规格模板',30,'view_goodsspectemplate'),(121,'Can add 商品类别',31,'add_goodscategory'),(122,'Can change 商品类别',31,'change_goodscategory'),(123,'Can delete 商品类别',31,'delete_goodscategory'),(124,'Can view 商品类别',31,'view_goodscategory'),(125,'Can add 商品SPU规格',32,'add_spuspecification'),(126,'Can change 商品SPU规格',32,'change_spuspecification'),(127,'Can delete 商品SPU规格',32,'delete_spuspecification'),(128,'Can view 商品SPU规格',32,'view_spuspecification'),(129,'Can add 商品品牌',33,'add_goodsbrand'),(130,'Can change 商品品牌',33,'change_goodsbrand'),(131,'Can delete 商品品牌',33,'delete_goodsbrand'),(132,'Can view 商品品牌',33,'view_goodsbrand'),(133,'Can add 订单商品',34,'add_ordergoods'),(134,'Can change 订单商品',34,'change_ordergoods'),(135,'Can delete 订单商品',34,'delete_ordergoods'),(136,'Can view 订单商品',34,'view_ordergoods'),(137,'Can add SKU规格',35,'add_skuspecification'),(138,'Can change SKU规格',35,'change_skuspecification'),(139,'Can delete SKU规格',35,'delete_skuspecification'),(140,'Can view SKU规格',35,'view_skuspecification'),(141,'Can add 商品SKU',36,'add_sku'),(142,'Can change 商品SKU',36,'change_sku'),(143,'Can delete 商品SKU',36,'delete_sku'),(144,'Can view 商品SKU',36,'view_sku'),(145,'Can add 用户持券表',37,'add_couponrecord'),(146,'Can change 用户持券表',37,'change_couponrecord'),(147,'Can delete 用户持券表',37,'delete_couponrecord'),(148,'Can view 用户持券表',37,'view_couponrecord'),(149,'Can add SKU图片',38,'add_skuimage'),(150,'Can change SKU图片',38,'change_skuimage'),(151,'Can delete SKU图片',38,'delete_skuimage'),(152,'Can view SKU图片',38,'view_skuimage'),(153,'Can add 规格选项',39,'add_spuspecificationoption'),(154,'Can change 规格选项',39,'change_spuspecificationoption'),(155,'Can delete 规格选项',39,'delete_spuspecificationoption'),(156,'Can view 规格选项',39,'view_spuspecificationoption'),(157,'Can add 商品SPU',40,'add_spu'),(158,'Can change 商品SPU',40,'change_spu'),(159,'Can delete 商品SPU',40,'delete_spu'),(160,'Can view 商品SPU',40,'view_spu'),(161,'Can add 商城订单退款',41,'add_orderrefunds'),(162,'Can change 商城订单退款',41,'change_orderrefunds'),(163,'Can delete 商城订单退款',41,'delete_orderrefunds'),(164,'Can view 商城订单退款',41,'view_orderrefunds'),(165,'Can add 商品优惠券',42,'add_goodscoupon'),(166,'Can change 商品优惠券',42,'change_goodscoupon'),(167,'Can delete 商品优惠券',42,'delete_goodscoupon'),(168,'Can view 商品优惠券',42,'view_goodscoupon'),(169,'Can add task result',43,'add_taskresult'),(170,'Can change task result',43,'change_taskresult'),(171,'Can delete task result',43,'delete_taskresult'),(172,'Can view task result',43,'view_taskresult'),(173,'Can add chord counter',44,'add_chordcounter'),(174,'Can change chord counter',44,'change_chordcounter'),(175,'Can delete chord counter',44,'delete_chordcounter'),(176,'Can view chord counter',44,'view_chordcounter'),(177,'Can add group result',45,'add_groupresult'),(178,'Can change group result',45,'change_groupresult'),(179,'Can delete group result',45,'delete_groupresult'),(180,'Can view group result',45,'view_groupresult'),(181,'Can add crontab',46,'add_crontabschedule'),(182,'Can change crontab',46,'change_crontabschedule'),(183,'Can delete crontab',46,'delete_crontabschedule'),(184,'Can view crontab',46,'view_crontabschedule'),(185,'Can add interval',47,'add_intervalschedule'),(186,'Can change interval',47,'change_intervalschedule'),(187,'Can delete interval',47,'delete_intervalschedule'),(188,'Can view interval',47,'view_intervalschedule'),(189,'Can add periodic task',48,'add_periodictask'),(190,'Can change periodic task',48,'change_periodictask'),(191,'Can delete periodic task',48,'delete_periodictask'),(192,'Can view periodic task',48,'view_periodictask'),(193,'Can add periodic tasks',49,'add_periodictasks'),(194,'Can change periodic tasks',49,'change_periodictasks'),(195,'Can delete periodic tasks',49,'delete_periodictasks'),(196,'Can view periodic tasks',49,'view_periodictasks'),(197,'Can add solar event',50,'add_solarschedule'),(198,'Can change solar event',50,'change_solarschedule'),(199,'Can delete solar event',50,'delete_solarschedule'),(200,'Can view solar event',50,'view_solarschedule'),(201,'Can add clocked',51,'add_clockedschedule'),(202,'Can change clocked',51,'change_clockedschedule'),(203,'Can delete clocked',51,'delete_clockedschedule'),(204,'Can view clocked',51,'view_clockedschedule'),(205,'Can add 系统配置表',52,'add_systemconfig'),(206,'Can change 系统配置表',52,'change_systemconfig'),(207,'Can delete 系统配置表',52,'delete_systemconfig'),(208,'Can view 系统配置表',52,'view_systemconfig');

#
# Structure for table "auth_group_permissions"
#

CREATE TABLE `auth_group_permissions` (
  `id` bigint(20) NOT NULL AUTO_INCREMENT,
  `group_id` int(11) NOT NULL,
  `permission_id` int(11) NOT NULL,
  PRIMARY KEY (`id`),
  UNIQUE KEY `auth_group_permissions_group_id_permission_id_0cd325b0_uniq` (`group_id`,`permission_id`),
  KEY `auth_group_permissio_permission_id_84c5c92e_fk_auth_perm` (`permission_id`),
  CONSTRAINT `auth_group_permissio_permission_id_84c5c92e_fk_auth_perm` FOREIGN KEY (`permission_id`) REFERENCES `auth_permission` (`id`),
  CONSTRAINT `auth_group_permissions_group_id_b120cbf9_fk_auth_group_id` FOREIGN KEY (`group_id`) REFERENCES `auth_group` (`id`)
) ENGINE=InnoDB DEFAULT CHARSET=utf8mb4;

#
# Data for table "auth_group_permissions"
#


#
# Structure for table "django_migrations"
#

CREATE TABLE `django_migrations` (
  `id` bigint(20) NOT NULL AUTO_INCREMENT,
  `app` varchar(255) NOT NULL,
  `name` varchar(255) NOT NULL,
  `applied` datetime(6) NOT NULL,
  PRIMARY KEY (`id`)
) ENGINE=InnoDB AUTO_INCREMENT=76 DEFAULT CHARSET=utf8mb4;

#
# Data for table "django_migrations"
#

REPLACE INTO `django_migrations` VALUES (1,'contenttypes','0001_initial','2022-06-27 13:55:53.748972'),(2,'contenttypes','0002_remove_content_type_name','2022-06-27 13:55:53.787329'),(3,'auth','0001_initial','2022-06-27 13:55:53.890403'),(4,'auth','0002_alter_permission_name_max_length','2022-06-27 13:55:53.913113'),(5,'auth','0003_alter_user_email_max_length','2022-06-27 13:55:53.918102'),(6,'auth','0004_alter_user_username_opts','2022-06-27 13:55:53.922090'),(7,'auth','0005_alter_user_last_login_null','2022-06-27 13:55:53.928074'),(8,'auth','0006_require_contenttypes_0002','2022-06-27 13:55:53.929641'),(9,'auth','0007_alter_validators_add_error_messages','2022-06-27 13:55:53.934220'),(10,'auth','0008_alter_user_username_max_length','2022-06-27 13:55:53.938209'),(11,'auth','0009_alter_user_last_name_max_length','2022-06-27 13:55:53.942192'),(12,'auth','0010_alter_group_name_max_length','2022-06-27 13:55:53.953329'),(13,'auth','0011_update_proxy_permissions','2022-06-27 13:55:53.958316'),(14,'auth','0012_alter_user_first_name_max_length','2022-06-27 13:55:53.963303'),(15,'mysystem','0001_initial','2022-06-27 13:55:54.513606'),(18,'admin','0001_initial','2022-06-27 13:55:54.654455'),(19,'admin','0002_logentry_remove_auto_add','2022-06-27 13:55:54.673376'),(20,'admin','0003_logentry_add_action_flag_choices','2022-06-27 13:55:54.725238'),(21,'captcha','0001_initial','2022-06-27 13:55:54.737297'),(22,'captcha','0002_alter_captchastore_id','2022-06-27 13:55:54.741287'),(23,'lymessages','0001_initial','2022-06-27 13:55:54.790558'),(24,'lymessages','0002_initial','2022-06-27 13:55:54.966977'),(25,'oauth','0001_initial','2022-06-27 13:55:55.027418'),(26,'platformsettings','0001_initial','2022-06-27 13:55:55.094296'),(27,'sessions','0001_initial','2022-06-27 13:55:55.113233'),(28,'lymonitor','0001_initial','2022-07-09 12:09:04.885260'),(29,'lywebsocket','0001_initial','2022-07-17 17:05:46.479597'),(30,'lywebsocket','0002_terminalserver_port','2022-07-17 17:47:03.222975'),(32,'platformsettings','0002_lunbotumanage_link_type_alter_lunbotumanage_link_and_more','2022-07-28 23:11:27.979944'),(33,'mall','0001_initial','2022-07-28 23:18:16.290271'),(34,'mall','0002_alter_sku_options_alter_skuspecification_options_and_more','2022-07-31 22:47:25.341862'),(35,'django_celery_beat','0001_initial','2022-10-23 09:55:18.293036'),(36,'django_celery_beat','0002_auto_20161118_0346','2022-10-23 09:55:18.402212'),(37,'django_celery_beat','0003_auto_20161209_0049','2022-10-23 09:55:18.433176'),(38,'django_celery_beat','0004_auto_20170221_0000','2022-10-23 09:55:18.441921'),(39,'django_celery_beat','0005_add_solarschedule_events_choices','2022-10-23 09:55:18.450929'),(40,'django_celery_beat','0006_auto_20180322_0932','2022-10-23 09:55:18.535599'),(41,'django_celery_beat','0007_auto_20180521_0826','2022-10-23 09:55:18.652596'),(42,'django_celery_beat','0008_auto_20180914_1922','2022-10-23 09:55:18.670194'),(43,'django_celery_beat','0006_auto_20180210_1226','2022-10-23 09:55:18.683140'),(44,'django_celery_beat','0006_periodictask_priority','2022-10-23 09:55:18.746533'),(45,'django_celery_beat','0009_periodictask_headers','2022-10-23 09:55:18.803436'),(46,'django_celery_beat','0010_auto_20190429_0326','2022-10-23 09:55:18.883826'),(47,'django_celery_beat','0011_auto_20190508_0153','2022-10-23 09:55:18.988147'),(48,'django_celery_beat','0012_periodictask_expire_seconds','2022-10-23 09:55:19.049062'),(49,'django_celery_beat','0013_auto_20200609_0727','2022-10-23 09:55:19.058651'),(50,'django_celery_beat','0014_remove_clockedschedule_enabled','2022-10-23 09:55:19.105641'),(51,'django_celery_beat','0015_edit_solarschedule_events_choices','2022-10-23 09:55:19.115018'),(52,'django_celery_beat','0016_alter_crontabschedule_timezone','2022-10-23 09:55:19.124035'),(53,'django_celery_results','0001_initial','2022-10-23 09:55:19.178461'),(54,'django_celery_results','0002_add_task_name_args_kwargs','2022-10-23 09:55:19.336008'),(55,'django_celery_results','0003_auto_20181106_1101','2022-10-23 09:55:19.349672'),(56,'django_celery_results','0004_auto_20190516_0412','2022-10-23 09:55:19.440410'),(57,'django_celery_results','0005_taskresult_worker','2022-10-23 09:55:19.533985'),(58,'django_celery_results','0006_taskresult_date_created','2022-10-23 09:55:19.647751'),(59,'django_celery_results','0007_remove_taskresult_hidden','2022-10-23 09:55:19.714334'),(60,'django_celery_results','0008_chordcounter','2022-10-23 09:55:19.744689'),(61,'django_celery_results','0009_groupresult','2022-10-23 09:55:20.581146'),(62,'django_celery_results','0010_remove_duplicate_indices','2022-10-23 09:55:20.594296'),(63,'django_celery_results','0011_taskresult_periodic_task_name','2022-10-23 09:55:20.660684'),(64,'mysystem','0002_alter_users_identity_alter_users_mobile','2022-10-23 09:55:20.718751'),(65,'oauth','0002_alter_oauthwxuser_mobilephonenumber','2022-10-23 09:55:20.797735'),(66,'platformsettings','0003_alter_othermanage_type','2022-10-23 09:55:20.826744'),(67,'platformsettings','0004_alter_othermanage_options','2022-10-30 11:02:23.618825'),(68,'platformsettings','0005_systemconfig','2022-11-13 16:53:19.885194'),(69,'platformsettings','0006_alter_systemconfig_form_item_type','2022-12-26 14:08:54.441693'),(70,'platformsettings','0007_alter_systemconfig_data_options_and_more','2022-12-26 14:08:54.700890'),(71,'platformsettings','0008_alter_systemconfig_form_item_type','2022-12-26 14:24:25.238443'),(73,'django_celery_beat','0017_alter_crontabschedule_month_of_year','2023-11-13 15:15:53.997147'),(74,'django_celery_beat','0018_improve_crontab_helptext','2023-11-13 15:15:54.013110'),(75,'address','0001_initial','2023-11-13 15:15:54.013110');

#
# Structure for table "django_session"
#

CREATE TABLE `django_session` (
  `session_key` varchar(40) NOT NULL,
  `session_data` longtext NOT NULL,
  `expire_date` datetime(6) NOT NULL,
  PRIMARY KEY (`session_key`),
  KEY `django_session_expire_date_a5c62663` (`expire_date`)
) ENGINE=InnoDB DEFAULT CHARSET=utf8mb4 COMMENT='session';

#
# Data for table "django_session"
#


#
# Structure for table "lyadmin_button"
#

CREATE TABLE `lyadmin_button` (
  `id` varchar(100) NOT NULL COMMENT 'Id',
  `description` varchar(100) DEFAULT NULL COMMENT '描述',
  `modifier` varchar(100) DEFAULT NULL COMMENT '修改人',
  `dept_belong_id` varchar(100) DEFAULT NULL COMMENT '数据归属部门',
  `update_datetime` datetime(6) DEFAULT NULL COMMENT '修改时间',
  `create_datetime` datetime(6) DEFAULT NULL COMMENT '创建时间',
  `name` varchar(64) NOT NULL COMMENT '权限名称',
  `value` varchar(64) NOT NULL COMMENT '权限值',
  `creator_id` varchar(100) DEFAULT NULL COMMENT '创建人',
  PRIMARY KEY (`id`),
  KEY `lyadmin_button_creator_id_8ed6f8c5` (`creator_id`)
) ENGINE=InnoDB DEFAULT CHARSET=utf8mb4 COMMENT='权限标识表';

#
# Data for table "lyadmin_button"
#

REPLACE INTO `lyadmin_button` VALUES ('09134d7643504804a6c7cc3d16e06684',NULL,'456b688c-8ad5-46de-bc2e-d41d8047bd42',NULL,'2022-10-25 23:09:53.863898','2022-10-25 23:09:53.863898','日志','Logs','456b688c-8ad5-46de-bc2e-d41d8047bd42'),('2d763a6d6dcf409d87056efd06aace0a',NULL,NULL,NULL,'2022-06-27 13:56:06.159513','2022-06-27 13:56:06.159513','修改密码','Changepassword',NULL),('43d89c33967545a387a3ac27c02460b6',NULL,'456b688c-8ad5-46de-bc2e-d41d8047bd42',NULL,'2022-08-01 23:16:24.046679','2022-08-01 23:16:24.046679','统计','Statistics','456b688c-8ad5-46de-bc2e-d41d8047bd42'),('4547b93a-36b9-410d-987c-3c52a9b51156',NULL,NULL,NULL,'2022-06-27 13:56:06.149563','2022-06-27 13:56:06.149563','编辑','Update',NULL),('4a410769-6b0a-4ed3-90f0-b5d89a6f802c',NULL,NULL,NULL,'2022-06-27 13:56:06.151529','2022-06-27 13:56:06.151529','删除','Delete',NULL),('5bf695439e9d4c4d9601bf4fb558b3a2',NULL,'456b688c-8ad5-46de-bc2e-d41d8047bd42',NULL,'2022-10-26 00:05:18.024132','2022-10-26 00:05:18.024132','任务列表','Tasklist','456b688c-8ad5-46de-bc2e-d41d8047bd42'),('644e9c34-e3d6-4518-b795-a603a6e9a137',NULL,NULL,NULL,'2022-06-27 13:56:06.153525','2022-06-27 13:56:06.153525','单例','Retrieve',NULL),('6e0a41e5308c44a8b0d2785e05b2c07a',NULL,NULL,NULL,'2022-06-27 13:56:06.161507','2022-06-27 13:56:06.161507','禁用','Disable',NULL),('80cb145b-5035-4517-a28a-7d59426f73f8',NULL,NULL,NULL,'2022-06-27 13:56:06.154522','2022-06-27 13:56:06.154522','新增','Create',NULL),('83a9b774-4669-4d2f-b61d-8ee4944c2316',NULL,NULL,NULL,'2022-06-27 13:56:06.158517','2022-06-27 13:56:06.158517','保存','Save',NULL),('c66a0ab23a6044189ae0beb530ac68cf',NULL,'456b688c-8ad5-46de-bc2e-d41d8047bd42',NULL,'2022-08-01 23:16:11.387119','2022-08-01 23:16:11.387119','发货','Deliver','456b688c-8ad5-46de-bc2e-d41d8047bd42'),('ccc3f35f-c80c-4929-b8cc-67531698f397',NULL,NULL,NULL,'2022-06-27 13:56:06.156517','2022-06-27 13:56:06.156517','查询','Search',NULL),('f3f365e9bfab44f587cbd91e3691ef0f',NULL,'456b688c-8ad5-46de-bc2e-d41d8047bd42',NULL,'2022-07-18 10:33:33.017933','2022-07-18 10:33:33.017933','终端','Terminal','456b688c-8ad5-46de-bc2e-d41d8047bd42');

#
# Structure for table "lyadmin_dept"
#

CREATE TABLE `lyadmin_dept` (
  `id` varchar(100) NOT NULL COMMENT 'Id',
  `description` varchar(100) DEFAULT NULL COMMENT '描述',
  `modifier` varchar(100) DEFAULT NULL COMMENT '修改人',
  `dept_belong_id` varchar(100) DEFAULT NULL COMMENT '数据归属部门',
  `update_datetime` datetime(6) DEFAULT NULL COMMENT '修改时间',
  `create_datetime` datetime(6) DEFAULT NULL COMMENT '创建时间',
  `name` varchar(64) NOT NULL COMMENT '部门名称',
  `sort` int(11) NOT NULL COMMENT '显示排序',
  `owner` varchar(32) DEFAULT NULL COMMENT '负责人',
  `phone` varchar(32) DEFAULT NULL COMMENT '联系电话',
  `email` varchar(32) DEFAULT NULL COMMENT '邮箱',
  `status` smallint(6) DEFAULT NULL COMMENT '部门状态',
  `creator_id` varchar(100) DEFAULT NULL COMMENT '创建人',
  `parent_id` varchar(100) DEFAULT NULL COMMENT '上级部门',
  PRIMARY KEY (`id`),
  KEY `lyadmin_dept_creator_id_bb4dafb6` (`creator_id`),
  KEY `lyadmin_dept_parent_id_c856ab90` (`parent_id`)
) ENGINE=InnoDB DEFAULT CHARSET=utf8mb4 COMMENT='部门表';

#
# Data for table "lyadmin_dept"
#

REPLACE INTO `lyadmin_dept` VALUES ('cae96ade-7483-4827-bb0d-d2bd63ec1cc4',NULL,NULL,NULL,'2022-06-27 13:56:06.141286','2022-06-27 13:56:06.141286','财务部门',1,NULL,NULL,NULL,1,NULL,'d2c03bd9-dad0-4262-88ca-c3681d224fc3'),('d2c03bd9-dad0-4262-88ca-c3681d224fc3',NULL,NULL,NULL,'2022-06-27 13:56:06.144084','2022-06-27 13:56:06.144084','lyadmin团队',1,NULL,NULL,NULL,1,NULL,NULL),('fd8230ca-67bd-4347-8a9b-57eb19be5d9e',NULL,NULL,NULL,'2022-06-27 13:56:06.146078','2022-06-27 13:56:06.146078','研发部门',2,NULL,NULL,NULL,1,NULL,'d2c03bd9-dad0-4262-88ca-c3681d224fc3');

#
# Structure for table "lyadmin_dictionary"
#

CREATE TABLE `lyadmin_dictionary` (
  `id` varchar(100) NOT NULL COMMENT 'Id',
  `description` varchar(100) DEFAULT NULL COMMENT '描述',
  `modifier` varchar(100) DEFAULT NULL COMMENT '修改人',
  `dept_belong_id` varchar(100) DEFAULT NULL COMMENT '数据归属部门',
  `update_datetime` datetime(6) DEFAULT NULL COMMENT '修改时间',
  `create_datetime` datetime(6) DEFAULT NULL COMMENT '创建时间',
  `code` varchar(100) DEFAULT NULL COMMENT '编码',
  `name` varchar(100) DEFAULT NULL COMMENT '名称',
  `status` smallint(6) NOT NULL COMMENT '状态',
  `sort` int(11) DEFAULT NULL COMMENT '显示排序',
  `remark` varchar(255) DEFAULT NULL COMMENT '备注',
  `creator_id` varchar(100) DEFAULT NULL COMMENT '创建人',
  `parent_id` varchar(100) DEFAULT NULL COMMENT '父级',
  PRIMARY KEY (`id`),
  UNIQUE KEY `code` (`code`),
  KEY `lyadmin_dictionary_creator_id_f75d1c0b` (`creator_id`),
  KEY `lyadmin_dictionary_parent_id_9d47f813` (`parent_id`)
) ENGINE=InnoDB DEFAULT CHARSET=utf8mb4 COMMENT='字典表';

#
# Data for table "lyadmin_dictionary"
#


#
# Structure for table "lyadmin_dictionary_detail"
#

CREATE TABLE `lyadmin_dictionary_detail` (
  `id` varchar(100) NOT NULL COMMENT 'Id',
  `description` varchar(100) DEFAULT NULL COMMENT '描述',
  `modifier` varchar(100) DEFAULT NULL COMMENT '修改人',
  `dept_belong_id` varchar(100) DEFAULT NULL COMMENT '数据归属部门',
  `update_datetime` datetime(6) DEFAULT NULL COMMENT '修改时间',
  `create_datetime` datetime(6) DEFAULT NULL COMMENT '创建时间',
  `code` varchar(100) DEFAULT NULL COMMENT '编码',
  `label` varchar(100) DEFAULT NULL COMMENT '显示名称',
  `value` varchar(100) DEFAULT NULL COMMENT '实际值',
  `status` smallint(6) NOT NULL COMMENT '状态',
  `remark` varchar(255) DEFAULT NULL COMMENT '备注',
  `creator_id` varchar(100) DEFAULT NULL COMMENT '创建人',
  `dict_id` varchar(100) DEFAULT NULL COMMENT '关联主表',
  PRIMARY KEY (`id`),
  KEY `lyadmin_dictionary_detail_creator_id_6422260d` (`creator_id`),
  KEY `lyadmin_dictionary_detail_dict_id_418a11f9` (`dict_id`)
) ENGINE=InnoDB DEFAULT CHARSET=utf8mb4 COMMENT='字典详细表';

#
# Data for table "lyadmin_dictionary_detail"
#


#
# Structure for table "lyadmin_login_log"
#

CREATE TABLE `lyadmin_login_log` (
  `id` varchar(100) NOT NULL COMMENT 'Id',
  `description` varchar(100) DEFAULT NULL COMMENT '描述',
  `modifier` varchar(100) DEFAULT NULL COMMENT '修改人',
  `dept_belong_id` varchar(100) DEFAULT NULL COMMENT '数据归属部门',
  `update_datetime` datetime(6) DEFAULT NULL COMMENT '修改时间',
  `create_datetime` datetime(6) DEFAULT NULL COMMENT '创建时间',
  `username` varchar(32) DEFAULT NULL COMMENT '登录用户名',
  `ip` varchar(32) DEFAULT NULL COMMENT '登录ip',
  `agent` varchar(1500) DEFAULT NULL COMMENT 'agent信息',
  `browser` varchar(200) DEFAULT NULL COMMENT '浏览器名',
  `os` varchar(150) DEFAULT NULL COMMENT '操作系统',
  `login_type` int(11) NOT NULL COMMENT '登录类型',
  `creator_id` varchar(100) DEFAULT NULL COMMENT '创建人',
  PRIMARY KEY (`id`),
  KEY `lyadmin_login_log_creator_id_2aae8b60` (`creator_id`)
) ENGINE=InnoDB DEFAULT CHARSET=utf8mb4 COMMENT='登录日志';

#
# Data for table "lyadmin_login_log"
#

REPLACE INTO `lyadmin_login_log` VALUES ('01dac32a5f604181b2f70bb9c22f873f',NULL,NULL,'d2c03bd9-dad0-4262-88ca-c3681d224fc3','2022-11-02 14:38:57.045124','2022-11-02 14:38:57.045124','superadmin','127.0.0.1','PC / Windows 10 / Chrome 106.0.0','Chrome 106.0.0','Windows 10',1,'456b688c-8ad5-46de-bc2e-d41d8047bd42'),('02bab9a287084803851835f574e1f157',NULL,NULL,'d2c03bd9-dad0-4262-88ca-c3681d224fc3','2022-11-02 14:59:37.265700','2022-11-02 14:59:37.265700','superadmin','127.0.0.1','PC / Windows 10 / Chrome 106.0.0','Chrome 106.0.0','Windows 10',1,'456b688c-8ad5-46de-bc2e-d41d8047bd42'),('044afb25297e465398b4c2af1adfc430',NULL,NULL,'d2c03bd9-dad0-4262-88ca-c3681d224fc3','2022-11-02 14:32:15.783705','2022-11-02 14:32:15.783705','superadmin','127.0.0.1','PC / Windows 10 / Chrome 106.0.0','Chrome 106.0.0','Windows 10',1,'456b688c-8ad5-46de-bc2e-d41d8047bd42'),('277174d7a6a145a5b2bac1b111cba012',NULL,NULL,'d2c03bd9-dad0-4262-88ca-c3681d224fc3','2022-10-22 20:41:58.336842','2022-10-22 20:41:58.336842','superadmin','127.0.0.1','PC / Windows 10 / Chrome 106.0.0','Chrome 106.0.0','Windows 10',1,'456b688c-8ad5-46de-bc2e-d41d8047bd42'),('2dcf5dd4538f41c39b15ac150ff7515e',NULL,NULL,'d2c03bd9-dad0-4262-88ca-c3681d224fc3','2022-11-02 14:32:28.820114','2022-11-02 14:32:28.820114','superadmin','127.0.0.1','PC / Windows 10 / Chrome 106.0.0','Chrome 106.0.0','Windows 10',1,'456b688c-8ad5-46de-bc2e-d41d8047bd42'),('36c92cb7876f4097b4e5280e4e946330',NULL,NULL,'d2c03bd9-dad0-4262-88ca-c3681d224fc3','2022-11-02 14:28:17.818701','2022-11-02 14:28:17.818701','superadmin','127.0.0.1','PC / Windows 10 / Chrome 106.0.0','Chrome 106.0.0','Windows 10',1,'456b688c-8ad5-46de-bc2e-d41d8047bd42'),('3d0ad55e518d4751a5b8ebf7a57160d6',NULL,NULL,'d2c03bd9-dad0-4262-88ca-c3681d224fc3','2022-11-02 14:33:02.131471','2022-11-02 14:33:02.131471','superadmin','127.0.0.1','PC / Windows 10 / Chrome 106.0.0','Chrome 106.0.0','Windows 10',1,'456b688c-8ad5-46de-bc2e-d41d8047bd42'),('3d24543b50984bb4a3823cc8b354fc8d',NULL,NULL,'d2c03bd9-dad0-4262-88ca-c3681d224fc3','2022-10-29 11:04:38.236059','2022-10-29 11:04:38.236059','superadmin','127.0.0.1','PC / Windows 10 / Chrome 106.0.0','Chrome 106.0.0','Windows 10',1,'456b688c-8ad5-46de-bc2e-d41d8047bd42'),('41334fd06cb344dbb71e1962b3db7747',NULL,NULL,'d2c03bd9-dad0-4262-88ca-c3681d224fc3','2022-10-24 21:19:16.635721','2022-10-24 21:19:16.635721','superadmin','127.0.0.1','PC / Windows 10 / Chrome 106.0.0','Chrome 106.0.0','Windows 10',1,'456b688c-8ad5-46de-bc2e-d41d8047bd42'),('48b7ac4753194681be03bea2a365d006',NULL,NULL,'d2c03bd9-dad0-4262-88ca-c3681d224fc3','2022-11-02 14:11:14.266591','2022-11-02 14:11:14.266591','superadmin','127.0.0.1','PC / Windows 10 / Chrome 106.0.0','Chrome 106.0.0','Windows 10',1,'456b688c-8ad5-46de-bc2e-d41d8047bd42'),('58db56729b02424fab6e6f1055e30b17',NULL,NULL,'d2c03bd9-dad0-4262-88ca-c3681d224fc3','2022-10-24 17:28:21.946728','2022-10-24 17:28:21.946728','superadmin','127.0.0.1','PC / Windows 10 / Chrome 106.0.0','Chrome 106.0.0','Windows 10',1,'456b688c-8ad5-46de-bc2e-d41d8047bd42'),('593f5858843d4ab69378b68b01919fe3',NULL,NULL,'d2c03bd9-dad0-4262-88ca-c3681d224fc3','2022-10-25 23:32:02.749615','2022-10-25 23:32:02.749615','superadmin','127.0.0.1','PC / Windows 10 / Chrome 106.0.0','Chrome 106.0.0','Windows 10',1,'456b688c-8ad5-46de-bc2e-d41d8047bd42'),('5a539edb45dd49d097862963c1fee28a',NULL,NULL,'d2c03bd9-dad0-4262-88ca-c3681d224fc3','2022-11-02 14:28:28.513047','2022-11-02 14:28:28.513047','superadmin','127.0.0.1','PC / Windows 10 / Chrome 106.0.0','Chrome 106.0.0','Windows 10',1,'456b688c-8ad5-46de-bc2e-d41d8047bd42'),('5b83c20e8186452cbec43cd1e4541c3b',NULL,NULL,'d2c03bd9-dad0-4262-88ca-c3681d224fc3','2022-11-13 19:29:29.939438','2022-11-13 19:29:29.939438','superadmin','127.0.0.1','PC / Windows 10 / Chrome 107.0.0','Chrome 107.0.0','Windows 10',1,'456b688c-8ad5-46de-bc2e-d41d8047bd42'),('634ed476fe6847cca27c53039c9f8262',NULL,NULL,'d2c03bd9-dad0-4262-88ca-c3681d224fc3','2022-10-23 10:58:12.433010','2022-10-23 10:58:12.433010','superadmin','127.0.0.1','PC / Windows 10 / Chrome 106.0.0','Chrome 106.0.0','Windows 10',1,'456b688c-8ad5-46de-bc2e-d41d8047bd42'),('69e7ee8faae74ce09e8e4173dda1414e',NULL,NULL,'d2c03bd9-dad0-4262-88ca-c3681d224fc3','2022-11-02 14:45:18.137031','2022-11-02 14:45:18.137031','superadmin','127.0.0.1','PC / Windows 10 / Chrome 106.0.0','Chrome 106.0.0','Windows 10',1,'456b688c-8ad5-46de-bc2e-d41d8047bd42'),('6d67b2f1bb7a4561af7b3906134d66d3',NULL,NULL,'d2c03bd9-dad0-4262-88ca-c3681d224fc3','2022-11-02 14:34:13.464796','2022-11-02 14:34:13.464796','superadmin','127.0.0.1','PC / Windows 10 / Chrome 106.0.0','Chrome 106.0.0','Windows 10',1,'456b688c-8ad5-46de-bc2e-d41d8047bd42'),('77d0a61e37e446e4ac2aacc3caec8845',NULL,NULL,'d2c03bd9-dad0-4262-88ca-c3681d224fc3','2022-11-02 14:58:39.275180','2022-11-02 14:58:39.275180','superadmin','127.0.0.1','PC / Windows 10 / Chrome 106.0.0','Chrome 106.0.0','Windows 10',1,'456b688c-8ad5-46de-bc2e-d41d8047bd42'),('7b3e2857f810483781ec72f41d29ec36',NULL,NULL,'d2c03bd9-dad0-4262-88ca-c3681d224fc3','2022-11-03 08:57:44.522814','2022-11-03 08:57:44.522814','superadmin','127.0.0.1','PC / Windows 10 / Chrome 106.0.0','Chrome 106.0.0','Windows 10',1,'456b688c-8ad5-46de-bc2e-d41d8047bd42'),('7b98eae7ad7c4f3fbbc8a8f91fc885a3',NULL,NULL,'d2c03bd9-dad0-4262-88ca-c3681d224fc3','2022-11-13 15:57:08.239500','2022-11-13 15:57:08.239500','superadmin','127.0.0.1','PC / Windows 10 / Chrome 107.0.0','Chrome 107.0.0','Windows 10',1,'456b688c-8ad5-46de-bc2e-d41d8047bd42'),('8367ea7e2f004a4f9fcd762af21102bc',NULL,NULL,'d2c03bd9-dad0-4262-88ca-c3681d224fc3','2022-11-02 14:47:14.609703','2022-11-02 14:47:14.609703','superadmin','127.0.0.1','PC / Windows 10 / Chrome 106.0.0','Chrome 106.0.0','Windows 10',1,'456b688c-8ad5-46de-bc2e-d41d8047bd42'),('8a318122ede6468b90b04cbd14d0ad06',NULL,NULL,'d2c03bd9-dad0-4262-88ca-c3681d224fc3','2022-11-02 14:59:16.894020','2022-11-02 14:59:16.894020','superadmin','127.0.0.1','PC / Windows 10 / Chrome 106.0.0','Chrome 106.0.0','Windows 10',1,'456b688c-8ad5-46de-bc2e-d41d8047bd42'),('9ba456c13f0440028066eb20629d0ebf',NULL,NULL,'d2c03bd9-dad0-4262-88ca-c3681d224fc3','2022-11-02 14:30:14.937349','2022-11-02 14:30:14.937349','superadmin','127.0.0.1','PC / Windows 10 / Chrome 106.0.0','Chrome 106.0.0','Windows 10',1,'456b688c-8ad5-46de-bc2e-d41d8047bd42'),('9bb260326b494028ac893c2ddae52b2a',NULL,NULL,'d2c03bd9-dad0-4262-88ca-c3681d224fc3','2022-11-13 15:49:16.392279','2022-11-13 15:49:16.392279','superadmin','127.0.0.1','PC / Windows 10 / Chrome 107.0.0','Chrome 107.0.0','Windows 10',1,'456b688c-8ad5-46de-bc2e-d41d8047bd42'),('a41b56519dbe430eab305cc76748fc7e',NULL,NULL,'d2c03bd9-dad0-4262-88ca-c3681d224fc3','2022-11-02 14:34:22.074300','2022-11-02 14:34:22.074300','superadmin','127.0.0.1','PC / Windows 10 / Chrome 106.0.0','Chrome 106.0.0','Windows 10',1,'456b688c-8ad5-46de-bc2e-d41d8047bd42'),('b0a5db4c6c344505afa73b5bc357a83b',NULL,NULL,'d2c03bd9-dad0-4262-88ca-c3681d224fc3','2022-11-02 14:26:23.336676','2022-11-02 14:26:23.336676','superadmin','127.0.0.1','PC / Windows 10 / Chrome 106.0.0','Chrome 106.0.0','Windows 10',1,'456b688c-8ad5-46de-bc2e-d41d8047bd42'),('bbc948f0ff8a44f69738c8cc3c30d222',NULL,NULL,'d2c03bd9-dad0-4262-88ca-c3681d224fc3','2022-12-26 14:13:35.739354','2022-12-26 14:13:35.739354','superadmin','127.0.0.1','PC / Windows 10 / Chrome 107.0.0','Chrome 107.0.0','Windows 10',1,'456b688c-8ad5-46de-bc2e-d41d8047bd42'),('bfa2d22a86354772af64096a246ab5c4',NULL,NULL,'d2c03bd9-dad0-4262-88ca-c3681d224fc3','2022-10-25 11:36:16.288896','2022-10-25 11:36:16.288896','superadmin','127.0.0.1','PC / Windows 10 / Chrome 106.0.0','Chrome 106.0.0','Windows 10',1,'456b688c-8ad5-46de-bc2e-d41d8047bd42'),('d372d190bd8a4a5a928049305c336976',NULL,NULL,'d2c03bd9-dad0-4262-88ca-c3681d224fc3','2023-11-13 15:35:12.969744','2023-11-13 15:35:12.969744','superadmin','127.0.0.1','PC / Windows 10 / Chrome 118.0.0','Chrome 118.0.0','Windows 10',1,'456b688c-8ad5-46de-bc2e-d41d8047bd42'),('eb1aebd83bec44f2a8e9d21560d0b1ac',NULL,NULL,'d2c03bd9-dad0-4262-88ca-c3681d224fc3','2022-11-02 14:28:44.078017','2022-11-02 14:28:44.078017','superadmin','127.0.0.1','PC / Windows 10 / Chrome 106.0.0','Chrome 106.0.0','Windows 10',1,'456b688c-8ad5-46de-bc2e-d41d8047bd42'),('eb5dd52660734e8aadb15bc309ef5689',NULL,NULL,'d2c03bd9-dad0-4262-88ca-c3681d224fc3','2022-10-24 20:05:01.526327','2022-10-24 20:05:01.526327','superadmin','127.0.0.1','PC / Windows 10 / Chrome 106.0.0','Chrome 106.0.0','Windows 10',1,'456b688c-8ad5-46de-bc2e-d41d8047bd42'),('f89c3129a60b45e0a0c8009f5167e30c',NULL,NULL,'d2c03bd9-dad0-4262-88ca-c3681d224fc3','2022-10-30 10:56:33.162753','2022-10-30 10:56:33.162753','superadmin','127.0.0.1','PC / Windows 10 / Chrome 106.0.0','Chrome 106.0.0','Windows 10',1,'456b688c-8ad5-46de-bc2e-d41d8047bd42');

#
# Structure for table "lyadmin_menu"
#

CREATE TABLE `lyadmin_menu` (
  `id` varchar(100) NOT NULL COMMENT 'Id',
  `description` varchar(100) DEFAULT NULL COMMENT '描述',
  `modifier` varchar(100) DEFAULT NULL COMMENT '修改人',
  `dept_belong_id` varchar(100) DEFAULT NULL COMMENT '数据归属部门',
  `update_datetime` datetime(6) DEFAULT NULL COMMENT '修改时间',
  `create_datetime` datetime(6) DEFAULT NULL COMMENT '创建时间',
  `icon` varchar(64) DEFAULT NULL COMMENT '菜单图标',
  `name` varchar(64) NOT NULL COMMENT '菜单名称',
  `sort` int(11) DEFAULT NULL COMMENT '显示排序',
  `is_link` smallint(6) NOT NULL COMMENT '是否外链',
  `web_path` varchar(128) DEFAULT NULL COMMENT '路由地址',
  `component` varchar(128) DEFAULT NULL COMMENT '组件地址',
  `component_name` varchar(50) DEFAULT NULL COMMENT '组件名称',
  `status` smallint(6) NOT NULL COMMENT '菜单状态',
  `isautopm` smallint(6) NOT NULL COMMENT '自动创建按钮权限',
  `cache` smallint(6) NOT NULL COMMENT '是否页面缓存',
  `visible` smallint(6) NOT NULL COMMENT '侧边栏中是否显示',
  `creator_id` varchar(100) DEFAULT NULL COMMENT '创建人',
  `parent_id` varchar(100) DEFAULT NULL COMMENT '上级菜单',
  PRIMARY KEY (`id`),
  KEY `lyadmin_menu_creator_id_39b95522` (`creator_id`),
  KEY `lyadmin_menu_parent_id_4a6f3129` (`parent_id`)
) ENGINE=InnoDB DEFAULT CHARSET=utf8mb4 COMMENT='菜单表';

#
# Data for table "lyadmin_menu"
#

REPLACE INTO `lyadmin_menu` VALUES ('02c24003527546359b5a77ae07adc7d5',NULL,'456b688c-8ad5-46de-bc2e-d41d8047bd42',NULL,'2022-07-28 23:20:39.410418','2022-07-28 23:20:39.410418','','地区管理',7,0,'areaManage',NULL,NULL,1,1,0,1,'456b688c-8ad5-46de-bc2e-d41d8047bd42','54f769b0-3dff-416c-8102-e55ec44827cc'),('09a42810d4dd4b2eb939f8eb0b01d9d1',NULL,'456b688c-8ad5-46de-bc2e-d41d8047bd42',NULL,'2022-07-04 21:53:54.572593','2022-07-04 20:52:44.855447','','计划任务',20,0,'crontab',NULL,NULL,1,1,0,1,'456b688c-8ad5-46de-bc2e-d41d8047bd42','77edf447326b4e0dbc6f9719c1de8a12'),('151035da-77a3-4a62-b474-fce6824571fb',NULL,NULL,NULL,'2022-06-27 13:56:06.189196','2022-06-27 13:56:06.189196','','按钮管理',6,0,'buttonManage','system/button','buttonManage',1,0,0,0,NULL,'54f769b0-3dff-416c-8102-e55ec44827cc'),('15c9ebc5-d12f-470a-a560-938a7dc57570',NULL,NULL,NULL,'2022-06-27 13:56:06.185699','2022-06-27 13:56:06.185699','','角色管理',3,0,'roleManage','system/role','role',1,0,0,1,NULL,'54f769b0-3dff-416c-8102-e55ec44827cc'),('244b28685cd14a39a383189981510d4a',NULL,NULL,NULL,'2022-06-27 13:56:06.167116','2022-06-27 13:56:06.167116','user-filled','用户管理',5,0,'userManage',NULL,NULL,1,0,0,1,NULL,NULL),('25735adb-d051-4b7b-bbb7-1154526f3e4c',NULL,'superadmin',NULL,'2022-07-30 21:34:32.844919','2022-06-27 13:56:06.192188','user','个人中心',866,0,'personalCenter',NULL,NULL,1,0,0,1,NULL,NULL),('2a7c0142f7514dacb7999383e4e67aca',NULL,'456b688c-8ad5-46de-bc2e-d41d8047bd42',NULL,'2022-07-28 23:37:41.163539','2022-07-28 23:36:59.277661','WalletFilled','财务管理',299,0,'',NULL,NULL,1,0,0,1,'456b688c-8ad5-46de-bc2e-d41d8047bd42',NULL),('2e07b715d5e24e2ca45997527430e9d3',NULL,'456b688c-8ad5-46de-bc2e-d41d8047bd42',NULL,'2022-07-28 23:35:05.583982','2022-07-28 23:35:05.583982','','商城订单',1,0,'mallOrderManage',NULL,NULL,1,1,0,1,'456b688c-8ad5-46de-bc2e-d41d8047bd42','a524f17e9ac74be3baf9d113f014184c'),('2e3438c8-3ddc-43ff-b8d8-cca328e4856e',NULL,'superadmin',NULL,'2022-07-03 15:19:35.715872','2022-06-27 13:56:06.165122','avatar','管理员管理',3,0,'adminManage',NULL,NULL,1,0,0,1,NULL,NULL),('3171db16eda048ae92b16536fc1241b6',NULL,NULL,NULL,'2022-06-27 13:56:06.173100','2022-06-27 13:56:06.173100','','平台公告',5,0,'messagNotice',NULL,NULL,1,0,0,1,NULL,'d4e2fe169a8b40f3846421ac04e4fccb'),('3c13161f70f1469a913d539e7616c577',NULL,'456b688c-8ad5-46de-bc2e-d41d8047bd42',NULL,'2022-07-28 23:40:08.355309','2022-07-28 23:40:08.355309','','意见反馈',8,0,'userFeekback',NULL,NULL,1,1,0,1,'456b688c-8ad5-46de-bc2e-d41d8047bd42','d4e2fe169a8b40f3846421ac04e4fccb'),('4236eb70-1558-43a0-9cf2-037230c547f9',NULL,NULL,NULL,'2022-06-27 13:56:06.177090','2022-06-27 13:56:06.177090','','部门管理',1,0,'departmentManage','system/dept','dept',1,0,0,1,NULL,'54f769b0-3dff-416c-8102-e55ec44827cc'),('49160b589f004e44b3920c82583c2581',NULL,'d1431450-5068-4461-b57e-7862c005a547','d2c03bd9-dad0-4262-88ca-c3681d224fc3','2022-11-13 15:56:43.159810','2022-11-13 15:56:43.159810','','系统配置',15,0,'systemConfig',NULL,NULL,1,1,0,1,'d1431450-5068-4461-b57e-7862c005a547','d4e2fe169a8b40f3846421ac04e4fccb'),('4ba07859-8b73-4524-a1a6-bbff36d98337',NULL,NULL,NULL,'2022-06-27 13:56:06.179629','2022-06-27 13:56:06.179629','','操作日志',1,0,'journalManage','system/log/operationLog','operationLog',1,0,0,1,NULL,'c236fb6b-ddaa-4deb-b79b-16e42d9f347f'),('54f769b0-3dff-416c-8102-e55ec44827cc',NULL,'superadmin',NULL,'2022-07-29 23:08:25.510853','2022-06-27 13:56:06.190193','tools','系统管理',990,0,'',NULL,NULL,1,0,0,1,NULL,NULL),('56c3f341-4f46-4b04-9cfc-c8a14701707e',NULL,NULL,NULL,'2022-06-27 13:56:06.181311','2022-06-27 13:56:06.181311','','菜单管理',2,0,'menuManage','system/menu','menu',1,0,0,1,NULL,'54f769b0-3dff-416c-8102-e55ec44827cc'),('718daec1b94b456c96d773889648173e',NULL,'456b688c-8ad5-46de-bc2e-d41d8047bd42',NULL,'2022-07-13 21:07:49.624609','2022-07-13 21:07:49.624609','','终端服务',30,0,'terminal',NULL,NULL,1,1,0,1,'456b688c-8ad5-46de-bc2e-d41d8047bd42','77edf447326b4e0dbc6f9719c1de8a12'),('77edf447326b4e0dbc6f9719c1de8a12',NULL,'456b688c-8ad5-46de-bc2e-d41d8047bd42',NULL,'2022-07-29 23:09:12.270076','2022-07-04 21:53:39.904375','TrendCharts','系统监控',888,0,'',NULL,NULL,1,0,0,1,'456b688c-8ad5-46de-bc2e-d41d8047bd42',NULL),('80a340eae92b430abe17635468c2df1d',NULL,NULL,NULL,'2022-10-30 10:56:05.652778','2022-06-27 13:56:06.175095','','参数设置',12,0,'platformSettingsother',NULL,NULL,1,0,0,1,NULL,'d4e2fe169a8b40f3846421ac04e4fccb'),('9065cb5445ac42ef93eb9e75e6287792',NULL,'456b688c-8ad5-46de-bc2e-d41d8047bd42',NULL,'2022-07-03 15:21:19.325170','2022-07-03 15:21:19.325170','DataLine','DashBoard',1,0,'analysis',NULL,NULL,1,1,0,1,'456b688c-8ad5-46de-bc2e-d41d8047bd42',NULL),('a28f8ca682d04c8fb2953fdeb3d9e2e6',NULL,'456b688c-8ad5-46de-bc2e-d41d8047bd42',NULL,'2022-07-28 23:28:27.995427','2022-07-28 23:28:27.995427','GoodsFilled','商城管理',188,0,'',NULL,NULL,1,0,0,1,'456b688c-8ad5-46de-bc2e-d41d8047bd42',NULL),('a524f17e9ac74be3baf9d113f014184c',NULL,'456b688c-8ad5-46de-bc2e-d41d8047bd42',NULL,'2022-07-28 23:36:05.228039','2022-07-28 23:34:37.194181','List','订单管理',199,0,'',NULL,NULL,1,0,0,1,'456b688c-8ad5-46de-bc2e-d41d8047bd42',NULL),('a607e820-36e5-45c0-aabf-85a8e4e2c7ac',NULL,NULL,NULL,'2022-06-27 13:56:06.187402','2022-06-27 13:56:06.187402','','权限管理',4,0,'authorityManage','system/rolePermission','rolePermission',1,0,0,1,NULL,'54f769b0-3dff-416c-8102-e55ec44827cc'),('ae5629946df4497cbec10419e8375dd9',NULL,NULL,NULL,'2022-06-27 13:56:06.171105','2022-06-27 13:56:06.171105','','轮播图设置',1,0,'carouselSettingsimg',NULL,NULL,1,0,0,1,NULL,'d4e2fe169a8b40f3846421ac04e4fccb'),('b999c50996864465b851575e378c5aea',NULL,'456b688c-8ad5-46de-bc2e-d41d8047bd42',NULL,'2022-07-28 23:33:28.192894','2022-07-28 23:33:28.192894','','商品分类',2,0,'goodsType',NULL,NULL,1,1,0,1,'456b688c-8ad5-46de-bc2e-d41d8047bd42','a28f8ca682d04c8fb2953fdeb3d9e2e6'),('bcbeeee5c91a4e2ea2c2a31237e33616',NULL,'456b688c-8ad5-46de-bc2e-d41d8047bd42',NULL,'2022-07-04 21:55:07.612049','2022-07-04 21:54:47.113335','','服务监控',10,0,'server',NULL,NULL,1,1,0,1,'456b688c-8ad5-46de-bc2e-d41d8047bd42','77edf447326b4e0dbc6f9719c1de8a12'),('c236fb6b-ddaa-4deb-b79b-16e42d9f347f',NULL,NULL,NULL,'2022-06-27 13:56:06.194704','2022-06-27 13:56:06.194704','info-filled','日志管理',999,0,'journalManage',NULL,NULL,1,0,0,1,NULL,NULL),('d470ab18859a4472b525e605ae96c325',NULL,'456b688c-8ad5-46de-bc2e-d41d8047bd42',NULL,'2022-07-28 23:32:40.170495','2022-07-28 23:32:40.170495','','商品管理',1,0,'goodsManage',NULL,NULL,1,1,0,1,'456b688c-8ad5-46de-bc2e-d41d8047bd42','a28f8ca682d04c8fb2953fdeb3d9e2e6'),('d4e2fe169a8b40f3846421ac04e4fccb',NULL,'superadmin',NULL,'2022-07-28 23:39:31.143220','2022-06-27 13:56:06.170108','platform','基础管理',9,0,'',NULL,NULL,1,0,0,1,NULL,NULL),('d73f73a399af48cea6a8490ac508d7a0',NULL,'456b688c-8ad5-46de-bc2e-d41d8047bd42',NULL,'2022-06-28 21:24:17.622516','2022-06-28 21:23:46.339354','user-filled','用户管理CRUD',7,0,'userManageCrud',NULL,NULL,1,1,0,1,'456b688c-8ad5-46de-bc2e-d41d8047bd42',NULL),('dc8c173b425048e7a8c9b59513596c7f',NULL,'456b688c-8ad5-46de-bc2e-d41d8047bd42',NULL,'2022-07-28 23:38:06.926563','2022-07-28 23:38:06.926563','','商品财务流水',1,0,'financeStatisticsGoods',NULL,NULL,1,1,0,1,'456b688c-8ad5-46de-bc2e-d41d8047bd42','2a7c0142f7514dacb7999383e4e67aca'),('e0f53902-e901-490c-83f3-331e60b97fcf',NULL,NULL,NULL,'2022-06-27 13:56:06.183705','2022-06-27 13:56:06.183705','','按钮配置',2,0,'buttonConfig','system/ menuButton',NULL,1,0,0,0,NULL,'54f769b0-3dff-416c-8102-e55ec44827cc');

#
# Structure for table "lyadmin_menu_button"
#

CREATE TABLE `lyadmin_menu_button` (
  `id` varchar(100) NOT NULL COMMENT 'Id',
  `description` varchar(100) DEFAULT NULL COMMENT '描述',
  `modifier` varchar(100) DEFAULT NULL COMMENT '修改人',
  `dept_belong_id` varchar(100) DEFAULT NULL COMMENT '数据归属部门',
  `update_datetime` datetime(6) DEFAULT NULL COMMENT '修改时间',
  `create_datetime` datetime(6) DEFAULT NULL COMMENT '创建时间',
  `name` varchar(64) NOT NULL COMMENT '名称',
  `value` varchar(64) NOT NULL COMMENT '权限值',
  `api` varchar(64) NOT NULL COMMENT '接口地址',
  `method` smallint(6) DEFAULT NULL COMMENT '接口请求方法',
  `creator_id` varchar(100) DEFAULT NULL COMMENT '创建人',
  `menu_id` varchar(100) NOT NULL COMMENT '关联菜单',
  PRIMARY KEY (`id`),
  KEY `lyadmin_menu_button_creator_id_e2b5a076` (`creator_id`),
  KEY `lyadmin_menu_button_menu_id_74205633` (`menu_id`)
) ENGINE=InnoDB DEFAULT CHARSET=utf8mb4 COMMENT='菜单权限表';

#
# Data for table "lyadmin_menu_button"
#

REPLACE INTO `lyadmin_menu_button` VALUES ('0088e172566f4ee388092ec2be3584ee',NULL,NULL,NULL,'2022-06-27 13:56:06.287261','2022-06-27 13:56:06.287261','删除','Delete','/api/platformsettings/lunboimg/{id}/',3,NULL,'ae5629946df4497cbec10419e8375dd9'),('0209de89-6b9f-4d8a-84d3-ccfc3cc8b4da',NULL,NULL,NULL,'2022-06-27 13:56:06.201693','2022-06-27 13:56:06.201693','编辑','Update','/api/system/button/{id}/',2,NULL,'151035da-77a3-4a62-b474-fce6824571fb'),('04896a47-0f3a-4e2f-a111-bfe15f9e31c5',NULL,NULL,NULL,'2022-06-27 13:56:06.203687','2022-06-27 13:56:06.203687','编辑','Update','/api/system/menu/{id}/',2,NULL,'56c3f341-4f46-4b04-9cfc-c8a14701707e'),('05932c39ad444ac5aaf880d281620611',NULL,'superadmin',NULL,'2022-08-01 23:11:56.827373','2022-07-28 23:40:08.471133','查询','Search','/api/platformsettings/userfeeckback/',0,NULL,'3c13161f70f1469a913d539e7616c577'),('09a0908dfb0c433c90037851da126e9b',NULL,NULL,NULL,'2022-06-28 21:23:46.377456','2022-06-28 21:23:46.377456','编辑','Update','',0,NULL,'d73f73a399af48cea6a8490ac508d7a0'),('0b5bf0f1caac45beabf54fb5d930187b',NULL,'456b688c-8ad5-46de-bc2e-d41d8047bd42',NULL,'2022-10-25 23:31:40.412955','2022-10-25 23:31:40.412955','日志','Logs','/api/crontab/taskresult/',0,'456b688c-8ad5-46de-bc2e-d41d8047bd42','09a42810d4dd4b2eb939f8eb0b01d9d1'),('0ce04d99cbd249a9af88fe1496591a89',NULL,NULL,NULL,'2022-10-26 00:04:28.355226','2022-07-04 20:52:44.985788','禁用','Disable','/api/crontab/periodictask/enabled/{id}/',2,NULL,'09a42810d4dd4b2eb939f8eb0b01d9d1'),('0d931efc-2f80-418f-b4a0-5251f0a88f69',NULL,NULL,NULL,'2022-06-27 13:56:06.252411','2022-06-27 13:56:06.252411','新增','Create','/api/system/operation_log/',1,NULL,'4ba07859-8b73-4524-a1a6-bbff36d98337'),('103d4310b98e4ff1ba71336af8d4c6c2',NULL,'456b688c-8ad5-46de-bc2e-d41d8047bd42',NULL,'2022-11-16 10:53:17.328615','2022-11-13 15:56:43.175207','新增','Create','/api/platformsettings/sysconfig/',1,NULL,'49160b589f004e44b3920c82583c2581'),('10610c56-cec2-4774-9468-e1c763e59e70',NULL,NULL,NULL,'2022-06-27 13:56:06.253408','2022-06-27 13:56:06.253408','新增','Create','/api/system/dept/',1,NULL,'4236eb70-1558-43a0-9cf2-037230c547f9'),('118ce77cc07140a08d9a92ab8800f2cf',NULL,'superadmin',NULL,'2022-08-01 23:14:14.316050','2022-07-28 23:33:28.308230','单例','Retrieve','/api/mall/goodstype/{id}/',0,NULL,'b999c50996864465b851575e378c5aea'),('11d334fcadf1490e85e6a045126dea78',NULL,'superadmin',NULL,'2022-08-01 23:12:19.447102','2022-07-28 23:40:08.471133','单例','Retrieve','/api/platformsettings/userfeeckback/{id}/',0,NULL,'3c13161f70f1469a913d539e7616c577'),('140166e2-471e-455e-9dcd-05cebbbab95d',NULL,NULL,NULL,'2022-06-27 13:56:06.225629','2022-06-27 13:56:06.225629','查询','Search','/api/system/role/',0,NULL,'15c9ebc5-d12f-470a-a560-938a7dc57570'),('14514da3c11441c2b63f2331e3f897d0',NULL,'456b688c-8ad5-46de-bc2e-d41d8047bd42',NULL,'2022-11-16 10:53:20.480345','2022-11-13 15:56:43.175207','单例','Retrieve','/api/platformsettings/sysconfig/{id}/',0,NULL,'49160b589f004e44b3920c82583c2581'),('14e7088f-a39b-47ae-bd67-b9bbcabae96b',NULL,NULL,NULL,'2022-06-27 13:56:06.270827','2022-06-27 13:56:06.270827','单例','Retrieve','/api/users/users/{id}/',0,NULL,'244b28685cd14a39a383189981510d4a'),('19d01a929bc9414cac1a8defd48597c9',NULL,NULL,NULL,'2022-10-26 00:03:55.514029','2022-07-04 20:52:45.061625','新增','Create','/api/crontab/periodictask/',1,NULL,'09a42810d4dd4b2eb939f8eb0b01d9d1'),('1a0c96cf-09a6-43b4-b08a-0c5b6e2f7bb8',NULL,NULL,NULL,'2022-06-27 13:56:06.306497','2022-06-27 13:56:06.306497','保存','Save','/api/system/permission/{id}/',2,NULL,'a607e820-36e5-45c0-aabf-85a8e4e2c7ac'),('1a16836d2cec4d14a1307b3228e3cfdd',NULL,NULL,NULL,'2022-10-26 00:03:39.767412','2022-07-04 20:52:44.940088','编辑','Update','/api/crontab/periodictask/{id}/',2,NULL,'09a42810d4dd4b2eb939f8eb0b01d9d1'),('1b4f27a7-8ab8-4388-ae57-46e29976cf0e',NULL,NULL,NULL,'2022-06-27 13:56:06.255493','2022-06-27 13:56:06.255493','新增','Create','/api/system/button/',1,NULL,'151035da-77a3-4a62-b474-fce6824571fb'),('1d4441fdc418499f856c23aa4e1be2c0',NULL,NULL,NULL,'2022-06-27 13:56:06.268833','2022-06-27 13:56:06.268833','单例','Retrieve','/api/platformsettings/other/{id}/',0,NULL,'80a340eae92b430abe17635468c2df1d'),('220fa39fd56e47e1ab9558c6bd10106e',NULL,'superadmin',NULL,'2022-08-01 23:13:04.683126','2022-07-28 23:32:40.227672','新增','Create','/api/mall/goodsspu/',1,NULL,'d470ab18859a4472b525e605ae96c325'),('2235160bd56c423880572f5450b94f16',NULL,'superadmin',NULL,'2022-08-01 23:13:08.892253','2022-07-28 23:32:40.228673','单例','Retrieve','/api/mall/goodsspu/{id}/',0,NULL,'d470ab18859a4472b525e605ae96c325'),('264cc3d69f7a46d5a117997e9c78506c',NULL,NULL,NULL,'2022-06-27 13:56:06.289257','2022-06-27 13:56:06.289257','删除','Delete','/api/platformsettings/other/{id}/',3,NULL,'80a340eae92b430abe17635468c2df1d'),('281ad1aad421441a965f7bc6b397eb30',NULL,'456b688c-8ad5-46de-bc2e-d41d8047bd42',NULL,'2022-07-18 10:34:57.549325','2022-07-18 10:34:57.549325','删除','Delete','/api/terminal/terminal/{id}/',3,'456b688c-8ad5-46de-bc2e-d41d8047bd42','718daec1b94b456c96d773889648173e'),('2a3d4756-4d51-4129-b3c4-b2c7a00dbb8a',NULL,NULL,NULL,'2022-06-27 13:56:06.256490','2022-06-27 13:56:06.257488','新增','Create','/api/system/role/',1,NULL,'15c9ebc5-d12f-470a-a560-938a7dc57570'),('2c53efc8-e6a4-4192-8688-03baed0874a4',NULL,NULL,NULL,'2022-06-27 13:56:06.291460','2022-06-27 13:56:06.291460','删除','Delete','/api/system/user/{id}/',3,NULL,'2e3438c8-3ddc-43ff-b8d8-cca328e4856e'),('2c5b748c5dce4f34bd24b1201faf09c2',NULL,'superadmin',NULL,'2022-08-01 23:14:21.042896','2022-07-28 23:33:28.308230','查询','Search','/api/mall/goodstype/',0,NULL,'b999c50996864465b851575e378c5aea'),('324776a3-48ec-4bca-bdd9-1838e2b6f7cc',NULL,NULL,NULL,'2022-06-27 13:56:06.228619','2022-06-27 13:56:06.228619','查询','Search','/api/system/user/',0,NULL,'2e3438c8-3ddc-43ff-b8d8-cca328e4856e'),('353595a28cb1463b830cfbf79fea60b5',NULL,NULL,NULL,'2022-06-27 13:56:06.308464','2022-06-27 13:56:06.308464','禁用','Disable','/api/users/users/disableuser/{id}/',2,NULL,'244b28685cd14a39a383189981510d4a'),('3688b715-4689-468f-bf3e-6f910259f837',NULL,NULL,NULL,'2022-06-27 13:56:06.230614','2022-06-27 13:56:06.230614','查询','Search','/api/system/user/user_info/',0,NULL,'25735adb-d051-4b7b-bbb7-1154526f3e4c'),('3737d4afa1e2437b93e8cdcd7116180a',NULL,'superadmin',NULL,'2022-08-01 23:15:35.531217','2022-07-28 23:35:05.624087','单例','Retrieve','/api/mall/goodsorder/{id}/',0,NULL,'2e07b715d5e24e2ca45997527430e9d3'),('37462e31-3cdf-4576-af10-5958f53b1bef',NULL,NULL,NULL,'2022-06-27 13:56:06.232609','2022-06-27 13:56:06.232609','查询','Search','/api/system/operation_log/',0,NULL,'4ba07859-8b73-4524-a1a6-bbff36d98337'),('3cadf44d739b45d4a94ad23939e19716',NULL,'superadmin',NULL,'2022-08-01 23:15:40.121650','2022-07-28 23:35:05.624087','删除','Delete','/api/mall/goodsorder/{id}/',3,NULL,'2e07b715d5e24e2ca45997527430e9d3'),('3e11db64-b8e8-4558-963b-71d063a7db16',NULL,NULL,NULL,'2022-06-27 13:56:06.205682','2022-06-27 13:56:06.205682','编辑','Update','/api/system/dept/{id}/',2,NULL,'4236eb70-1558-43a0-9cf2-037230c547f9'),('3fd6ae6c-fd76-4465-b2b6-db672f4bd79e',NULL,NULL,NULL,'2022-06-27 13:56:06.293448','2022-06-27 13:56:06.293448','删除','Delete','/api/system/role/{id}/',3,NULL,'15c9ebc5-d12f-470a-a560-938a7dc57570'),('4281eaced4e943ababeefb66a6a7f13d',NULL,'superadmin',NULL,'2022-08-01 23:12:52.747252','2022-07-28 23:32:40.227672','编辑','Update','/api/mall/goodsspu/{id}/',2,NULL,'d470ab18859a4472b525e605ae96c325'),('42ad6e05-7c84-444f-bcae-09de84f4988b',NULL,NULL,NULL,'2022-06-27 13:56:06.234604','2022-06-27 13:56:06.234604','查询','Search','/api/system/menu/',0,NULL,'56c3f341-4f46-4b04-9cfc-c8a14701707e'),('43696212-ecba-4e66-8678-33c9bc935c76',NULL,NULL,NULL,'2022-06-27 13:56:06.236599','2022-06-27 13:56:06.236599','查询','Search','/api/users/users/',0,NULL,'244b28685cd14a39a383189981510d4a'),('43a779c3e1634e84bb1a32c675b5f744',NULL,'superadmin',NULL,'2022-08-01 23:12:58.658399','2022-07-28 23:32:40.227672','查询','Search','/api/mall/goodsspu/',0,NULL,'d470ab18859a4472b525e605ae96c325'),('4450d80871eb44a1aaa4fbb5429885f0',NULL,NULL,NULL,'2022-10-26 00:03:48.087557','2022-07-04 20:52:45.023288','查询','Search','/api/crontab/periodictask/',0,NULL,'09a42810d4dd4b2eb939f8eb0b01d9d1'),('4b73b1669e49495f93de36d63cc2c0d8',NULL,'superadmin',NULL,'2022-08-01 23:15:04.426969','2022-07-28 23:35:05.624087','编辑','Update','/api/mall/goodsorder/{id}/',2,NULL,'2e07b715d5e24e2ca45997527430e9d3'),('4fe4b7f5-0bc8-4375-9f39-747e06ec285a',NULL,NULL,NULL,'2022-06-27 13:56:06.294445','2022-06-27 13:56:06.294445','删除','Delete','/api/system/menu_button/{id}/',3,NULL,'e0f53902-e901-490c-83f3-331e60b97fcf'),('51085c21-2279-490f-8878-594f059f7616',NULL,NULL,NULL,'2022-06-27 13:56:06.296440','2022-06-27 13:56:06.296440','删除','Delete','/api/system/button/{id}/',3,NULL,'151035da-77a3-4a62-b474-fce6824571fb'),('53e6d5a4192c4f0f8bdd7f5647124147',NULL,'456b688c-8ad5-46de-bc2e-d41d8047bd42',NULL,'2022-08-01 23:18:12.051727','2022-08-01 23:18:12.051727','统计','Statistics','/api/mall/goodsforderinfo/orderstatistics/',0,'456b688c-8ad5-46de-bc2e-d41d8047bd42','dc8c173b425048e7a8c9b59513596c7f'),('576008b6046f4afcb88d8139ff34e228',NULL,NULL,NULL,'2022-10-26 00:04:05.356416','2022-07-04 20:52:45.137118','删除','Delete','/api/crontab/periodictask/{id}/',3,NULL,'09a42810d4dd4b2eb939f8eb0b01d9d1'),('59db5099a03f44c8adb883faa340c15a',NULL,NULL,NULL,'2022-06-27 13:56:06.221639','2022-06-27 13:56:06.221639','查询','Search','/api/platformsettings/lunboimg/',0,NULL,'ae5629946df4497cbec10419e8375dd9'),('5aac29b0-5a32-45fb-81c5-437b48f4a5df',NULL,NULL,NULL,'2022-06-27 13:56:06.239397','2022-06-27 13:56:06.239397','查询','Search','/api/system/menu_button/',0,NULL,'e0f53902-e901-490c-83f3-331e60b97fcf'),('5d77d14e-b199-481f-a97d-6e4c0e84fe71',NULL,NULL,NULL,'2022-06-27 13:56:06.207676','2022-06-27 13:56:06.207676','修改密码','Changepassword','/api/system/user/change_password/{id}/',2,NULL,'25735adb-d051-4b7b-bbb7-1154526f3e4c'),('6208f412-6bca-4d7b-a5a0-0103b7ba6091',NULL,NULL,NULL,'2022-06-27 13:56:06.272856','2022-06-27 13:56:06.272856','单例','Retrieve','/api/system/button/{id}/',0,NULL,'151035da-77a3-4a62-b474-fce6824571fb'),('62e89e16b7cf460fbbbb949771156946',NULL,NULL,NULL,'2022-06-28 21:23:46.499751','2022-06-28 21:23:46.499751','单例','Retrieve','',0,NULL,'d73f73a399af48cea6a8490ac508d7a0'),('6300774a-d19c-43ad-8102-d7bf341eff33',NULL,NULL,NULL,'2022-06-27 13:56:06.274561','2022-06-27 13:56:06.274561','单例','Retrieve','/api/system/dept/{id}/',0,NULL,'4236eb70-1558-43a0-9cf2-037230c547f9'),('646e9790-24f5-4606-abc4-0b5eede12f66',NULL,NULL,NULL,'2022-06-27 13:56:06.241497','2022-06-27 13:56:06.241497','查询','Search','/api/system/dept/',0,NULL,'4236eb70-1558-43a0-9cf2-037230c547f9'),('676e32850165441cad01782e453de925',NULL,'superadmin',NULL,'2022-08-01 23:14:29.559247','2022-07-28 23:33:28.308230','新增','Create','/api/mall/goodstype/',1,NULL,'b999c50996864465b851575e378c5aea'),('6a21329f0dcd4781a64fc4f62324e4c0',NULL,'superadmin',NULL,'2022-08-01 23:18:18.674075','2022-07-28 23:38:06.974691','查询','Search','/api/mall/goodsforderinfo/',0,NULL,'dc8c173b425048e7a8c9b59513596c7f'),('6af0929440a345238c28ee9b1fe341ba',NULL,'456b688c-8ad5-46de-bc2e-d41d8047bd42',NULL,'2022-07-18 10:33:53.037646','2022-07-16 21:41:09.432762','终端','Terminal','/ws/webssh/',5,'456b688c-8ad5-46de-bc2e-d41d8047bd42','718daec1b94b456c96d773889648173e'),('6b88361b326a4e55a8a5135c08ba66f1',NULL,NULL,NULL,'2022-06-27 13:56:06.284841','2022-06-27 13:56:06.284841','单例','Retrieve','/api/messages/messagenotice/{id}/',0,NULL,'3171db16eda048ae92b16536fc1241b6'),('6d6b6689d1224900b09c8101b3344f42',NULL,NULL,NULL,'2022-06-27 13:56:06.285840','2022-06-27 13:56:06.285840','单例','Retrieve','/api/system/role_id_to_menu/{id}/',0,NULL,'a607e820-36e5-45c0-aabf-85a8e4e2c7ac'),('6e27757847c64e228934b60ae81baedf',NULL,NULL,NULL,'2022-10-26 00:04:00.698622','2022-07-04 20:52:45.097918','单例','Retrieve','/api/crontab/periodictask/{id}/',0,NULL,'09a42810d4dd4b2eb939f8eb0b01d9d1'),('6e4251a948f348ccaa419a777a118048',NULL,NULL,NULL,'2022-06-27 13:56:06.199697','2022-06-27 13:56:06.199697','编辑','Update','/api/platformsettings/other/{id}/',2,NULL,'80a340eae92b430abe17635468c2df1d'),('6e9d454742f74437928959c02be42456',NULL,'superadmin',NULL,'2022-08-01 23:18:24.012206','2022-07-28 23:38:06.974691','单例','Retrieve','/api/mall/goodsforderinfo/{id}/',0,NULL,'dc8c173b425048e7a8c9b59513596c7f'),('716480cd8ac645239405763834326f7e',NULL,'superadmin',NULL,'2022-08-01 23:14:05.106215','2022-07-28 23:33:28.308230','编辑','Update','/api/mall/goodstype/{id}/',2,NULL,'b999c50996864465b851575e378c5aea'),('77096cd56a6441699345e6e4f22d0ec3',NULL,NULL,NULL,'2022-06-27 13:56:06.250624','2022-06-27 13:56:06.250624','新增','Create','/api/platformsettings/other/',1,NULL,'80a340eae92b430abe17635468c2df1d'),('7aef1da4647844e3944a2745cef1bc6d',NULL,NULL,NULL,'2022-06-27 13:56:06.248754','2022-06-27 13:56:06.248754','新增','Create','/api/platformsettings/lunboimg/',1,NULL,'ae5629946df4497cbec10419e8375dd9'),('80c8eb6939a245e9890dede241b5d1d6',NULL,NULL,NULL,'2022-06-28 21:23:46.410518','2022-06-28 21:23:46.410518','禁用','Disable','',0,NULL,'d73f73a399af48cea6a8490ac508d7a0'),('80efc041695a42e4a9a04c010c6c7004',NULL,NULL,NULL,'2022-06-27 13:56:06.223634','2022-06-27 13:56:06.223634','查询','Search','/api/platformsettings/other/',0,NULL,'80a340eae92b430abe17635468c2df1d'),('8228955d67bc4dc89638b523f58108ee',NULL,'superadmin',NULL,'2022-08-02 11:38:40.959948','2022-07-28 23:20:39.635039','新增','Create','/api/address/area/',1,NULL,'02c24003527546359b5a77ae07adc7d5'),('873138b279274536bc93c2774b1be815',NULL,NULL,NULL,'2022-06-28 21:23:46.440593','2022-06-28 21:23:46.440593','查询','Search','',0,NULL,'d73f73a399af48cea6a8490ac508d7a0'),('875bdfeb-0c34-441d-8ee3-bb93c21e17dd',NULL,NULL,NULL,'2022-06-27 13:56:06.209670','2022-06-27 13:56:06.209670','编辑','Update','/api/users/users/{id}/',2,NULL,'244b28685cd14a39a383189981510d4a'),('8ae924bd-576c-4ae1-92eb-b0a98148baae',NULL,NULL,NULL,'2022-06-27 13:56:06.297757','2022-06-27 13:56:06.298756','删除','Delete','/api/system/menu/{id}/',3,NULL,'56c3f341-4f46-4b04-9cfc-c8a14701707e'),('8b7a0e79-a6ef-4946-87c6-8c042b887e1c',NULL,NULL,NULL,'2022-06-27 13:56:06.275558','2022-06-27 13:56:06.275558','单例','Retrieve','/api/system/operation_log/{id}/',0,NULL,'4ba07859-8b73-4524-a1a6-bbff36d98337'),('8d65733d401c40f8b27cc6bcfed78bc3',NULL,'456b688c-8ad5-46de-bc2e-d41d8047bd42',NULL,'2022-07-18 10:34:34.257924','2022-07-18 10:34:34.257924','新增','Create','/api/terminal/terminal/',1,'456b688c-8ad5-46de-bc2e-d41d8047bd42','718daec1b94b456c96d773889648173e'),('8f465aa674744313890cc8c59d3d0fd2',NULL,'superadmin',NULL,'2022-08-02 11:38:31.173998','2022-07-28 23:20:39.597940','查询','Search','/api/address/area/area_root/',0,NULL,'02c24003527546359b5a77ae07adc7d5'),('9565c5888bd4414c84ecede7af7d1554',NULL,'456b688c-8ad5-46de-bc2e-d41d8047bd42',NULL,'2022-11-16 10:53:26.182032','2022-11-13 15:56:43.175207','删除','Delete','/api/platformsettings/sysconfig/{id}/',3,NULL,'49160b589f004e44b3920c82583c2581'),('96022ae5-6425-47b9-8f89-01edc33eb2b7',NULL,NULL,NULL,'2022-06-27 13:56:06.277792','2022-06-27 13:56:06.277792','单例','Retrieve','/api/system/role/{id}/',0,NULL,'15c9ebc5-d12f-470a-a560-938a7dc57570'),('989ad685ce654dd1b367f41dedfdd0b9',NULL,'superadmin',NULL,'2022-08-01 23:12:24.716344','2022-07-28 23:40:08.471133','删除','Delete','/api/platformsettings/userfeeckback/{id}/',3,NULL,'3c13161f70f1469a913d539e7616c577'),('98c953b2d74d4d9d83d18433a7fc85ba',NULL,'superadmin',NULL,'2022-08-01 23:14:09.732505','2022-07-28 23:33:28.308230','删除','Delete','/api/mall/goodstype/{id}/',3,NULL,'b999c50996864465b851575e378c5aea'),('9e6b2376-1ab0-4966-8d5d-4ad4f911d13c',NULL,NULL,NULL,'2022-06-27 13:56:06.258457','2022-06-27 13:56:06.258457','新增','Create','/api/system/user/',1,NULL,'2e3438c8-3ddc-43ff-b8d8-cca328e4856e'),('9fc8436a-1996-478f-a155-5de7939a54dc',NULL,NULL,NULL,'2022-06-27 13:56:06.260903','2022-06-27 13:56:06.260903','新增','Create','/api/users/users/',1,NULL,'244b28685cd14a39a383189981510d4a'),('a20a200c721c489b9925cdd5b5e6708c',NULL,'superadmin',NULL,'2022-08-02 11:38:57.902026','2022-07-28 23:20:39.726782','删除','Delete','/api/address/area/{id}/',3,NULL,'02c24003527546359b5a77ae07adc7d5'),('a2df144069a44af8afbd5863740e2228',NULL,NULL,NULL,'2022-06-28 21:23:46.469675','2022-06-28 21:23:46.469675','新增','Create','',0,NULL,'d73f73a399af48cea6a8490ac508d7a0'),('a3088120763d49ad93498eb515c7c244',NULL,NULL,NULL,'2022-06-27 13:56:06.267835','2022-06-27 13:56:06.267835','单例','Retrieve','/api/platformsettings/lunboimg/{id}/',0,NULL,'ae5629946df4497cbec10419e8375dd9'),('a45559c4cc6f48e2b7194c2dc577af3a',NULL,'456b688c-8ad5-46de-bc2e-d41d8047bd42',NULL,'2022-08-01 23:13:34.998856','2022-08-01 23:13:34.998856','禁用','Disable','/api/mall/goodsspu/islaunched/{id}/',2,'456b688c-8ad5-46de-bc2e-d41d8047bd42','d470ab18859a4472b525e605ae96c325'),('a69fb746c0aa4bd0b31b1480c9e4dcc0',NULL,'superadmin',NULL,'2022-07-10 11:36:13.663585','2022-07-04 21:54:47.257805','查询','Search','/api/monitor/getsysteminfo/',0,NULL,'bcbeeee5c91a4e2ea2c2a31237e33616'),('abe5c07f-0cab-4053-ac24-e782792e9d7f',NULL,NULL,NULL,'2022-06-27 13:56:06.262849','2022-06-27 13:56:06.262849','新增','Create','/api/system/menu/',1,NULL,'56c3f341-4f46-4b04-9cfc-c8a14701707e'),('ac302c9907b94ab59ac3c40975add57b',NULL,'superadmin',NULL,'2022-08-01 23:13:13.618579','2022-07-28 23:32:40.228673','删除','Delete','/api/mall/goodsspu/{id}/',3,NULL,'d470ab18859a4472b525e605ae96c325'),('acfde861-1872-47e2-a1f1-abeda5175b7f',NULL,NULL,NULL,'2022-06-27 13:56:06.299753','2022-06-27 13:56:06.299753','删除','Delete','/api/system/operation_log/{id}/',3,NULL,'4ba07859-8b73-4524-a1a6-bbff36d98337'),('af60d628-73b1-4c5d-b34e-7c70ab9bd87e',NULL,NULL,NULL,'2022-06-27 13:56:06.243491','2022-06-27 13:56:06.243491','查询','Search','/api/system/button/',0,NULL,'151035da-77a3-4a62-b474-fce6824571fb'),('b10f7d08-2592-4b54-8557-b5ca864a029a',NULL,NULL,NULL,'2022-06-27 13:56:06.301748','2022-06-27 13:56:06.301748','删除','Delete','/api/system/dept/{id}/',3,NULL,'4236eb70-1558-43a0-9cf2-037230c547f9'),('b4cbe8ed35a04155b14c7809fad6b2ef',NULL,'456b688c-8ad5-46de-bc2e-d41d8047bd42',NULL,'2022-07-18 10:35:09.558179','2022-07-18 10:35:09.558179','编辑','Update','/api/terminal/terminal/{id}/',2,'456b688c-8ad5-46de-bc2e-d41d8047bd42','718daec1b94b456c96d773889648173e'),('bb7de9ee-5fd1-46f5-9849-088c522f49c7',NULL,NULL,NULL,'2022-06-27 13:56:06.303743','2022-06-27 13:56:06.303743','删除','Delete','/api/users/users/{id}/',3,NULL,'244b28685cd14a39a383189981510d4a'),('bc114580-e62d-4e08-b707-843759817344',NULL,NULL,NULL,'2022-06-27 13:56:06.211665','2022-06-27 13:56:06.211665','编辑','Update','/api/system/user/{id}/',2,NULL,'2e3438c8-3ddc-43ff-b8d8-cca328e4856e'),('bc6104a0-f487-4dfd-a368-fb587d6d57d8',NULL,NULL,NULL,'2022-06-27 13:56:06.213660','2022-06-27 13:56:06.213660','编辑','Update','/api/system/menu_button/{id}/',2,NULL,'e0f53902-e901-490c-83f3-331e60b97fcf'),('be860f07c5be4114a6ea0ceefb97a22a',NULL,NULL,NULL,'2022-06-28 21:23:46.527856','2022-06-28 21:23:46.527856','删除','Delete','',0,NULL,'d73f73a399af48cea6a8490ac508d7a0'),('bec59f93068a4d7aaaf5b4ccfbc12265',NULL,'456b688c-8ad5-46de-bc2e-d41d8047bd42',NULL,'2022-08-01 23:17:19.950117','2022-08-01 23:17:19.950117','统计','Statistics','/api/mall/goodsorder/orderstatistics/',0,'456b688c-8ad5-46de-bc2e-d41d8047bd42','2e07b715d5e24e2ca45997527430e9d3'),('c2490dfba1644cae8f8ff85e2d6f1d3d',NULL,NULL,NULL,'2022-07-03 15:21:19.444049','2022-07-03 15:21:19.444049','查询','Search','',0,NULL,'9065cb5445ac42ef93eb9e75e6287792'),('c28461a142d7464f8865752c969d82de',NULL,'456b688c-8ad5-46de-bc2e-d41d8047bd42',NULL,'2022-08-01 23:17:35.849075','2022-08-01 23:17:35.849075','发货','Deliver','/api/mall/goodsorder/sendoutgoods/',1,'456b688c-8ad5-46de-bc2e-d41d8047bd42','2e07b715d5e24e2ca45997527430e9d3'),('c2cac9993f9142cca5f531565a14f840',NULL,'superadmin',NULL,'2022-08-01 23:18:30.331326','2022-07-28 23:38:06.974691','删除','Delete','/api/mall/goodsforderinfo/{id}/',3,NULL,'dc8c173b425048e7a8c9b59513596c7f'),('c8eee7f68c1845169b8d2af946502077',NULL,NULL,NULL,'2022-06-27 13:56:06.304489','2022-06-27 13:56:06.305470','删除','Delete','/api/messages/messagenotice/{id}/',3,NULL,'3171db16eda048ae92b16536fc1241b6'),('ca69833045ed4cf78c8586f7e55ba6db',NULL,NULL,NULL,'2022-06-27 13:56:06.219644','2022-06-27 13:56:06.219644','编辑','Update','/api/messages/messagenotice/{id}/',2,NULL,'3171db16eda048ae92b16536fc1241b6'),('cf50028007164569a136fbdeaff7619c',NULL,'superadmin',NULL,'2022-08-02 11:38:17.509976','2022-07-28 23:20:39.447527','编辑','Update','/api/address/area/{id}/',2,NULL,'02c24003527546359b5a77ae07adc7d5'),('d1b3c15f0c664857aeca1d9065d9c499',NULL,NULL,NULL,'2022-06-27 13:56:06.246483','2022-06-27 13:56:06.246483','查询','Search','/api/messages/messagenotice/',0,NULL,'3171db16eda048ae92b16536fc1241b6'),('d22c0176-96e0-48b3-b81e-13443f306af5',NULL,NULL,NULL,'2022-06-27 13:56:06.214657','2022-06-27 13:56:06.214657','编辑','Update','/api/system/role/{id}/',2,NULL,'15c9ebc5-d12f-470a-a560-938a7dc57570'),('d2e0608b5b4941ef8c3ff834977caeef',NULL,NULL,NULL,'2022-06-27 13:56:06.265841','2022-06-27 13:56:06.265841','新增','Create','/api/messages/messagenotice/',1,NULL,'3171db16eda048ae92b16536fc1241b6'),('d419393d77e34f8e9c1eda5893f3bc87',NULL,'456b688c-8ad5-46de-bc2e-d41d8047bd42',NULL,'2022-11-16 10:53:00.742093','2022-11-13 15:56:43.175207','编辑','Update','/api/platformsettings/sysconfig/{id}/',2,NULL,'49160b589f004e44b3920c82583c2581'),('dcc58831-08d1-4469-8b01-fca71e0f497f',NULL,NULL,NULL,'2022-06-27 13:56:06.216652','2022-06-27 13:56:06.216652','编辑','Update','/api/system/user/user_info/',2,NULL,'25735adb-d051-4b7b-bbb7-1154526f3e4c'),('e1ddf86666364a39be76c963c277b009',NULL,'456b688c-8ad5-46de-bc2e-d41d8047bd42',NULL,'2022-07-18 10:34:25.828153','2022-07-18 10:34:25.828153','查询','Search','/api/terminal/terminal/',0,'456b688c-8ad5-46de-bc2e-d41d8047bd42','718daec1b94b456c96d773889648173e'),('e6b93920-2236-46ec-841b-cff6f63ce788',NULL,NULL,NULL,'2022-06-27 13:56:06.218647','2022-06-27 13:56:06.218647','编辑','Update','/api/system/operation_log/{id}/',2,NULL,'4ba07859-8b73-4524-a1a6-bbff36d98337'),('e7fa30290d37447585ea7583d9d01f1b',NULL,NULL,NULL,'2022-06-27 13:56:06.197698','2022-06-27 13:56:06.197698','编辑','Update','/api/platformsettings/lunboimg/{id}/',2,NULL,'ae5629946df4497cbec10419e8375dd9'),('ea18bb51400b482a8aad5dc18357bcab',NULL,'456b688c-8ad5-46de-bc2e-d41d8047bd42',NULL,'2022-07-18 10:34:48.832019','2022-07-18 10:34:48.832019','单例','Retrieve','/api/terminal/terminal/{id}/',0,'456b688c-8ad5-46de-bc2e-d41d8047bd42','718daec1b94b456c96d773889648173e'),('efcbf104971a4266a26d9469e58c1327',NULL,'superadmin',NULL,'2022-08-02 11:38:48.614359','2022-07-28 23:20:39.692186','单例','Retrieve','/api/address/area/{id}/',0,NULL,'02c24003527546359b5a77ae07adc7d5'),('f0e080c0-275d-4085-b56c-735b49510eff',NULL,NULL,NULL,'2022-06-27 13:56:06.279787','2022-06-27 13:56:06.279787','单例','Retrieve','/api/system/user/{id}/',0,NULL,'2e3438c8-3ddc-43ff-b8d8-cca328e4856e'),('f19826f7df9842089cee94a795681b2e',NULL,NULL,NULL,'2022-07-03 15:21:19.526449','2022-07-03 15:21:19.526449','单例','Retrieve','',0,NULL,'9065cb5445ac42ef93eb9e75e6287792'),('f4e0b4aa230b4afba10a7ba58af3c454',NULL,'456b688c-8ad5-46de-bc2e-d41d8047bd42','d2c03bd9-dad0-4262-88ca-c3681d224fc3','2022-11-16 10:54:32.350768','2022-11-16 10:54:32.350768','保存','Save','/api/platformsettings/sysconfig/save_content/{id}/',2,'456b688c-8ad5-46de-bc2e-d41d8047bd42','49160b589f004e44b3920c82583c2581'),('f5818e4cd46947daabe046c511dfbd63',NULL,'superadmin',NULL,'2022-08-01 23:15:19.978173','2022-07-28 23:35:05.624087','查询','Search','/api/mall/goodsorder/',0,NULL,'2e07b715d5e24e2ca45997527430e9d3'),('fa7c32c9397c46b8821b62aae5512af0',NULL,'456b688c-8ad5-46de-bc2e-d41d8047bd42',NULL,'2022-11-16 10:53:10.156103','2022-11-13 15:56:43.175207','查询','Search','/api/platformsettings/sysconfig/',0,NULL,'49160b589f004e44b3920c82583c2581'),('fa8d945124b74379aba32bcf34ea5383',NULL,'456b688c-8ad5-46de-bc2e-d41d8047bd42',NULL,'2022-10-26 00:06:00.943849','2022-10-26 00:06:00.943849','任务列表','Tasklist','/api/crontab/periodictask/tasklist/',0,'456b688c-8ad5-46de-bc2e-d41d8047bd42','09a42810d4dd4b2eb939f8eb0b01d9d1'),('fc71b446-fde1-439f-ab41-c38f30230caa',NULL,NULL,NULL,'2022-06-27 13:56:06.263846','2022-06-27 13:56:06.263846','新增','Create','/api/system/menu_button/',1,NULL,'e0f53902-e901-490c-83f3-331e60b97fcf'),('fcbe4cec-cc2d-436d-92ba-023f8c9ad31c',NULL,NULL,NULL,'2022-06-27 13:56:06.280734','2022-06-27 13:56:06.280734','单例','Retrieve','/api/system/menu/{id}/',0,NULL,'56c3f341-4f46-4b04-9cfc-c8a14701707e'),('fe96f32c-6124-4b24-b809-4964186f5163',NULL,NULL,NULL,'2022-06-27 13:56:06.283356','2022-06-27 13:56:06.283356','单例','Retrieve','/api/system/menu_button/{id}/',0,NULL,'e0f53902-e901-490c-83f3-331e60b97fcf');

#
# Structure for table "lyadmin_operation_log"
#

CREATE TABLE `lyadmin_operation_log` (
  `id` varchar(100) NOT NULL COMMENT 'Id',
  `description` varchar(100) DEFAULT NULL COMMENT '描述',
  `modifier` varchar(100) DEFAULT NULL COMMENT '修改人',
  `dept_belong_id` varchar(100) DEFAULT NULL COMMENT '数据归属部门',
  `update_datetime` datetime(6) DEFAULT NULL COMMENT '修改时间',
  `create_datetime` datetime(6) DEFAULT NULL COMMENT '创建时间',
  `request_modular` varchar(64) DEFAULT NULL COMMENT '请求模块',
  `request_path` longtext COMMENT '请求地址',
  `request_body` longtext COMMENT '请求参数',
  `request_method` varchar(8) DEFAULT NULL COMMENT '请求方式',
  `request_msg` longtext COMMENT '操作说明',
  `request_ip` varchar(32) DEFAULT NULL COMMENT '请求ip地址',
  `request_browser` varchar(64) DEFAULT NULL COMMENT '请求浏览器',
  `response_code` varchar(32) DEFAULT NULL COMMENT '响应状态码',
  `request_os` varchar(64) DEFAULT NULL COMMENT '操作系统',
  `json_result` longtext COMMENT '返回信息',
  `status` tinyint(1) NOT NULL COMMENT '响应状态',
  `creator_id` varchar(100) DEFAULT NULL COMMENT '创建人',
  PRIMARY KEY (`id`),
  KEY `lyadmin_operation_log_creator_id_7b08f4e1` (`creator_id`)
) ENGINE=InnoDB DEFAULT CHARSET=utf8mb4 COMMENT='操作日志';

#
# Data for table "lyadmin_operation_log"
#

REPLACE INTO `lyadmin_operation_log` VALUES ('3287a6052fb84ce3b8eeb8ef578c9a1a',NULL,NULL,'d2c03bd9-dad0-4262-88ca-c3681d224fc3','2022-12-26 14:48:02.996024','2022-12-26 14:48:02.996024','操作日志','/api/system/operation_log/deletealllogs/','{}','DELETE',NULL,'127.0.0.1','Chrome 107.0.0','2000','Windows 10','{\'code\': 2000, \'msg\': \'清空成功\'}',1,'456b688c-8ad5-46de-bc2e-d41d8047bd42'),('41927612131e4bf39a7e921cbd360ace',NULL,NULL,'d2c03bd9-dad0-4262-88ca-c3681d224fc3','2023-11-13 15:35:12.977723','2023-11-13 15:35:12.977723','登录模块','/api/token/','{\'username\': \'superadmin\', \'password\': \'******\', \'captcha\': \'80\', \'captchaKey\': 46}','POST',NULL,'127.0.0.1','Chrome 118.0.0','2000','Windows 10','{\'code\': 2000, \'msg\': \'请求成功\'}',1,'456b688c-8ad5-46de-bc2e-d41d8047bd42');

#
# Structure for table "lyadmin_post"
#

CREATE TABLE `lyadmin_post` (
  `id` varchar(100) NOT NULL COMMENT 'Id',
  `description` varchar(100) DEFAULT NULL COMMENT '描述',
  `modifier` varchar(100) DEFAULT NULL COMMENT '修改人',
  `dept_belong_id` varchar(100) DEFAULT NULL COMMENT '数据归属部门',
  `update_datetime` datetime(6) DEFAULT NULL COMMENT '修改时间',
  `create_datetime` datetime(6) DEFAULT NULL COMMENT '创建时间',
  `name` varchar(64) NOT NULL COMMENT '岗位名称',
  `code` varchar(32) NOT NULL COMMENT '岗位编码',
  `sort` int(11) NOT NULL COMMENT '岗位顺序',
  `status` int(11) NOT NULL COMMENT '岗位状态',
  `creator_id` varchar(100) DEFAULT NULL COMMENT '创建人',
  PRIMARY KEY (`id`),
  KEY `lyadmin_post_creator_id_15f90961` (`creator_id`)
) ENGINE=InnoDB DEFAULT CHARSET=utf8mb4 COMMENT='岗位表';

#
# Data for table "lyadmin_post"
#


#
# Structure for table "lyadmin_role"
#

CREATE TABLE `lyadmin_role` (
  `id` varchar(100) NOT NULL COMMENT 'Id',
  `description` varchar(100) DEFAULT NULL COMMENT '描述',
  `modifier` varchar(100) DEFAULT NULL COMMENT '修改人',
  `dept_belong_id` varchar(100) DEFAULT NULL COMMENT '数据归属部门',
  `update_datetime` datetime(6) DEFAULT NULL COMMENT '修改时间',
  `create_datetime` datetime(6) DEFAULT NULL COMMENT '创建时间',
  `name` varchar(64) NOT NULL COMMENT '角色名称',
  `key` varchar(64) NOT NULL COMMENT '权限字符',
  `sort` int(11) NOT NULL COMMENT '角色顺序',
  `status` smallint(6) NOT NULL COMMENT '角色状态',
  `admin` smallint(6) NOT NULL COMMENT '是否为admin',
  `data_range` smallint(6) NOT NULL COMMENT '数据权限范围',
  `remark` longtext COMMENT '备注',
  `creator_id` varchar(100) DEFAULT NULL COMMENT '创建人',
  PRIMARY KEY (`id`),
  KEY `lyadmin_role_creator_id_858b8a61` (`creator_id`)
) ENGINE=InnoDB DEFAULT CHARSET=utf8mb4 COMMENT='角色表';

#
# Data for table "lyadmin_role"
#

REPLACE INTO `lyadmin_role` VALUES ('35b58d98-b506-4f93-be79-ed1e109da071',NULL,NULL,NULL,'2022-06-27 13:56:06.322600','2022-06-27 13:56:06.322600','普通用户','public',2,1,0,4,NULL,NULL),('36001d1a-1b3e-4413-bdfe-b3bc04375f46',NULL,'456b688c-8ad5-46de-bc2e-d41d8047bd42',NULL,'2022-11-16 10:54:57.379692','2022-06-27 13:56:06.311456','管理员','admin',1,1,1,3,NULL,NULL);

#
# Structure for table "lyadmin_role_dept"
#

CREATE TABLE `lyadmin_role_dept` (
  `id` bigint(20) NOT NULL AUTO_INCREMENT,
  `role_id` varchar(100) NOT NULL,
  `dept_id` varchar(100) NOT NULL,
  PRIMARY KEY (`id`),
  UNIQUE KEY `lyadmin_role_dept_role_id_dept_id_75a8409d_uniq` (`role_id`,`dept_id`),
  KEY `lyadmin_role_dept_role_id_bf2e0106` (`role_id`),
  KEY `lyadmin_role_dept_dept_id_4efa5a2b` (`dept_id`)
) ENGINE=InnoDB AUTO_INCREMENT=3 DEFAULT CHARSET=utf8mb4;

#
# Data for table "lyadmin_role_dept"
#

REPLACE INTO `lyadmin_role_dept` VALUES (1,'35b58d98-b506-4f93-be79-ed1e109da071','fd8230ca-67bd-4347-8a9b-57eb19be5d9e'),(2,'35b58d98-b506-4f93-be79-ed1e109da071','d2c03bd9-dad0-4262-88ca-c3681d224fc3');

#
# Structure for table "lyadmin_role_menu"
#

CREATE TABLE `lyadmin_role_menu` (
  `id` bigint(20) NOT NULL AUTO_INCREMENT,
  `role_id` varchar(100) NOT NULL,
  `menu_id` varchar(100) NOT NULL,
  PRIMARY KEY (`id`),
  UNIQUE KEY `lyadmin_role_menu_role_id_menu_id_ee3d26d9_uniq` (`role_id`,`menu_id`),
  KEY `lyadmin_role_menu_role_id_68ec079a` (`role_id`),
  KEY `lyadmin_role_menu_menu_id_27af6f62` (`menu_id`)
) ENGINE=InnoDB AUTO_INCREMENT=38 DEFAULT CHARSET=utf8mb4;

#
# Data for table "lyadmin_role_menu"
#

REPLACE INTO `lyadmin_role_menu` VALUES (1,'36001d1a-1b3e-4413-bdfe-b3bc04375f46','2e3438c8-3ddc-43ff-b8d8-cca328e4856e'),(2,'36001d1a-1b3e-4413-bdfe-b3bc04375f46','c236fb6b-ddaa-4deb-b79b-16e42d9f347f'),(3,'36001d1a-1b3e-4413-bdfe-b3bc04375f46','4ba07859-8b73-4524-a1a6-bbff36d98337'),(4,'36001d1a-1b3e-4413-bdfe-b3bc04375f46','3171db16eda048ae92b16536fc1241b6'),(5,'36001d1a-1b3e-4413-bdfe-b3bc04375f46','80a340eae92b430abe17635468c2df1d'),(6,'36001d1a-1b3e-4413-bdfe-b3bc04375f46','15c9ebc5-d12f-470a-a560-938a7dc57570'),(7,'36001d1a-1b3e-4413-bdfe-b3bc04375f46','ae5629946df4497cbec10419e8375dd9'),(8,'36001d1a-1b3e-4413-bdfe-b3bc04375f46','25735adb-d051-4b7b-bbb7-1154526f3e4c'),(9,'36001d1a-1b3e-4413-bdfe-b3bc04375f46','151035da-77a3-4a62-b474-fce6824571fb'),(10,'36001d1a-1b3e-4413-bdfe-b3bc04375f46','e0f53902-e901-490c-83f3-331e60b97fcf'),(11,'36001d1a-1b3e-4413-bdfe-b3bc04375f46','56c3f341-4f46-4b04-9cfc-c8a14701707e'),(12,'36001d1a-1b3e-4413-bdfe-b3bc04375f46','a607e820-36e5-45c0-aabf-85a8e4e2c7ac'),(13,'36001d1a-1b3e-4413-bdfe-b3bc04375f46','54f769b0-3dff-416c-8102-e55ec44827cc'),(14,'36001d1a-1b3e-4413-bdfe-b3bc04375f46','d4e2fe169a8b40f3846421ac04e4fccb'),(15,'36001d1a-1b3e-4413-bdfe-b3bc04375f46','4236eb70-1558-43a0-9cf2-037230c547f9'),(16,'36001d1a-1b3e-4413-bdfe-b3bc04375f46','244b28685cd14a39a383189981510d4a'),(17,'35b58d98-b506-4f93-be79-ed1e109da071','15c9ebc5-d12f-470a-a560-938a7dc57570'),(18,'35b58d98-b506-4f93-be79-ed1e109da071','56c3f341-4f46-4b04-9cfc-c8a14701707e'),(19,'35b58d98-b506-4f93-be79-ed1e109da071','54f769b0-3dff-416c-8102-e55ec44827cc'),(20,'35b58d98-b506-4f93-be79-ed1e109da071','4236eb70-1558-43a0-9cf2-037230c547f9'),(21,'35b58d98-b506-4f93-be79-ed1e109da071','244b28685cd14a39a383189981510d4a'),(22,'36001d1a-1b3e-4413-bdfe-b3bc04375f46','d73f73a399af48cea6a8490ac508d7a0'),(23,'36001d1a-1b3e-4413-bdfe-b3bc04375f46','9065cb5445ac42ef93eb9e75e6287792'),(24,'36001d1a-1b3e-4413-bdfe-b3bc04375f46','bcbeeee5c91a4e2ea2c2a31237e33616'),(25,'36001d1a-1b3e-4413-bdfe-b3bc04375f46','77edf447326b4e0dbc6f9719c1de8a12'),(26,'36001d1a-1b3e-4413-bdfe-b3bc04375f46','718daec1b94b456c96d773889648173e'),(27,'36001d1a-1b3e-4413-bdfe-b3bc04375f46','02c24003527546359b5a77ae07adc7d5'),(28,'36001d1a-1b3e-4413-bdfe-b3bc04375f46','b999c50996864465b851575e378c5aea'),(29,'36001d1a-1b3e-4413-bdfe-b3bc04375f46','2e07b715d5e24e2ca45997527430e9d3'),(30,'36001d1a-1b3e-4413-bdfe-b3bc04375f46','dc8c173b425048e7a8c9b59513596c7f'),(31,'36001d1a-1b3e-4413-bdfe-b3bc04375f46','d470ab18859a4472b525e605ae96c325'),(32,'36001d1a-1b3e-4413-bdfe-b3bc04375f46','3c13161f70f1469a913d539e7616c577'),(33,'36001d1a-1b3e-4413-bdfe-b3bc04375f46','a28f8ca682d04c8fb2953fdeb3d9e2e6'),(34,'36001d1a-1b3e-4413-bdfe-b3bc04375f46','2a7c0142f7514dacb7999383e4e67aca'),(35,'36001d1a-1b3e-4413-bdfe-b3bc04375f46','a524f17e9ac74be3baf9d113f014184c'),(36,'36001d1a-1b3e-4413-bdfe-b3bc04375f46','09a42810d4dd4b2eb939f8eb0b01d9d1'),(37,'36001d1a-1b3e-4413-bdfe-b3bc04375f46','49160b589f004e44b3920c82583c2581');

#
# Structure for table "lyadmin_role_permission"
#

CREATE TABLE `lyadmin_role_permission` (
  `id` bigint(20) NOT NULL AUTO_INCREMENT,
  `role_id` varchar(100) NOT NULL,
  `menubutton_id` varchar(100) NOT NULL,
  PRIMARY KEY (`id`),
  UNIQUE KEY `lyadmin_role_permission_role_id_menubutton_id_dfd195d1_uniq` (`role_id`,`menubutton_id`),
  KEY `lyadmin_role_permission_role_id_610a95e1` (`role_id`),
  KEY `lyadmin_role_permission_menubutton_id_539eb394` (`menubutton_id`)
) ENGINE=InnoDB AUTO_INCREMENT=126 DEFAULT CHARSET=utf8mb4;

#
# Data for table "lyadmin_role_permission"
#

REPLACE INTO `lyadmin_role_permission` VALUES (1,'36001d1a-1b3e-4413-bdfe-b3bc04375f46','646e9790-24f5-4606-abc4-0b5eede12f66'),(2,'36001d1a-1b3e-4413-bdfe-b3bc04375f46','51085c21-2279-490f-8878-594f059f7616'),(3,'36001d1a-1b3e-4413-bdfe-b3bc04375f46','1b4f27a7-8ab8-4388-ae57-46e29976cf0e'),(4,'36001d1a-1b3e-4413-bdfe-b3bc04375f46','f0e080c0-275d-4085-b56c-735b49510eff'),(5,'36001d1a-1b3e-4413-bdfe-b3bc04375f46','bc6104a0-f487-4dfd-a368-fb587d6d57d8'),(6,'36001d1a-1b3e-4413-bdfe-b3bc04375f46','14e7088f-a39b-47ae-bd67-b9bbcabae96b'),(7,'36001d1a-1b3e-4413-bdfe-b3bc04375f46','2c53efc8-e6a4-4192-8688-03baed0874a4'),(8,'36001d1a-1b3e-4413-bdfe-b3bc04375f46','8ae924bd-576c-4ae1-92eb-b0a98148baae'),(9,'36001d1a-1b3e-4413-bdfe-b3bc04375f46','324776a3-48ec-4bca-bdd9-1838e2b6f7cc'),(10,'36001d1a-1b3e-4413-bdfe-b3bc04375f46','353595a28cb1463b830cfbf79fea60b5'),(11,'36001d1a-1b3e-4413-bdfe-b3bc04375f46','d1b3c15f0c664857aeca1d9065d9c499'),(12,'36001d1a-1b3e-4413-bdfe-b3bc04375f46','e6b93920-2236-46ec-841b-cff6f63ce788'),(13,'36001d1a-1b3e-4413-bdfe-b3bc04375f46','bb7de9ee-5fd1-46f5-9849-088c522f49c7'),(14,'36001d1a-1b3e-4413-bdfe-b3bc04375f46','e7fa30290d37447585ea7583d9d01f1b'),(15,'36001d1a-1b3e-4413-bdfe-b3bc04375f46','04896a47-0f3a-4e2f-a111-bfe15f9e31c5'),(16,'36001d1a-1b3e-4413-bdfe-b3bc04375f46','77096cd56a6441699345e6e4f22d0ec3'),(17,'36001d1a-1b3e-4413-bdfe-b3bc04375f46','43696212-ecba-4e66-8678-33c9bc935c76'),(18,'36001d1a-1b3e-4413-bdfe-b3bc04375f46','80efc041695a42e4a9a04c010c6c7004'),(19,'36001d1a-1b3e-4413-bdfe-b3bc04375f46','59db5099a03f44c8adb883faa340c15a'),(20,'36001d1a-1b3e-4413-bdfe-b3bc04375f46','5d77d14e-b199-481f-a97d-6e4c0e84fe71'),(21,'36001d1a-1b3e-4413-bdfe-b3bc04375f46','d22c0176-96e0-48b3-b81e-13443f306af5'),(22,'36001d1a-1b3e-4413-bdfe-b3bc04375f46','3688b715-4689-468f-bf3e-6f910259f837'),(23,'36001d1a-1b3e-4413-bdfe-b3bc04375f46','fcbe4cec-cc2d-436d-92ba-023f8c9ad31c'),(24,'36001d1a-1b3e-4413-bdfe-b3bc04375f46','4fe4b7f5-0bc8-4375-9f39-747e06ec285a'),(25,'36001d1a-1b3e-4413-bdfe-b3bc04375f46','dcc58831-08d1-4469-8b01-fca71e0f497f'),(26,'36001d1a-1b3e-4413-bdfe-b3bc04375f46','0d931efc-2f80-418f-b4a0-5251f0a88f69'),(27,'36001d1a-1b3e-4413-bdfe-b3bc04375f46','6d6b6689d1224900b09c8101b3344f42'),(28,'36001d1a-1b3e-4413-bdfe-b3bc04375f46','6208f412-6bca-4d7b-a5a0-0103b7ba6091'),(29,'36001d1a-1b3e-4413-bdfe-b3bc04375f46','7aef1da4647844e3944a2745cef1bc6d'),(30,'36001d1a-1b3e-4413-bdfe-b3bc04375f46','6300774a-d19c-43ad-8102-d7bf341eff33'),(31,'36001d1a-1b3e-4413-bdfe-b3bc04375f46','6e4251a948f348ccaa419a777a118048'),(32,'36001d1a-1b3e-4413-bdfe-b3bc04375f46','fc71b446-fde1-439f-ab41-c38f30230caa'),(33,'36001d1a-1b3e-4413-bdfe-b3bc04375f46','b10f7d08-2592-4b54-8557-b5ca864a029a'),(34,'36001d1a-1b3e-4413-bdfe-b3bc04375f46','abe5c07f-0cab-4053-ac24-e782792e9d7f'),(35,'36001d1a-1b3e-4413-bdfe-b3bc04375f46','2a3d4756-4d51-4129-b3c4-b2c7a00dbb8a'),(36,'36001d1a-1b3e-4413-bdfe-b3bc04375f46','fe96f32c-6124-4b24-b809-4964186f5163'),(37,'36001d1a-1b3e-4413-bdfe-b3bc04375f46','1d4441fdc418499f856c23aa4e1be2c0'),(38,'36001d1a-1b3e-4413-bdfe-b3bc04375f46','ca69833045ed4cf78c8586f7e55ba6db'),(39,'36001d1a-1b3e-4413-bdfe-b3bc04375f46','5aac29b0-5a32-45fb-81c5-437b48f4a5df'),(40,'36001d1a-1b3e-4413-bdfe-b3bc04375f46','bc114580-e62d-4e08-b707-843759817344'),(41,'36001d1a-1b3e-4413-bdfe-b3bc04375f46','9fc8436a-1996-478f-a155-5de7939a54dc'),(42,'36001d1a-1b3e-4413-bdfe-b3bc04375f46','0088e172566f4ee388092ec2be3584ee'),(43,'36001d1a-1b3e-4413-bdfe-b3bc04375f46','c8eee7f68c1845169b8d2af946502077'),(44,'36001d1a-1b3e-4413-bdfe-b3bc04375f46','af60d628-73b1-4c5d-b34e-7c70ab9bd87e'),(45,'36001d1a-1b3e-4413-bdfe-b3bc04375f46','140166e2-471e-455e-9dcd-05cebbbab95d'),(46,'36001d1a-1b3e-4413-bdfe-b3bc04375f46','37462e31-3cdf-4576-af10-5958f53b1bef'),(47,'36001d1a-1b3e-4413-bdfe-b3bc04375f46','42ad6e05-7c84-444f-bcae-09de84f4988b'),(48,'36001d1a-1b3e-4413-bdfe-b3bc04375f46','d2e0608b5b4941ef8c3ff834977caeef'),(49,'36001d1a-1b3e-4413-bdfe-b3bc04375f46','3fd6ae6c-fd76-4465-b2b6-db672f4bd79e'),(50,'36001d1a-1b3e-4413-bdfe-b3bc04375f46','96022ae5-6425-47b9-8f89-01edc33eb2b7'),(51,'36001d1a-1b3e-4413-bdfe-b3bc04375f46','6b88361b326a4e55a8a5135c08ba66f1'),(52,'36001d1a-1b3e-4413-bdfe-b3bc04375f46','0209de89-6b9f-4d8a-84d3-ccfc3cc8b4da'),(54,'36001d1a-1b3e-4413-bdfe-b3bc04375f46','10610c56-cec2-4774-9468-e1c763e59e70'),(55,'36001d1a-1b3e-4413-bdfe-b3bc04375f46','a3088120763d49ad93498eb515c7c244'),(56,'36001d1a-1b3e-4413-bdfe-b3bc04375f46','875bdfeb-0c34-441d-8ee3-bb93c21e17dd'),(57,'36001d1a-1b3e-4413-bdfe-b3bc04375f46','3e11db64-b8e8-4558-963b-71d063a7db16'),(58,'36001d1a-1b3e-4413-bdfe-b3bc04375f46','acfde861-1872-47e2-a1f1-abeda5175b7f'),(59,'36001d1a-1b3e-4413-bdfe-b3bc04375f46','8b7a0e79-a6ef-4946-87c6-8c042b887e1c'),(60,'36001d1a-1b3e-4413-bdfe-b3bc04375f46','264cc3d69f7a46d5a117997e9c78506c'),(61,'36001d1a-1b3e-4413-bdfe-b3bc04375f46','9e6b2376-1ab0-4966-8d5d-4ad4f911d13c'),(62,'36001d1a-1b3e-4413-bdfe-b3bc04375f46','62e89e16b7cf460fbbbb949771156946'),(63,'36001d1a-1b3e-4413-bdfe-b3bc04375f46','a2df144069a44af8afbd5863740e2228'),(64,'36001d1a-1b3e-4413-bdfe-b3bc04375f46','873138b279274536bc93c2774b1be815'),(65,'36001d1a-1b3e-4413-bdfe-b3bc04375f46','80c8eb6939a245e9890dede241b5d1d6'),(66,'36001d1a-1b3e-4413-bdfe-b3bc04375f46','f19826f7df9842089cee94a795681b2e'),(67,'36001d1a-1b3e-4413-bdfe-b3bc04375f46','a69fb746c0aa4bd0b31b1480c9e4dcc0'),(68,'36001d1a-1b3e-4413-bdfe-b3bc04375f46','c2490dfba1644cae8f8ff85e2d6f1d3d'),(70,'36001d1a-1b3e-4413-bdfe-b3bc04375f46','6af0929440a345238c28ee9b1fe341ba'),(71,'36001d1a-1b3e-4413-bdfe-b3bc04375f46','8d65733d401c40f8b27cc6bcfed78bc3'),(72,'36001d1a-1b3e-4413-bdfe-b3bc04375f46','e1ddf86666364a39be76c963c277b009'),(73,'36001d1a-1b3e-4413-bdfe-b3bc04375f46','b4cbe8ed35a04155b14c7809fad6b2ef'),(74,'36001d1a-1b3e-4413-bdfe-b3bc04375f46','ea18bb51400b482a8aad5dc18357bcab'),(75,'36001d1a-1b3e-4413-bdfe-b3bc04375f46','281ad1aad421441a965f7bc6b397eb30'),(76,'36001d1a-1b3e-4413-bdfe-b3bc04375f46','be860f07c5be4114a6ea0ceefb97a22a'),(77,'36001d1a-1b3e-4413-bdfe-b3bc04375f46','43a779c3e1634e84bb1a32c675b5f744'),(79,'36001d1a-1b3e-4413-bdfe-b3bc04375f46','09a0908dfb0c433c90037851da126e9b'),(80,'36001d1a-1b3e-4413-bdfe-b3bc04375f46','118ce77cc07140a08d9a92ab8800f2cf'),(81,'36001d1a-1b3e-4413-bdfe-b3bc04375f46','989ad685ce654dd1b367f41dedfdd0b9'),(82,'36001d1a-1b3e-4413-bdfe-b3bc04375f46','676e32850165441cad01782e453de925'),(83,'36001d1a-1b3e-4413-bdfe-b3bc04375f46','6e9d454742f74437928959c02be42456'),(84,'36001d1a-1b3e-4413-bdfe-b3bc04375f46','4b73b1669e49495f93de36d63cc2c0d8'),(85,'36001d1a-1b3e-4413-bdfe-b3bc04375f46','ac302c9907b94ab59ac3c40975add57b'),(86,'36001d1a-1b3e-4413-bdfe-b3bc04375f46','716480cd8ac645239405763834326f7e'),(87,'36001d1a-1b3e-4413-bdfe-b3bc04375f46','3737d4afa1e2437b93e8cdcd7116180a'),(88,'36001d1a-1b3e-4413-bdfe-b3bc04375f46','4281eaced4e943ababeefb66a6a7f13d'),(89,'36001d1a-1b3e-4413-bdfe-b3bc04375f46','3cadf44d739b45d4a94ad23939e19716'),(90,'36001d1a-1b3e-4413-bdfe-b3bc04375f46','05932c39ad444ac5aaf880d281620611'),(92,'36001d1a-1b3e-4413-bdfe-b3bc04375f46','efcbf104971a4266a26d9469e58c1327'),(93,'36001d1a-1b3e-4413-bdfe-b3bc04375f46','8228955d67bc4dc89638b523f58108ee'),(94,'36001d1a-1b3e-4413-bdfe-b3bc04375f46','2235160bd56c423880572f5450b94f16'),(95,'36001d1a-1b3e-4413-bdfe-b3bc04375f46','cf50028007164569a136fbdeaff7619c'),(97,'36001d1a-1b3e-4413-bdfe-b3bc04375f46','8f465aa674744313890cc8c59d3d0fd2'),(98,'36001d1a-1b3e-4413-bdfe-b3bc04375f46','6a21329f0dcd4781a64fc4f62324e4c0'),(99,'36001d1a-1b3e-4413-bdfe-b3bc04375f46','220fa39fd56e47e1ab9558c6bd10106e'),(100,'36001d1a-1b3e-4413-bdfe-b3bc04375f46','f5818e4cd46947daabe046c511dfbd63'),(101,'36001d1a-1b3e-4413-bdfe-b3bc04375f46','a20a200c721c489b9925cdd5b5e6708c'),(102,'36001d1a-1b3e-4413-bdfe-b3bc04375f46','2c5b748c5dce4f34bd24b1201faf09c2'),(103,'36001d1a-1b3e-4413-bdfe-b3bc04375f46','98c953b2d74d4d9d83d18433a7fc85ba'),(104,'36001d1a-1b3e-4413-bdfe-b3bc04375f46','11d334fcadf1490e85e6a045126dea78'),(107,'36001d1a-1b3e-4413-bdfe-b3bc04375f46','c2cac9993f9142cca5f531565a14f840'),(108,'36001d1a-1b3e-4413-bdfe-b3bc04375f46','c28461a142d7464f8865752c969d82de'),(109,'36001d1a-1b3e-4413-bdfe-b3bc04375f46','4450d80871eb44a1aaa4fbb5429885f0'),(110,'36001d1a-1b3e-4413-bdfe-b3bc04375f46','576008b6046f4afcb88d8139ff34e228'),(111,'36001d1a-1b3e-4413-bdfe-b3bc04375f46','a45559c4cc6f48e2b7194c2dc577af3a'),(112,'36001d1a-1b3e-4413-bdfe-b3bc04375f46','19d01a929bc9414cac1a8defd48597c9'),(113,'36001d1a-1b3e-4413-bdfe-b3bc04375f46','0b5bf0f1caac45beabf54fb5d930187b'),(114,'36001d1a-1b3e-4413-bdfe-b3bc04375f46','0ce04d99cbd249a9af88fe1496591a89'),(115,'36001d1a-1b3e-4413-bdfe-b3bc04375f46','bec59f93068a4d7aaaf5b4ccfbc12265'),(116,'36001d1a-1b3e-4413-bdfe-b3bc04375f46','fa8d945124b74379aba32bcf34ea5383'),(117,'36001d1a-1b3e-4413-bdfe-b3bc04375f46','1a16836d2cec4d14a1307b3228e3cfdd'),(118,'36001d1a-1b3e-4413-bdfe-b3bc04375f46','53e6d5a4192c4f0f8bdd7f5647124147'),(119,'36001d1a-1b3e-4413-bdfe-b3bc04375f46','6e27757847c64e228934b60ae81baedf'),(120,'36001d1a-1b3e-4413-bdfe-b3bc04375f46','14514da3c11441c2b63f2331e3f897d0'),(121,'36001d1a-1b3e-4413-bdfe-b3bc04375f46','9565c5888bd4414c84ecede7af7d1554'),(122,'36001d1a-1b3e-4413-bdfe-b3bc04375f46','d419393d77e34f8e9c1eda5893f3bc87'),(123,'36001d1a-1b3e-4413-bdfe-b3bc04375f46','fa7c32c9397c46b8821b62aae5512af0'),(124,'36001d1a-1b3e-4413-bdfe-b3bc04375f46','103d4310b98e4ff1ba71336af8d4c6c2'),(125,'36001d1a-1b3e-4413-bdfe-b3bc04375f46','f4e0b4aa230b4afba10a7ba58af3c454');

#
# Structure for table "lyadmin_system_config"
#

CREATE TABLE `lyadmin_system_config` (
  `id` varchar(100) NOT NULL COMMENT 'Id',
  `description` varchar(100) DEFAULT NULL COMMENT '描述',
  `modifier` varchar(100) DEFAULT NULL COMMENT '修改人',
  `dept_belong_id` varchar(100) DEFAULT NULL COMMENT '数据归属部门',
  `update_datetime` datetime(6) DEFAULT NULL COMMENT '修改时间',
  `create_datetime` datetime(6) DEFAULT NULL COMMENT '创建时间',
  `title` varchar(50) NOT NULL COMMENT '标题',
  `key` varchar(20) NOT NULL COMMENT '键名',
  `value` longtext,
  `sort` int(11) NOT NULL COMMENT '排序',
  `status` tinyint(1) NOT NULL COMMENT '启用状态',
  `data_options` longtext,
  `form_item_type` smallint(6) NOT NULL COMMENT '表单类型',
  `rule` longtext,
  `placeholder` varchar(50) DEFAULT NULL COMMENT '提示信息',
  `setting` longtext,
  `creator_id` varchar(100) DEFAULT NULL COMMENT '创建人',
  `parent_id` varchar(100) DEFAULT NULL COMMENT '父级',
  PRIMARY KEY (`id`),
  UNIQUE KEY `lyadmin_system_config_key_parent_id_97f056cc_uniq` (`key`,`parent_id`),
  KEY `lyadmin_system_config_key_7aeced64` (`key`),
  KEY `lyadmin_system_config_creator_id_bd4f327e` (`creator_id`),
  KEY `lyadmin_system_config_parent_id_2c3a27d0` (`parent_id`)
) ENGINE=InnoDB DEFAULT CHARSET=utf8mb4 COMMENT='系统配置表';

#
# Data for table "lyadmin_system_config"
#

REPLACE INTO `lyadmin_system_config` VALUES ('7fda473ac29a453a800a798337bf5676',NULL,'456b688c-8ad5-46de-bc2e-d41d8047bd42','d2c03bd9-dad0-4262-88ca-c3681d224fc3','2022-12-26 14:44:59.127715','2022-12-26 14:40:00.382208','隐私协议','privatexy','<p>隐私协议内容</p>',2,1,NULL,14,'[]','请输入内容',NULL,'456b688c-8ad5-46de-bc2e-d41d8047bd42','d5a88a3f46494d6586f0d90e3919b864'),('cd46ae145c5c422983f11572cfb3e8f6',NULL,'456b688c-8ad5-46de-bc2e-d41d8047bd42','d2c03bd9-dad0-4262-88ca-c3681d224fc3','2022-12-26 14:44:59.124218','2022-12-26 14:31:03.506750','客服电话','phone','1888888888x',1,1,NULL,0,'[]','请输入电话号码',NULL,'456b688c-8ad5-46de-bc2e-d41d8047bd42','d5a88a3f46494d6586f0d90e3919b864'),('d5a88a3f46494d6586f0d90e3919b864',NULL,'456b688c-8ad5-46de-bc2e-d41d8047bd42','d2c03bd9-dad0-4262-88ca-c3681d224fc3','2022-12-26 14:15:18.223194','2022-12-26 14:15:18.224191','基础配置','base',NULL,0,1,NULL,0,NULL,NULL,NULL,'456b688c-8ad5-46de-bc2e-d41d8047bd42',NULL),('e67248a9318d424ea027fc0aae3ecb5a',NULL,'456b688c-8ad5-46de-bc2e-d41d8047bd42','d2c03bd9-dad0-4262-88ca-c3681d224fc3','2022-12-26 14:47:50.727322','2022-12-26 14:45:54.661733','logo','logo','http://127.0.0.1:8000/media/platform/2022-04-07/20220407120605_298.png',3,1,NULL,7,'[]','',NULL,'456b688c-8ad5-46de-bc2e-d41d8047bd42','d5a88a3f46494d6586f0d90e3919b864');

#
# Structure for table "lyadmin_users"
#

CREATE TABLE `lyadmin_users` (
  `password` varchar(128) NOT NULL,
  `last_login` datetime(6) DEFAULT NULL,
  `is_superuser` tinyint(1) NOT NULL COMMENT 'Designates that this user has all permissions without explicitly assigning them.',
  `first_name` varchar(150) NOT NULL,
  `last_name` varchar(150) NOT NULL,
  `is_staff` tinyint(1) NOT NULL COMMENT 'Designates whether the user can log into this admin site.',
  `is_active` tinyint(1) NOT NULL COMMENT 'Designates whether this user should be treated as active. Unselect this instead of deleting accounts.',
  `date_joined` datetime(6) NOT NULL,
  `id` varchar(100) NOT NULL COMMENT 'Id',
  `description` varchar(100) DEFAULT NULL COMMENT '描述',
  `modifier` varchar(100) DEFAULT NULL COMMENT '修改人',
  `dept_belong_id` varchar(100) DEFAULT NULL COMMENT '数据归属部门',
  `update_datetime` datetime(6) DEFAULT NULL COMMENT '修改时间',
  `create_datetime` datetime(6) DEFAULT NULL COMMENT '创建时间',
  `username` varchar(50) NOT NULL COMMENT '用户账号',
  `email` varchar(60) DEFAULT NULL COMMENT '邮箱',
  `mobile` varchar(30) DEFAULT NULL COMMENT '电话',
  `avatar` varchar(200) DEFAULT NULL COMMENT '头像',
  `name` varchar(40) NOT NULL COMMENT '姓名',
  `nickname` varchar(100) NOT NULL COMMENT '用户昵称',
  `gender` smallint(6) DEFAULT NULL COMMENT '性别',
  `identity` smallint(6) DEFAULT NULL COMMENT '身份标识',
  `balance` decimal(10,2) NOT NULL,
  `is_delete` tinyint(1) NOT NULL COMMENT '是否逻辑删除',
  `creator_id` varchar(100) DEFAULT NULL COMMENT '创建人',
  `dept_id` varchar(100) DEFAULT NULL COMMENT '关联部门',
  PRIMARY KEY (`id`),
  UNIQUE KEY `username` (`username`),
  KEY `lyadmin_users_creator_id_92824513` (`creator_id`),
  KEY `lyadmin_users_dept_id_ba5fbf41` (`dept_id`)
) ENGINE=InnoDB DEFAULT CHARSET=utf8mb4 COMMENT='用户表';

#
# Data for table "lyadmin_users"
#

REPLACE INTO `lyadmin_users` VALUES ('pbkdf2_sha256$260000$oivECWOjB0GJyMjPsrqb3t$9FvnYtXtsNWDva2P3A/eIg6cRMLOp7kiIOuwfLKyDAY=',NULL,0,'','',0,1,'2022-06-27 13:56:06.339555','244b28685cd14a39a383189981510d4a',NULL,NULL,NULL,'2022-11-02 16:44:12.072254','2022-06-27 13:56:06.339555','test',NULL,'18888888888',NULL,'测试用户','测试用户',NULL,2,0.00,0,NULL,''),('pbkdf2_sha256$390000$waSuE7tR0sxyeiLELJYh4h$tiaQGmUEEDZ/i1mY9+YY++rhXbbmiJSpIr41pEDF2q0=',NULL,1,'','',1,1,'2022-06-27 13:56:06.331576','456b688c-8ad5-46de-bc2e-d41d8047bd42',NULL,NULL,NULL,'2022-06-27 13:56:06.331576','2022-06-27 13:56:06.331576','superadmin',NULL,NULL,NULL,'超级管理员','',NULL,0,0.00,0,NULL,'d2c03bd9-dad0-4262-88ca-c3681d224fc3'),('pbkdf2_sha256$320000$fNyAAOrrZNjACpme8Qgv4T$CkpJIXe3XJcm/dyAR7b9G55AZVLcJOPQOBY/9GA5LI0=',NULL,0,'','',1,1,'2022-06-27 13:56:06.334568','d1431450-5068-4461-b57e-7862c005a547',NULL,NULL,NULL,'2022-06-27 13:56:06.334568','2022-06-27 13:56:06.334568','admin',NULL,NULL,NULL,'管理员','',NULL,1,0.00,0,NULL,'d2c03bd9-dad0-4262-88ca-c3681d224fc3');

#
# Structure for table "django_admin_log"
#

CREATE TABLE `django_admin_log` (
  `id` int(11) NOT NULL AUTO_INCREMENT,
  `action_time` datetime(6) NOT NULL,
  `object_id` longtext,
  `object_repr` varchar(200) NOT NULL,
  `action_flag` smallint(5) unsigned NOT NULL,
  `change_message` longtext NOT NULL,
  `content_type_id` int(11) DEFAULT NULL,
  `user_id` varchar(100) NOT NULL,
  PRIMARY KEY (`id`),
  KEY `django_admin_log_content_type_id_c4bce8eb_fk_django_co` (`content_type_id`),
  KEY `django_admin_log_user_id_c564eba6_fk_lyadmin_users_id` (`user_id`),
  CONSTRAINT `django_admin_log_content_type_id_c4bce8eb_fk_django_co` FOREIGN KEY (`content_type_id`) REFERENCES `django_content_type` (`id`),
  CONSTRAINT `django_admin_log_user_id_c564eba6_fk_lyadmin_users_id` FOREIGN KEY (`user_id`) REFERENCES `lyadmin_users` (`id`)
) ENGINE=InnoDB DEFAULT CHARSET=utf8mb4 COMMENT='log entry';

#
# Data for table "django_admin_log"
#


#
# Structure for table "lyadmin_users_groups"
#

CREATE TABLE `lyadmin_users_groups` (
  `id` bigint(20) NOT NULL AUTO_INCREMENT,
  `users_id` varchar(100) NOT NULL,
  `group_id` int(11) NOT NULL,
  PRIMARY KEY (`id`),
  UNIQUE KEY `lyadmin_users_groups_users_id_group_id_a79dc867_uniq` (`users_id`,`group_id`),
  KEY `lyadmin_users_groups_group_id_c57fd8d6_fk_auth_group_id` (`group_id`),
  CONSTRAINT `lyadmin_users_groups_group_id_c57fd8d6_fk_auth_group_id` FOREIGN KEY (`group_id`) REFERENCES `auth_group` (`id`),
  CONSTRAINT `lyadmin_users_groups_users_id_8bf861d7_fk_lyadmin_users_id` FOREIGN KEY (`users_id`) REFERENCES `lyadmin_users` (`id`)
) ENGINE=InnoDB DEFAULT CHARSET=utf8mb4;

#
# Data for table "lyadmin_users_groups"
#


#
# Structure for table "lyadmin_users_post"
#

CREATE TABLE `lyadmin_users_post` (
  `id` bigint(20) NOT NULL AUTO_INCREMENT,
  `users_id` varchar(100) NOT NULL,
  `post_id` varchar(100) NOT NULL,
  PRIMARY KEY (`id`),
  UNIQUE KEY `lyadmin_users_post_users_id_post_id_b358d223_uniq` (`users_id`,`post_id`),
  KEY `lyadmin_users_post_users_id_f3295aea` (`users_id`),
  KEY `lyadmin_users_post_post_id_67f9ae2a` (`post_id`)
) ENGINE=InnoDB DEFAULT CHARSET=utf8mb4;

#
# Data for table "lyadmin_users_post"
#


#
# Structure for table "lyadmin_users_role"
#

CREATE TABLE `lyadmin_users_role` (
  `id` bigint(20) NOT NULL AUTO_INCREMENT,
  `users_id` varchar(100) NOT NULL,
  `role_id` varchar(100) NOT NULL,
  PRIMARY KEY (`id`),
  UNIQUE KEY `lyadmin_users_role_users_id_role_id_475ae0d5_uniq` (`users_id`,`role_id`),
  KEY `lyadmin_users_role_users_id_25f578a0` (`users_id`),
  KEY `lyadmin_users_role_role_id_0f927f87` (`role_id`)
) ENGINE=InnoDB AUTO_INCREMENT=2 DEFAULT CHARSET=utf8mb4;

#
# Data for table "lyadmin_users_role"
#

REPLACE INTO `lyadmin_users_role` VALUES (1,'d1431450-5068-4461-b57e-7862c005a547','36001d1a-1b3e-4413-bdfe-b3bc04375f46');

#
# Structure for table "lyadmin_users_user_permissions"
#

CREATE TABLE `lyadmin_users_user_permissions` (
  `id` bigint(20) NOT NULL AUTO_INCREMENT,
  `users_id` varchar(100) NOT NULL,
  `permission_id` int(11) NOT NULL,
  PRIMARY KEY (`id`),
  UNIQUE KEY `lyadmin_users_user_permi_users_id_permission_id_b174f27e_uniq` (`users_id`,`permission_id`),
  KEY `lyadmin_users_user_p_permission_id_0555113f_fk_auth_perm` (`permission_id`),
  CONSTRAINT `lyadmin_users_user_p_permission_id_0555113f_fk_auth_perm` FOREIGN KEY (`permission_id`) REFERENCES `auth_permission` (`id`),
  CONSTRAINT `lyadmin_users_user_p_users_id_7212a3dc_fk_lyadmin_u` FOREIGN KEY (`users_id`) REFERENCES `lyadmin_users` (`id`)
) ENGINE=InnoDB DEFAULT CHARSET=utf8mb4;

#
# Data for table "lyadmin_users_user_permissions"
#


#
# Structure for table "tb_address"
#

CREATE TABLE `tb_address` (
  `id` bigint(20) NOT NULL AUTO_INCREMENT,
  `update_datetime` datetime(6) DEFAULT NULL,
  `create_datetime` datetime(6) DEFAULT NULL,
  `receiver` varchar(20) DEFAULT NULL,
  `province` varchar(32) DEFAULT NULL,
  `city` varchar(32) DEFAULT NULL,
  `district` varchar(32) DEFAULT NULL,
  `street` varchar(32) DEFAULT NULL,
  `place` varchar(50) NOT NULL,
  `mobile` varchar(11) NOT NULL,
  `longitude` double DEFAULT NULL,
  `latitude` double DEFAULT NULL,
  `is_default` tinyint(1) NOT NULL,
  `is_deleted` tinyint(1) NOT NULL,
  `user_id` varchar(100) NOT NULL,
  PRIMARY KEY (`id`),
  KEY `tb_address_user_id_476bb898_fk_lyadmin_users_id` (`user_id`),
  CONSTRAINT `tb_address_user_id_476bb898_fk_lyadmin_users_id` FOREIGN KEY (`user_id`) REFERENCES `lyadmin_users` (`id`)
) ENGINE=InnoDB DEFAULT CHARSET=utf8mb4 COMMENT='用户地址';

#
# Data for table "tb_address"
#


#
# Structure for table "tb_areas"
#

CREATE TABLE `tb_areas` (
  `id` varchar(100) NOT NULL,
  `description` varchar(100) DEFAULT NULL,
  `modifier` varchar(100) DEFAULT NULL,
  `dept_belong_id` varchar(100) DEFAULT NULL,
  `update_datetime` datetime(6) DEFAULT NULL,
  `create_datetime` datetime(6) DEFAULT NULL,
  `name` varchar(50) NOT NULL,
  `citycode` varchar(20) DEFAULT NULL,
  `level` int(10) unsigned NOT NULL,
  `status` tinyint(1) NOT NULL,
  `creator_id` varchar(100) DEFAULT NULL,
  `parent_id` varchar(100) DEFAULT NULL,
  PRIMARY KEY (`id`)
) ENGINE=InnoDB DEFAULT CHARSET=utf8mb4;

#
# Data for table "tb_areas"
#

REPLACE INTO `tb_areas` VALUES ('110000',NULL,NULL,NULL,NULL,NULL,'北京市','010',1,1,NULL,NULL),('110100',NULL,NULL,NULL,NULL,NULL,'市辖区','010',2,1,NULL,'110000'),('110101',NULL,NULL,NULL,NULL,NULL,'东城区','010',3,1,NULL,'110100'),('110102',NULL,NULL,NULL,NULL,NULL,'西城区','010',3,1,NULL,'110100'),('110105',NULL,NULL,NULL,NULL,NULL,'朝阳区','010',3,1,NULL,'110100'),('110106',NULL,NULL,NULL,NULL,NULL,'丰台区','010',3,1,NULL,'110100'),('110107',NULL,NULL,NULL,NULL,NULL,'石景山区','010',3,1,NULL,'110100'),('110108',NULL,NULL,NULL,NULL,NULL,'海淀区','010',3,1,NULL,'110100'),('110109',NULL,NULL,NULL,NULL,NULL,'门头沟区','010',3,1,NULL,'110100'),('110111',NULL,NULL,NULL,NULL,NULL,'房山区','010',3,1,NULL,'110100'),('110112',NULL,NULL,NULL,NULL,NULL,'通州区','010',3,1,NULL,'110100'),('110113',NULL,NULL,NULL,NULL,NULL,'顺义区','010',3,1,NULL,'110100'),('110114',NULL,NULL,NULL,NULL,NULL,'昌平区','010',3,1,NULL,'110100'),('110115',NULL,NULL,NULL,NULL,NULL,'大兴区','010',3,1,NULL,'110100'),('110116',NULL,NULL,NULL,NULL,NULL,'怀柔区','010',3,1,NULL,'110100'),('110117',NULL,NULL,NULL,NULL,NULL,'平谷区','010',3,1,NULL,'110100'),('110118',NULL,NULL,NULL,NULL,NULL,'密云区','010',3,1,NULL,'110100'),('110119',NULL,NULL,NULL,NULL,NULL,'延庆区','010',3,1,NULL,'110100'),('120000',NULL,NULL,NULL,NULL,NULL,'天津市','022',1,1,NULL,NULL),('120100',NULL,NULL,NULL,NULL,NULL,'市辖区','022',2,1,NULL,'120000'),('120101',NULL,NULL,NULL,NULL,NULL,'和平区','022',3,1,NULL,'120100'),('120102',NULL,NULL,NULL,NULL,NULL,'河东区','022',3,1,NULL,'120100'),('120103',NULL,NULL,NULL,NULL,NULL,'河西区','022',3,1,NULL,'120100'),('120104',NULL,NULL,NULL,NULL,NULL,'南开区','022',3,1,NULL,'120100'),('120105',NULL,NULL,NULL,NULL,NULL,'河北区','022',3,1,NULL,'120100'),('120106',NULL,NULL,NULL,NULL,NULL,'红桥区','022',3,1,NULL,'120100'),('120110',NULL,NULL,NULL,NULL,NULL,'东丽区','022',3,1,NULL,'120100'),('120111',NULL,NULL,NULL,NULL,NULL,'西青区','022',3,1,NULL,'120100'),('120112',NULL,NULL,NULL,NULL,NULL,'津南区','022',3,1,NULL,'120100'),('120113',NULL,NULL,NULL,NULL,NULL,'北辰区','022',3,1,NULL,'120100'),('120114',NULL,NULL,NULL,NULL,NULL,'武清区','022',3,1,NULL,'120100'),('120115',NULL,NULL,NULL,NULL,NULL,'宝坻区','022',3,1,NULL,'120100'),('120116',NULL,NULL,NULL,NULL,NULL,'滨海新区','022',3,1,NULL,'120100'),('120117',NULL,NULL,NULL,NULL,NULL,'宁河区','022',3,1,NULL,'120100'),('120118',NULL,NULL,NULL,NULL,NULL,'静海区','022',3,1,NULL,'120100'),('120119',NULL,NULL,NULL,NULL,NULL,'蓟州区','022',3,1,NULL,'120100'),('130000',NULL,NULL,NULL,NULL,NULL,'河北省',NULL,1,1,NULL,NULL),('130100',NULL,NULL,NULL,NULL,NULL,'石家庄市','0311',2,1,NULL,'130000'),('130102',NULL,NULL,NULL,NULL,NULL,'长安区','0311',3,1,NULL,'130100'),('130104',NULL,NULL,NULL,NULL,NULL,'桥西区','0311',3,1,NULL,'130100'),('130105',NULL,NULL,NULL,NULL,NULL,'新华区','0311',3,1,NULL,'130100'),('130107',NULL,NULL,NULL,NULL,NULL,'井陉矿区','0311',3,1,NULL,'130100'),('130108',NULL,NULL,NULL,NULL,NULL,'裕华区','0311',3,1,NULL,'130100'),('130109',NULL,NULL,NULL,NULL,NULL,'藁城区','0311',3,1,NULL,'130100'),('130110',NULL,NULL,NULL,NULL,NULL,'鹿泉区','0311',3,1,NULL,'130100'),('130111',NULL,NULL,NULL,NULL,NULL,'栾城区','0311',3,1,NULL,'130100'),('130121',NULL,NULL,NULL,NULL,NULL,'井陉县','0311',3,1,NULL,'130100'),('130123',NULL,NULL,NULL,NULL,NULL,'正定县','0311',3,1,NULL,'130100'),('130125',NULL,NULL,NULL,NULL,NULL,'行唐县','0311',3,1,NULL,'130100'),('130126',NULL,NULL,NULL,NULL,NULL,'灵寿县','0311',3,1,NULL,'130100'),('130127',NULL,NULL,NULL,NULL,NULL,'高邑县','0311',3,1,NULL,'130100'),('130128',NULL,NULL,NULL,NULL,NULL,'深泽县','0311',3,1,NULL,'130100'),('130129',NULL,NULL,NULL,NULL,NULL,'赞皇县','0311',3,1,NULL,'130100'),('130130',NULL,NULL,NULL,NULL,NULL,'无极县','0311',3,1,NULL,'130100'),('130131',NULL,NULL,NULL,NULL,NULL,'平山县','0311',3,1,NULL,'130100'),('130132',NULL,NULL,NULL,NULL,NULL,'元氏县','0311',3,1,NULL,'130100'),('130133',NULL,NULL,NULL,NULL,NULL,'赵县','0311',3,1,NULL,'130100'),('130181',NULL,NULL,NULL,NULL,NULL,'辛集市','0311',3,1,NULL,'130100'),('130183',NULL,NULL,NULL,NULL,NULL,'晋州市','0311',3,1,NULL,'130100'),('130184',NULL,NULL,NULL,NULL,NULL,'新乐市','0311',3,1,NULL,'130100'),('130200',NULL,NULL,NULL,NULL,NULL,'唐山市','0315',2,1,NULL,'130000'),('130202',NULL,NULL,NULL,NULL,NULL,'路南区','0315',3,1,NULL,'130200'),('130203',NULL,NULL,NULL,NULL,NULL,'路北区','0315',3,1,NULL,'130200'),('130204',NULL,NULL,NULL,NULL,NULL,'古冶区','0315',3,1,NULL,'130200'),('130205',NULL,NULL,NULL,NULL,NULL,'开平区','0315',3,1,NULL,'130200'),('130207',NULL,NULL,NULL,NULL,NULL,'丰南区','0315',3,1,NULL,'130200'),('130208',NULL,NULL,NULL,NULL,NULL,'丰润区','0315',3,1,NULL,'130200'),('130209',NULL,NULL,NULL,NULL,NULL,'曹妃甸区','0315',3,1,NULL,'130200'),('130223',NULL,NULL,NULL,NULL,NULL,'滦县','0315',3,1,NULL,'130200'),('130224',NULL,NULL,NULL,NULL,NULL,'滦南县','0315',3,1,NULL,'130200'),('130225',NULL,NULL,NULL,NULL,NULL,'乐亭县','0315',3,1,NULL,'130200'),('130227',NULL,NULL,NULL,NULL,NULL,'迁西县','0315',3,1,NULL,'130200'),('130229',NULL,NULL,NULL,NULL,NULL,'玉田县','0315',3,1,NULL,'130200'),('130281',NULL,NULL,NULL,NULL,NULL,'遵化市','0315',3,1,NULL,'130200'),('130283',NULL,NULL,NULL,NULL,NULL,'迁安市','0315',3,1,NULL,'130200'),('130300',NULL,NULL,NULL,NULL,NULL,'秦皇岛市','0335',2,1,NULL,'130000'),('130302',NULL,NULL,NULL,NULL,NULL,'海港区','0335',3,1,NULL,'130300'),('130303',NULL,NULL,NULL,NULL,NULL,'山海关区','0335',3,1,NULL,'130300'),('130304',NULL,NULL,NULL,NULL,NULL,'北戴河区','0335',3,1,NULL,'130300'),('130306',NULL,NULL,NULL,NULL,NULL,'抚宁区','0335',3,1,NULL,'130300'),('130321',NULL,NULL,NULL,NULL,NULL,'青龙满族自治县','0335',3,1,NULL,'130300'),('130322',NULL,NULL,NULL,NULL,NULL,'昌黎县','0335',3,1,NULL,'130300'),('130324',NULL,NULL,NULL,NULL,NULL,'卢龙县','0335',3,1,NULL,'130300'),('130400',NULL,NULL,NULL,NULL,NULL,'邯郸市','0310',2,1,NULL,'130000'),('130402',NULL,NULL,NULL,NULL,NULL,'邯山区','0310',3,1,NULL,'130400'),('130403',NULL,NULL,NULL,NULL,NULL,'丛台区','0310',3,1,NULL,'130400'),('130404',NULL,NULL,NULL,NULL,NULL,'复兴区','0310',3,1,NULL,'130400'),('130406',NULL,NULL,NULL,NULL,NULL,'峰峰矿区','0310',3,1,NULL,'130400'),('130421',NULL,NULL,NULL,NULL,NULL,'邯郸县','0310',3,1,NULL,'130400'),('130423',NULL,NULL,NULL,NULL,NULL,'临漳县','0310',3,1,NULL,'130400'),('130424',NULL,NULL,NULL,NULL,NULL,'成安县','0310',3,1,NULL,'130400'),('130425',NULL,NULL,NULL,NULL,NULL,'大名县','0310',3,1,NULL,'130400'),('130426',NULL,NULL,NULL,NULL,NULL,'涉县','0310',3,1,NULL,'130400'),('130427',NULL,NULL,NULL,NULL,NULL,'磁县','0310',3,1,NULL,'130400'),('130428',NULL,NULL,NULL,NULL,NULL,'肥乡县','0310',3,1,NULL,'130400'),('130429',NULL,NULL,NULL,NULL,NULL,'永年县','0310',3,1,NULL,'130400'),('130430',NULL,NULL,NULL,NULL,NULL,'邱县','0310',3,1,NULL,'130400'),('130431',NULL,NULL,NULL,NULL,NULL,'鸡泽县','0310',3,1,NULL,'130400'),('130432',NULL,NULL,NULL,NULL,NULL,'广平县','0310',3,1,NULL,'130400'),('130433',NULL,NULL,NULL,NULL,NULL,'馆陶县','0310',3,1,NULL,'130400'),('130434',NULL,NULL,NULL,NULL,NULL,'魏县','0310',3,1,NULL,'130400'),('130435',NULL,NULL,NULL,NULL,NULL,'曲周县','0310',3,1,NULL,'130400'),('130481',NULL,NULL,NULL,NULL,NULL,'武安市','0310',3,1,NULL,'130400'),('130500',NULL,NULL,NULL,NULL,NULL,'邢台市','0319',2,1,NULL,'130000'),('130502',NULL,NULL,NULL,NULL,NULL,'桥东区','0319',3,1,NULL,'130500'),('130503',NULL,NULL,NULL,NULL,NULL,'桥西区','0319',3,1,NULL,'130500'),('130521',NULL,NULL,NULL,NULL,NULL,'邢台县','0319',3,1,NULL,'130500'),('130522',NULL,NULL,NULL,NULL,NULL,'临城县','0319',3,1,NULL,'130500'),('130523',NULL,NULL,NULL,NULL,NULL,'内丘县','0319',3,1,NULL,'130500'),('130524',NULL,NULL,NULL,NULL,NULL,'柏乡县','0319',3,1,NULL,'130500'),('130525',NULL,NULL,NULL,NULL,NULL,'隆尧县','0319',3,1,NULL,'130500'),('130526',NULL,NULL,NULL,NULL,NULL,'任县','0319',3,1,NULL,'130500'),('130527',NULL,NULL,NULL,NULL,NULL,'南和县','0319',3,1,NULL,'130500'),('130528',NULL,NULL,NULL,NULL,NULL,'宁晋县','0319',3,1,NULL,'130500'),('130529',NULL,NULL,NULL,NULL,NULL,'巨鹿县','0319',3,1,NULL,'130500'),('130530',NULL,NULL,NULL,NULL,NULL,'新河县','0319',3,1,NULL,'130500'),('130531',NULL,NULL,NULL,NULL,NULL,'广宗县','0319',3,1,NULL,'130500'),('130532',NULL,NULL,NULL,NULL,NULL,'平乡县','0319',3,1,NULL,'130500'),('130533',NULL,NULL,NULL,NULL,NULL,'威县','0319',3,1,NULL,'130500'),('130534',NULL,NULL,NULL,NULL,NULL,'清河县','0319',3,1,NULL,'130500'),('130535',NULL,NULL,NULL,NULL,NULL,'临西县','0319',3,1,NULL,'130500'),('130581',NULL,NULL,NULL,NULL,NULL,'南宫市','0319',3,1,NULL,'130500'),('130582',NULL,NULL,NULL,NULL,NULL,'沙河市','0319',3,1,NULL,'130500'),('130600',NULL,NULL,NULL,NULL,NULL,'保定市','0312',2,1,NULL,'130000'),('130602',NULL,NULL,NULL,NULL,NULL,'竞秀区','0312',3,1,NULL,'130600'),('130606',NULL,NULL,NULL,NULL,NULL,'莲池区','0312',3,1,NULL,'130600'),('130607',NULL,NULL,NULL,NULL,NULL,'满城区','0312',3,1,NULL,'130600'),('130608',NULL,NULL,NULL,NULL,NULL,'清苑区','0312',3,1,NULL,'130600'),('130609',NULL,NULL,NULL,NULL,NULL,'徐水区','0312',3,1,NULL,'130600'),('130623',NULL,NULL,NULL,NULL,NULL,'涞水县','0312',3,1,NULL,'130600'),('130624',NULL,NULL,NULL,NULL,NULL,'阜平县','0312',3,1,NULL,'130600'),('130626',NULL,NULL,NULL,NULL,NULL,'定兴县','0312',3,1,NULL,'130600'),('130627',NULL,NULL,NULL,NULL,NULL,'唐县','0312',3,1,NULL,'130600'),('130628',NULL,NULL,NULL,NULL,NULL,'高阳县','0312',3,1,NULL,'130600'),('130629',NULL,NULL,NULL,NULL,NULL,'容城县','0312',3,1,NULL,'130600'),('130630',NULL,NULL,NULL,NULL,NULL,'涞源县','0312',3,1,NULL,'130600'),('130631',NULL,NULL,NULL,NULL,NULL,'望都县','0312',3,1,NULL,'130600'),('130632',NULL,NULL,NULL,NULL,NULL,'安新县','0312',3,1,NULL,'130600'),('130633',NULL,NULL,NULL,NULL,NULL,'易县','0312',3,1,NULL,'130600'),('130634',NULL,NULL,NULL,NULL,NULL,'曲阳县','0312',3,1,NULL,'130600'),('130635',NULL,NULL,NULL,NULL,NULL,'蠡县','0312',3,1,NULL,'130600'),('130636',NULL,NULL,NULL,NULL,NULL,'顺平县','0312',3,1,NULL,'130600'),('130637',NULL,NULL,NULL,NULL,NULL,'博野县','0312',3,1,NULL,'130600'),('130638',NULL,NULL,NULL,NULL,NULL,'雄县','0312',3,1,NULL,'130600'),('130681',NULL,NULL,NULL,NULL,NULL,'涿州市','0312',3,1,NULL,'130600'),('130682',NULL,NULL,NULL,NULL,NULL,'定州市','0312',3,1,NULL,'130600'),('130683',NULL,NULL,NULL,NULL,NULL,'安国市','0312',3,1,NULL,'130600'),('130684',NULL,NULL,NULL,NULL,NULL,'高碑店市','0312',3,1,NULL,'130600'),('130700',NULL,NULL,NULL,NULL,NULL,'张家口市','0313',2,1,NULL,'130000'),('130702',NULL,NULL,NULL,NULL,NULL,'桥东区','0313',3,1,NULL,'130700'),('130703',NULL,NULL,NULL,NULL,NULL,'桥西区','0313',3,1,NULL,'130700'),('130705',NULL,NULL,NULL,NULL,NULL,'宣化区','0313',3,1,NULL,'130700'),('130706',NULL,NULL,NULL,NULL,NULL,'下花园区','0313',3,1,NULL,'130700'),('130708',NULL,NULL,NULL,NULL,NULL,'万全区','0313',3,1,NULL,'130700'),('130709',NULL,NULL,NULL,NULL,NULL,'崇礼区','0313',3,1,NULL,'130700'),('130722',NULL,NULL,NULL,NULL,NULL,'张北县','0313',3,1,NULL,'130700'),('130723',NULL,NULL,NULL,NULL,NULL,'康保县','0313',3,1,NULL,'130700'),('130724',NULL,NULL,NULL,NULL,NULL,'沽源县','0313',3,1,NULL,'130700'),('130725',NULL,NULL,NULL,NULL,NULL,'尚义县','0313',3,1,NULL,'130700'),('130726',NULL,NULL,NULL,NULL,NULL,'蔚县','0313',3,1,NULL,'130700'),('130727',NULL,NULL,NULL,NULL,NULL,'阳原县','0313',3,1,NULL,'130700'),('130728',NULL,NULL,NULL,NULL,NULL,'怀安县','0313',3,1,NULL,'130700'),('130730',NULL,NULL,NULL,NULL,NULL,'怀来县','0313',3,1,NULL,'130700'),('130731',NULL,NULL,NULL,NULL,NULL,'涿鹿县','0313',3,1,NULL,'130700'),('130732',NULL,NULL,NULL,NULL,NULL,'赤城县','0313',3,1,NULL,'130700'),('130800',NULL,NULL,NULL,NULL,NULL,'承德市','0314',2,1,NULL,'130000'),('130802',NULL,NULL,NULL,NULL,NULL,'双桥区','0314',3,1,NULL,'130800'),('130803',NULL,NULL,NULL,NULL,NULL,'双滦区','0314',3,1,NULL,'130800'),('130804',NULL,NULL,NULL,NULL,NULL,'鹰手营子矿区','0314',3,1,NULL,'130800'),('130821',NULL,NULL,NULL,NULL,NULL,'承德县','0314',3,1,NULL,'130800'),('130822',NULL,NULL,NULL,NULL,NULL,'兴隆县','0314',3,1,NULL,'130800'),('130823',NULL,NULL,NULL,NULL,NULL,'平泉县','0314',3,1,NULL,'130800'),('130824',NULL,NULL,NULL,NULL,NULL,'滦平县','0314',3,1,NULL,'130800'),('130825',NULL,NULL,NULL,NULL,NULL,'隆化县','0314',3,1,NULL,'130800'),('130826',NULL,NULL,NULL,NULL,NULL,'丰宁满族自治县','0314',3,1,NULL,'130800'),('130827',NULL,NULL,NULL,NULL,NULL,'宽城满族自治县','0314',3,1,NULL,'130800'),('130828',NULL,NULL,NULL,NULL,NULL,'围场满族蒙古族自治县','0314',3,1,NULL,'130800'),('130900',NULL,NULL,NULL,NULL,NULL,'沧州市','0317',2,1,NULL,'130000'),('130902',NULL,NULL,NULL,NULL,NULL,'新华区','0317',3,1,NULL,'130900'),('130903',NULL,NULL,NULL,NULL,NULL,'运河区','0317',3,1,NULL,'130900'),('130921',NULL,NULL,NULL,NULL,NULL,'沧县','0317',3,1,NULL,'130900'),('130922',NULL,NULL,NULL,NULL,NULL,'青县','0317',3,1,NULL,'130900'),('130923',NULL,NULL,NULL,NULL,NULL,'东光县','0317',3,1,NULL,'130900'),('130924',NULL,NULL,NULL,NULL,NULL,'海兴县','0317',3,1,NULL,'130900'),('130925',NULL,NULL,NULL,NULL,NULL,'盐山县','0317',3,1,NULL,'130900'),('130926',NULL,NULL,NULL,NULL,NULL,'肃宁县','0317',3,1,NULL,'130900'),('130927',NULL,NULL,NULL,NULL,NULL,'南皮县','0317',3,1,NULL,'130900'),('130928',NULL,NULL,NULL,NULL,NULL,'吴桥县','0317',3,1,NULL,'130900'),('130929',NULL,NULL,NULL,NULL,NULL,'献县','0317',3,1,NULL,'130900'),('130930',NULL,NULL,NULL,NULL,NULL,'孟村回族自治县','0317',3,1,NULL,'130900'),('130981',NULL,NULL,NULL,NULL,NULL,'泊头市','0317',3,1,NULL,'130900'),('130982',NULL,NULL,NULL,NULL,NULL,'任丘市','0317',3,1,NULL,'130900'),('130983',NULL,NULL,NULL,NULL,NULL,'黄骅市','0317',3,1,NULL,'130900'),('130984',NULL,NULL,NULL,NULL,NULL,'河间市','0317',3,1,NULL,'130900'),('131000',NULL,NULL,NULL,NULL,NULL,'廊坊市','0316',2,1,NULL,'130000'),('131002',NULL,NULL,NULL,NULL,NULL,'安次区','0316',3,1,NULL,'131000'),('131003',NULL,NULL,NULL,NULL,NULL,'广阳区','0316',3,1,NULL,'131000'),('131022',NULL,NULL,NULL,NULL,NULL,'固安县','0316',3,1,NULL,'131000'),('131023',NULL,NULL,NULL,NULL,NULL,'永清县','0316',3,1,NULL,'131000'),('131024',NULL,NULL,NULL,NULL,NULL,'香河县','0316',3,1,NULL,'131000'),('131025',NULL,NULL,NULL,NULL,NULL,'大城县','0316',3,1,NULL,'131000'),('131026',NULL,NULL,NULL,NULL,NULL,'文安县','0316',3,1,NULL,'131000'),('131028',NULL,NULL,NULL,NULL,NULL,'大厂回族自治县','0316',3,1,NULL,'131000'),('131081',NULL,NULL,NULL,NULL,NULL,'霸州市','0316',3,1,NULL,'131000'),('131082',NULL,NULL,NULL,NULL,NULL,'三河市','0316',3,1,NULL,'131000'),('131100',NULL,NULL,NULL,NULL,NULL,'衡水市','0318',2,1,NULL,'130000'),('131102',NULL,NULL,NULL,NULL,NULL,'桃城区','0318',3,1,NULL,'131100'),('131103',NULL,NULL,NULL,NULL,NULL,'冀州区','0318',3,1,NULL,'131100'),('131121',NULL,NULL,NULL,NULL,NULL,'枣强县','0318',3,1,NULL,'131100'),('131122',NULL,NULL,NULL,NULL,NULL,'武邑县','0318',3,1,NULL,'131100'),('131123',NULL,NULL,NULL,NULL,NULL,'武强县','0318',3,1,NULL,'131100'),('131124',NULL,NULL,NULL,NULL,NULL,'饶阳县','0318',3,1,NULL,'131100'),('131125',NULL,NULL,NULL,NULL,NULL,'安平县','0318',3,1,NULL,'131100'),('131126',NULL,NULL,NULL,NULL,NULL,'故城县','0318',3,1,NULL,'131100'),('131127',NULL,NULL,NULL,NULL,NULL,'景县','0318',3,1,NULL,'131100'),('131128',NULL,NULL,NULL,NULL,NULL,'阜城县','0318',3,1,NULL,'131100'),('131182',NULL,NULL,NULL,NULL,NULL,'深州市','0318',3,1,NULL,'131100'),('140000',NULL,NULL,NULL,NULL,NULL,'山西省',NULL,1,1,NULL,NULL),('140100',NULL,NULL,NULL,NULL,NULL,'太原市','0351',2,1,NULL,'140000'),('140105',NULL,NULL,NULL,NULL,NULL,'小店区','0351',3,1,NULL,'140100'),('140106',NULL,NULL,NULL,NULL,NULL,'迎泽区','0351',3,1,NULL,'140100'),('140107',NULL,NULL,NULL,NULL,NULL,'杏花岭区','0351',3,1,NULL,'140100'),('140108',NULL,NULL,NULL,NULL,NULL,'尖草坪区','0351',3,1,NULL,'140100'),('140109',NULL,NULL,NULL,NULL,NULL,'万柏林区','0351',3,1,NULL,'140100'),('140110',NULL,NULL,NULL,NULL,NULL,'晋源区','0351',3,1,NULL,'140100'),('140121',NULL,NULL,NULL,NULL,NULL,'清徐县','0351',3,1,NULL,'140100'),('140122',NULL,NULL,NULL,NULL,NULL,'阳曲县','0351',3,1,NULL,'140100'),('140123',NULL,NULL,NULL,NULL,NULL,'娄烦县','0351',3,1,NULL,'140100'),('140181',NULL,NULL,NULL,NULL,NULL,'古交市','0351',3,1,NULL,'140100'),('140200',NULL,NULL,NULL,NULL,NULL,'大同市','0352',2,1,NULL,'140000'),('140202',NULL,NULL,NULL,NULL,NULL,'城区','0352',3,1,NULL,'140200'),('140203',NULL,NULL,NULL,NULL,NULL,'矿区','0352',3,1,NULL,'140200'),('140211',NULL,NULL,NULL,NULL,NULL,'南郊区','0352',3,1,NULL,'140200'),('140212',NULL,NULL,NULL,NULL,NULL,'新荣区','0352',3,1,NULL,'140200'),('140221',NULL,NULL,NULL,NULL,NULL,'阳高县','0352',3,1,NULL,'140200'),('140222',NULL,NULL,NULL,NULL,NULL,'天镇县','0352',3,1,NULL,'140200'),('140223',NULL,NULL,NULL,NULL,NULL,'广灵县','0352',3,1,NULL,'140200'),('140224',NULL,NULL,NULL,NULL,NULL,'灵丘县','0352',3,1,NULL,'140200'),('140225',NULL,NULL,NULL,NULL,NULL,'浑源县','0352',3,1,NULL,'140200'),('140226',NULL,NULL,NULL,NULL,NULL,'左云县','0352',3,1,NULL,'140200'),('140227',NULL,NULL,NULL,NULL,NULL,'大同县','0352',3,1,NULL,'140200'),('140300',NULL,NULL,NULL,NULL,NULL,'阳泉市','0353',2,1,NULL,'140000'),('140302',NULL,NULL,NULL,NULL,NULL,'城区','0353',3,1,NULL,'140300'),('140303',NULL,NULL,NULL,NULL,NULL,'矿区','0353',3,1,NULL,'140300'),('140311',NULL,NULL,NULL,NULL,NULL,'郊区','0353',3,1,NULL,'140300'),('140321',NULL,NULL,NULL,NULL,NULL,'平定县','0353',3,1,NULL,'140300'),('140322',NULL,NULL,NULL,NULL,NULL,'盂县','0353',3,1,NULL,'140300'),('140400',NULL,NULL,NULL,NULL,NULL,'长治市','0355',2,1,NULL,'140000'),('140402',NULL,NULL,NULL,NULL,NULL,'城区','0355',3,1,NULL,'140400'),('140411',NULL,NULL,NULL,NULL,NULL,'郊区','0355',3,1,NULL,'140400'),('140421',NULL,NULL,NULL,NULL,NULL,'长治县','0355',3,1,NULL,'140400'),('140423',NULL,NULL,NULL,NULL,NULL,'襄垣县','0355',3,1,NULL,'140400'),('140424',NULL,NULL,NULL,NULL,NULL,'屯留县','0355',3,1,NULL,'140400'),('140425',NULL,NULL,NULL,NULL,NULL,'平顺县','0355',3,1,NULL,'140400'),('140426',NULL,NULL,NULL,NULL,NULL,'黎城县','0355',3,1,NULL,'140400'),('140427',NULL,NULL,NULL,NULL,NULL,'壶关县','0355',3,1,NULL,'140400'),('140428',NULL,NULL,NULL,NULL,NULL,'长子县','0355',3,1,NULL,'140400'),('140429',NULL,NULL,NULL,NULL,NULL,'武乡县','0355',3,1,NULL,'140400'),('140430',NULL,NULL,NULL,NULL,NULL,'沁县','0355',3,1,NULL,'140400'),('140431',NULL,NULL,NULL,NULL,NULL,'沁源县','0355',3,1,NULL,'140400'),('140481',NULL,NULL,NULL,NULL,NULL,'潞城市','0355',3,1,NULL,'140400'),('140500',NULL,NULL,NULL,NULL,NULL,'晋城市','0356',2,1,NULL,'140000'),('140502',NULL,NULL,NULL,NULL,NULL,'城区','0356',3,1,NULL,'140500'),('140521',NULL,NULL,NULL,NULL,NULL,'沁水县','0356',3,1,NULL,'140500'),('140522',NULL,NULL,NULL,NULL,NULL,'阳城县','0356',3,1,NULL,'140500'),('140524',NULL,NULL,NULL,NULL,NULL,'陵川县','0356',3,1,NULL,'140500'),('140525',NULL,NULL,NULL,NULL,NULL,'泽州县','0356',3,1,NULL,'140500'),('140581',NULL,NULL,NULL,NULL,NULL,'高平市','0356',3,1,NULL,'140500'),('140600',NULL,NULL,NULL,NULL,NULL,'朔州市','0349',2,1,NULL,'140000'),('140602',NULL,NULL,NULL,NULL,NULL,'朔城区','0349',3,1,NULL,'140600'),('140603',NULL,NULL,NULL,NULL,NULL,'平鲁区','0349',3,1,NULL,'140600'),('140621',NULL,NULL,NULL,NULL,NULL,'山阴县','0349',3,1,NULL,'140600'),('140622',NULL,NULL,NULL,NULL,NULL,'应县','0349',3,1,NULL,'140600'),('140623',NULL,NULL,NULL,NULL,NULL,'右玉县','0349',3,1,NULL,'140600'),('140624',NULL,NULL,NULL,NULL,NULL,'怀仁县','0349',3,1,NULL,'140600'),('140700',NULL,NULL,NULL,NULL,NULL,'晋中市','0354',2,1,NULL,'140000'),('140702',NULL,NULL,NULL,NULL,NULL,'榆次区','0354',3,1,NULL,'140700'),('140721',NULL,NULL,NULL,NULL,NULL,'榆社县','0354',3,1,NULL,'140700'),('140722',NULL,NULL,NULL,NULL,NULL,'左权县','0354',3,1,NULL,'140700'),('140723',NULL,NULL,NULL,NULL,NULL,'和顺县','0354',3,1,NULL,'140700'),('140724',NULL,NULL,NULL,NULL,NULL,'昔阳县','0354',3,1,NULL,'140700'),('140725',NULL,NULL,NULL,NULL,NULL,'寿阳县','0354',3,1,NULL,'140700'),('140726',NULL,NULL,NULL,NULL,NULL,'太谷县','0354',3,1,NULL,'140700'),('140727',NULL,NULL,NULL,NULL,NULL,'祁县','0354',3,1,NULL,'140700'),('140728',NULL,NULL,NULL,NULL,NULL,'平遥县','0354',3,1,NULL,'140700'),('140729',NULL,NULL,NULL,NULL,NULL,'灵石县','0354',3,1,NULL,'140700'),('140781',NULL,NULL,NULL,NULL,NULL,'介休市','0354',3,1,NULL,'140700'),('140800',NULL,NULL,NULL,NULL,NULL,'运城市','0359',2,1,NULL,'140000'),('140802',NULL,NULL,NULL,NULL,NULL,'盐湖区','0359',3,1,NULL,'140800'),('140821',NULL,NULL,NULL,NULL,NULL,'临猗县','0359',3,1,NULL,'140800'),('140822',NULL,NULL,NULL,NULL,NULL,'万荣县','0359',3,1,NULL,'140800'),('140823',NULL,NULL,NULL,NULL,NULL,'闻喜县','0359',3,1,NULL,'140800'),('140824',NULL,NULL,NULL,NULL,NULL,'稷山县','0359',3,1,NULL,'140800'),('140825',NULL,NULL,NULL,NULL,NULL,'新绛县','0359',3,1,NULL,'140800'),('140826',NULL,NULL,NULL,NULL,NULL,'绛县','0359',3,1,NULL,'140800'),('140827',NULL,NULL,NULL,NULL,NULL,'垣曲县','0359',3,1,NULL,'140800'),('140828',NULL,NULL,NULL,NULL,NULL,'夏县','0359',3,1,NULL,'140800'),('140829',NULL,NULL,NULL,NULL,NULL,'平陆县','0359',3,1,NULL,'140800'),('140830',NULL,NULL,NULL,NULL,NULL,'芮城县','0359',3,1,NULL,'140800'),('140881',NULL,NULL,NULL,NULL,NULL,'永济市','0359',3,1,NULL,'140800'),('140882',NULL,NULL,NULL,NULL,NULL,'河津市','0359',3,1,NULL,'140800'),('140900',NULL,NULL,NULL,NULL,NULL,'忻州市','0350',2,1,NULL,'140000'),('140902',NULL,NULL,NULL,NULL,NULL,'忻府区','0350',3,1,NULL,'140900'),('140921',NULL,NULL,NULL,NULL,NULL,'定襄县','0350',3,1,NULL,'140900'),('140922',NULL,NULL,NULL,NULL,NULL,'五台县','0350',3,1,NULL,'140900'),('140923',NULL,NULL,NULL,NULL,NULL,'代县','0350',3,1,NULL,'140900'),('140924',NULL,NULL,NULL,NULL,NULL,'繁峙县','0350',3,1,NULL,'140900'),('140925',NULL,NULL,NULL,NULL,NULL,'宁武县','0350',3,1,NULL,'140900'),('140926',NULL,NULL,NULL,NULL,NULL,'静乐县','0350',3,1,NULL,'140900'),('140927',NULL,NULL,NULL,NULL,NULL,'神池县','0350',3,1,NULL,'140900'),('140928',NULL,NULL,NULL,NULL,NULL,'五寨县','0350',3,1,NULL,'140900'),('140929',NULL,NULL,NULL,NULL,NULL,'岢岚县','0350',3,1,NULL,'140900'),('140930',NULL,NULL,NULL,NULL,NULL,'河曲县','0350',3,1,NULL,'140900'),('140931',NULL,NULL,NULL,NULL,NULL,'保德县','0350',3,1,NULL,'140900'),('140932',NULL,NULL,NULL,NULL,NULL,'偏关县','0350',3,1,NULL,'140900'),('140981',NULL,NULL,NULL,NULL,NULL,'原平市','0350',3,1,NULL,'140900'),('141000',NULL,NULL,NULL,NULL,NULL,'临汾市','0357',2,1,NULL,'140000'),('141002',NULL,NULL,NULL,NULL,NULL,'尧都区','0357',3,1,NULL,'141000'),('141021',NULL,NULL,NULL,NULL,NULL,'曲沃县','0357',3,1,NULL,'141000'),('141022',NULL,NULL,NULL,NULL,NULL,'翼城县','0357',3,1,NULL,'141000'),('141023',NULL,NULL,NULL,NULL,NULL,'襄汾县','0357',3,1,NULL,'141000'),('141024',NULL,NULL,NULL,NULL,NULL,'洪洞县','0357',3,1,NULL,'141000'),('141025',NULL,NULL,NULL,NULL,NULL,'古县','0357',3,1,NULL,'141000'),('141026',NULL,NULL,NULL,NULL,NULL,'安泽县','0357',3,1,NULL,'141000'),('141027',NULL,NULL,NULL,NULL,NULL,'浮山县','0357',3,1,NULL,'141000'),('141028',NULL,NULL,NULL,NULL,NULL,'吉县','0357',3,1,NULL,'141000'),('141029',NULL,NULL,NULL,NULL,NULL,'乡宁县','0357',3,1,NULL,'141000'),('141030',NULL,NULL,NULL,NULL,NULL,'大宁县','0357',3,1,NULL,'141000'),('141031',NULL,NULL,NULL,NULL,NULL,'隰县','0357',3,1,NULL,'141000'),('141032',NULL,NULL,NULL,NULL,NULL,'永和县','0357',3,1,NULL,'141000'),('141033',NULL,NULL,NULL,NULL,NULL,'蒲县','0357',3,1,NULL,'141000'),('141034',NULL,NULL,NULL,NULL,NULL,'汾西县','0357',3,1,NULL,'141000'),('141081',NULL,NULL,NULL,NULL,NULL,'侯马市','0357',3,1,NULL,'141000'),('141082',NULL,NULL,NULL,NULL,NULL,'霍州市','0357',3,1,NULL,'141000'),('141100',NULL,NULL,NULL,NULL,NULL,'吕梁市','0358',2,1,NULL,'140000'),('141102',NULL,NULL,NULL,NULL,NULL,'离石区','0358',3,1,NULL,'141100'),('141121',NULL,NULL,NULL,NULL,NULL,'文水县','0358',3,1,NULL,'141100'),('141122',NULL,NULL,NULL,NULL,NULL,'交城县','0358',3,1,NULL,'141100'),('141123',NULL,NULL,NULL,NULL,NULL,'兴县','0358',3,1,NULL,'141100'),('141124',NULL,NULL,NULL,NULL,NULL,'临县','0358',3,1,NULL,'141100'),('141125',NULL,NULL,NULL,NULL,NULL,'柳林县','0358',3,1,NULL,'141100'),('141126',NULL,NULL,NULL,NULL,NULL,'石楼县','0358',3,1,NULL,'141100'),('141127',NULL,NULL,NULL,NULL,NULL,'岚县','0358',3,1,NULL,'141100'),('141128',NULL,NULL,NULL,NULL,NULL,'方山县','0358',3,1,NULL,'141100'),('141129',NULL,NULL,NULL,NULL,NULL,'中阳县','0358',3,1,NULL,'141100'),('141130',NULL,NULL,NULL,NULL,NULL,'交口县','0358',3,1,NULL,'141100'),('141181',NULL,NULL,NULL,NULL,NULL,'孝义市','0358',3,1,NULL,'141100'),('141182',NULL,NULL,NULL,NULL,NULL,'汾阳市','0358',3,1,NULL,'141100'),('150000',NULL,NULL,NULL,NULL,NULL,'内蒙古自治区',NULL,1,1,NULL,NULL),('150100',NULL,NULL,NULL,NULL,NULL,'呼和浩特市','0471',2,1,NULL,'150000'),('150102',NULL,NULL,NULL,NULL,NULL,'新城区','0471',3,1,NULL,'150100'),('150103',NULL,NULL,NULL,NULL,NULL,'回民区','0471',3,1,NULL,'150100'),('150104',NULL,NULL,NULL,NULL,NULL,'玉泉区','0471',3,1,NULL,'150100'),('150105',NULL,NULL,NULL,NULL,NULL,'赛罕区','0471',3,1,NULL,'150100'),('150121',NULL,NULL,NULL,NULL,NULL,'土默特左旗','0471',3,1,NULL,'150100'),('150122',NULL,NULL,NULL,NULL,NULL,'托克托县','0471',3,1,NULL,'150100'),('150123',NULL,NULL,NULL,NULL,NULL,'和林格尔县','0471',3,1,NULL,'150100'),('150124',NULL,NULL,NULL,NULL,NULL,'清水河县','0471',3,1,NULL,'150100'),('150125',NULL,NULL,NULL,NULL,NULL,'武川县','0471',3,1,NULL,'150100'),('150200',NULL,NULL,NULL,NULL,NULL,'包头市','0472',2,1,NULL,'150000'),('150202',NULL,NULL,NULL,NULL,NULL,'东河区','0472',3,1,NULL,'150200'),('150203',NULL,NULL,NULL,NULL,NULL,'昆都仑区','0472',3,1,NULL,'150200'),('150204',NULL,NULL,NULL,NULL,NULL,'青山区','0472',3,1,NULL,'150200'),('150205',NULL,NULL,NULL,NULL,NULL,'石拐区','0472',3,1,NULL,'150200'),('150206',NULL,NULL,NULL,NULL,NULL,'白云鄂博矿区','0472',3,1,NULL,'150200'),('150207',NULL,NULL,NULL,NULL,NULL,'九原区','0472',3,1,NULL,'150200'),('150221',NULL,NULL,NULL,NULL,NULL,'土默特右旗','0472',3,1,NULL,'150200'),('150222',NULL,NULL,NULL,NULL,NULL,'固阳县','0472',3,1,NULL,'150200'),('150223',NULL,NULL,NULL,NULL,NULL,'达尔罕茂明安联合旗','0472',3,1,NULL,'150200'),('150300',NULL,NULL,NULL,NULL,NULL,'乌海市','0473',2,1,NULL,'150000'),('150302',NULL,NULL,NULL,NULL,NULL,'海勃湾区','0473',3,1,NULL,'150300'),('150303',NULL,NULL,NULL,NULL,NULL,'海南区','0473',3,1,NULL,'150300'),('150304',NULL,NULL,NULL,NULL,NULL,'乌达区','0473',3,1,NULL,'150300'),('150400',NULL,NULL,NULL,NULL,NULL,'赤峰市','0476',2,1,NULL,'150000'),('150402',NULL,NULL,NULL,NULL,NULL,'红山区','0476',3,1,NULL,'150400'),('150403',NULL,NULL,NULL,NULL,NULL,'元宝山区','0476',3,1,NULL,'150400'),('150404',NULL,NULL,NULL,NULL,NULL,'松山区','0476',3,1,NULL,'150400'),('150421',NULL,NULL,NULL,NULL,NULL,'阿鲁科尔沁旗','0476',3,1,NULL,'150400'),('150422',NULL,NULL,NULL,NULL,NULL,'巴林左旗','0476',3,1,NULL,'150400'),('150423',NULL,NULL,NULL,NULL,NULL,'巴林右旗','0476',3,1,NULL,'150400'),('150424',NULL,NULL,NULL,NULL,NULL,'林西县','0476',3,1,NULL,'150400'),('150425',NULL,NULL,NULL,NULL,NULL,'克什克腾旗','0476',3,1,NULL,'150400'),('150426',NULL,NULL,NULL,NULL,NULL,'翁牛特旗','0476',3,1,NULL,'150400'),('150428',NULL,NULL,NULL,NULL,NULL,'喀喇沁旗','0476',3,1,NULL,'150400'),('150429',NULL,NULL,NULL,NULL,NULL,'宁城县','0476',3,1,NULL,'150400'),('150430',NULL,NULL,NULL,NULL,NULL,'敖汉旗','0476',3,1,NULL,'150400'),('150500',NULL,NULL,NULL,NULL,NULL,'通辽市','0475',2,1,NULL,'150000'),('150502',NULL,NULL,NULL,NULL,NULL,'科尔沁区','0475',3,1,NULL,'150500'),('150521',NULL,NULL,NULL,NULL,NULL,'科尔沁左翼中旗','0475',3,1,NULL,'150500'),('150522',NULL,NULL,NULL,NULL,NULL,'科尔沁左翼后旗','0475',3,1,NULL,'150500'),('150523',NULL,NULL,NULL,NULL,NULL,'开鲁县','0475',3,1,NULL,'150500'),('150524',NULL,NULL,NULL,NULL,NULL,'库伦旗','0475',3,1,NULL,'150500'),('150525',NULL,NULL,NULL,NULL,NULL,'奈曼旗','0475',3,1,NULL,'150500'),('150526',NULL,NULL,NULL,NULL,NULL,'扎鲁特旗','0475',3,1,NULL,'150500'),('150581',NULL,NULL,NULL,NULL,NULL,'霍林郭勒市','0475',3,1,NULL,'150500'),('150600',NULL,NULL,NULL,NULL,NULL,'鄂尔多斯市','0477',2,1,NULL,'150000'),('150602',NULL,NULL,NULL,NULL,NULL,'东胜区','0477',3,1,NULL,'150600'),('150603',NULL,NULL,NULL,NULL,NULL,'康巴什区','0477',3,1,NULL,'150600'),('150621',NULL,NULL,NULL,NULL,NULL,'达拉特旗','0477',3,1,NULL,'150600'),('150622',NULL,NULL,NULL,NULL,NULL,'准格尔旗','0477',3,1,NULL,'150600'),('150623',NULL,NULL,NULL,NULL,NULL,'鄂托克前旗','0477',3,1,NULL,'150600'),('150624',NULL,NULL,NULL,NULL,NULL,'鄂托克旗','0477',3,1,NULL,'150600'),('150625',NULL,NULL,NULL,NULL,NULL,'杭锦旗','0477',3,1,NULL,'150600'),('150626',NULL,NULL,NULL,NULL,NULL,'乌审旗','0477',3,1,NULL,'150600'),('150627',NULL,NULL,NULL,NULL,NULL,'伊金霍洛旗','0477',3,1,NULL,'150600'),('150700',NULL,NULL,NULL,NULL,NULL,'呼伦贝尔市','0470',2,1,NULL,'150000'),('150702',NULL,NULL,NULL,NULL,NULL,'海拉尔区','0470',3,1,NULL,'150700'),('150703',NULL,NULL,NULL,NULL,NULL,'扎赉诺尔区','0470',3,1,NULL,'150700'),('150721',NULL,NULL,NULL,NULL,NULL,'阿荣旗','0470',3,1,NULL,'150700'),('150722',NULL,NULL,NULL,NULL,NULL,'莫力达瓦达斡尔族自治旗','0470',3,1,NULL,'150700'),('150723',NULL,NULL,NULL,NULL,NULL,'鄂伦春自治旗','0470',3,1,NULL,'150700'),('150724',NULL,NULL,NULL,NULL,NULL,'鄂温克族自治旗','0470',3,1,NULL,'150700'),('150725',NULL,NULL,NULL,NULL,NULL,'陈巴尔虎旗','0470',3,1,NULL,'150700'),('150726',NULL,NULL,NULL,NULL,NULL,'新巴尔虎左旗','0470',3,1,NULL,'150700'),('150727',NULL,NULL,NULL,NULL,NULL,'新巴尔虎右旗','0470',3,1,NULL,'150700'),('150781',NULL,NULL,NULL,NULL,NULL,'满洲里市','0470',3,1,NULL,'150700'),('150782',NULL,NULL,NULL,NULL,NULL,'牙克石市','0470',3,1,NULL,'150700'),('150783',NULL,NULL,NULL,NULL,NULL,'扎兰屯市','0470',3,1,NULL,'150700'),('150784',NULL,NULL,NULL,NULL,NULL,'额尔古纳市','0470',3,1,NULL,'150700'),('150785',NULL,NULL,NULL,NULL,NULL,'根河市','0470',3,1,NULL,'150700'),('150800',NULL,NULL,NULL,NULL,NULL,'巴彦淖尔市','0478',2,1,NULL,'150000'),('150802',NULL,NULL,NULL,NULL,NULL,'临河区','0478',3,1,NULL,'150800'),('150821',NULL,NULL,NULL,NULL,NULL,'五原县','0478',3,1,NULL,'150800'),('150822',NULL,NULL,NULL,NULL,NULL,'磴口县','0478',3,1,NULL,'150800'),('150823',NULL,NULL,NULL,NULL,NULL,'乌拉特前旗','0478',3,1,NULL,'150800'),('150824',NULL,NULL,NULL,NULL,NULL,'乌拉特中旗','0478',3,1,NULL,'150800'),('150825',NULL,NULL,NULL,NULL,NULL,'乌拉特后旗','0478',3,1,NULL,'150800'),('150826',NULL,NULL,NULL,NULL,NULL,'杭锦后旗','0478',3,1,NULL,'150800'),('150900',NULL,NULL,NULL,NULL,NULL,'乌兰察布市','0474',2,1,NULL,'150000'),('150902',NULL,NULL,NULL,NULL,NULL,'集宁区','0474',3,1,NULL,'150900'),('150921',NULL,NULL,NULL,NULL,NULL,'卓资县','0474',3,1,NULL,'150900'),('150922',NULL,NULL,NULL,NULL,NULL,'化德县','0474',3,1,NULL,'150900'),('150923',NULL,NULL,NULL,NULL,NULL,'商都县','0474',3,1,NULL,'150900'),('150924',NULL,NULL,NULL,NULL,NULL,'兴和县','0474',3,1,NULL,'150900'),('150925',NULL,NULL,NULL,NULL,NULL,'凉城县','0474',3,1,NULL,'150900'),('150926',NULL,NULL,NULL,NULL,NULL,'察哈尔右翼前旗','0474',3,1,NULL,'150900'),('150927',NULL,NULL,NULL,NULL,NULL,'察哈尔右翼中旗','0474',3,1,NULL,'150900'),('150928',NULL,NULL,NULL,NULL,NULL,'察哈尔右翼后旗','0474',3,1,NULL,'150900'),('150929',NULL,NULL,NULL,NULL,NULL,'四子王旗','0474',3,1,NULL,'150900'),('150981',NULL,NULL,NULL,NULL,NULL,'丰镇市','0474',3,1,NULL,'150900'),('152200',NULL,NULL,NULL,NULL,NULL,'兴安盟','0482',2,1,NULL,'150000'),('152201',NULL,NULL,NULL,NULL,NULL,'乌兰浩特市','0482',3,1,NULL,'152200'),('152202',NULL,NULL,NULL,NULL,NULL,'阿尔山市','0482',3,1,NULL,'152200'),('152221',NULL,NULL,NULL,NULL,NULL,'科尔沁右翼前旗','0482',3,1,NULL,'152200'),('152222',NULL,NULL,NULL,NULL,NULL,'科尔沁右翼中旗','0482',3,1,NULL,'152200'),('152223',NULL,NULL,NULL,NULL,NULL,'扎赉特旗','0482',3,1,NULL,'152200'),('152224',NULL,NULL,NULL,NULL,NULL,'突泉县','0482',3,1,NULL,'152200'),('152500',NULL,NULL,NULL,NULL,NULL,'锡林郭勒盟','0479',2,1,NULL,'150000'),('152501',NULL,NULL,NULL,NULL,NULL,'二连浩特市','0479',3,1,NULL,'152500'),('152502',NULL,NULL,NULL,NULL,NULL,'锡林浩特市','0479',3,1,NULL,'152500'),('152522',NULL,NULL,NULL,NULL,NULL,'阿巴嘎旗','0479',3,1,NULL,'152500'),('152523',NULL,NULL,NULL,NULL,NULL,'苏尼特左旗','0479',3,1,NULL,'152500'),('152524',NULL,NULL,NULL,NULL,NULL,'苏尼特右旗','0479',3,1,NULL,'152500'),('152525',NULL,NULL,NULL,NULL,NULL,'东乌珠穆沁旗','0479',3,1,NULL,'152500'),('152526',NULL,NULL,NULL,NULL,NULL,'西乌珠穆沁旗','0479',3,1,NULL,'152500'),('152527',NULL,NULL,NULL,NULL,NULL,'太仆寺旗','0479',3,1,NULL,'152500'),('152528',NULL,NULL,NULL,NULL,NULL,'镶黄旗','0479',3,1,NULL,'152500'),('152529',NULL,NULL,NULL,NULL,NULL,'正镶白旗','0479',3,1,NULL,'152500'),('152530',NULL,NULL,NULL,NULL,NULL,'正蓝旗','0479',3,1,NULL,'152500'),('152531',NULL,NULL,NULL,NULL,NULL,'多伦县','0479',3,1,NULL,'152500'),('152900',NULL,NULL,NULL,NULL,NULL,'阿拉善盟','0483',2,1,NULL,'150000'),('152921',NULL,NULL,NULL,NULL,NULL,'阿拉善左旗','0483',3,1,NULL,'152900'),('152922',NULL,NULL,NULL,NULL,NULL,'阿拉善右旗','0483',3,1,NULL,'152900'),('152923',NULL,NULL,NULL,NULL,NULL,'额济纳旗','0483',3,1,NULL,'152900'),('210000',NULL,NULL,NULL,NULL,NULL,'辽宁省',NULL,1,1,NULL,NULL),('210100',NULL,NULL,NULL,NULL,NULL,'沈阳市','024',2,1,NULL,'210000'),('210102',NULL,NULL,NULL,NULL,NULL,'和平区','024',3,1,NULL,'210100'),('210103',NULL,NULL,NULL,NULL,NULL,'沈河区','024',3,1,NULL,'210100'),('210104',NULL,NULL,NULL,NULL,NULL,'大东区','024',3,1,NULL,'210100'),('210105',NULL,NULL,NULL,NULL,NULL,'皇姑区','024',3,1,NULL,'210100'),('210106',NULL,NULL,NULL,NULL,NULL,'铁西区','024',3,1,NULL,'210100'),('210111',NULL,NULL,NULL,NULL,NULL,'苏家屯区','024',3,1,NULL,'210100'),('210112',NULL,NULL,NULL,NULL,NULL,'浑南区','024',3,1,NULL,'210100'),('210113',NULL,NULL,NULL,NULL,NULL,'沈北新区','024',3,1,NULL,'210100'),('210114',NULL,NULL,NULL,NULL,NULL,'于洪区','024',3,1,NULL,'210100'),('210115',NULL,NULL,NULL,NULL,NULL,'辽中区','024',3,1,NULL,'210100'),('210123',NULL,NULL,NULL,NULL,NULL,'康平县','024',3,1,NULL,'210100'),('210124',NULL,NULL,NULL,NULL,NULL,'法库县','024',3,1,NULL,'210100'),('210181',NULL,NULL,NULL,NULL,NULL,'新民市','024',3,1,NULL,'210100'),('210200',NULL,NULL,NULL,NULL,NULL,'大连市','0411',2,1,NULL,'210000'),('210202',NULL,NULL,NULL,NULL,NULL,'中山区','0411',3,1,NULL,'210200'),('210203',NULL,NULL,NULL,NULL,NULL,'西岗区','0411',3,1,NULL,'210200'),('210204',NULL,NULL,NULL,NULL,NULL,'沙河口区','0411',3,1,NULL,'210200'),('210211',NULL,NULL,NULL,NULL,NULL,'甘井子区','0411',3,1,NULL,'210200'),('210212',NULL,NULL,NULL,NULL,NULL,'旅顺口区','0411',3,1,NULL,'210200'),('210213',NULL,NULL,NULL,NULL,NULL,'金州区','0411',3,1,NULL,'210200'),('210214',NULL,NULL,NULL,NULL,NULL,'普兰店区','0411',3,1,NULL,'210200'),('210224',NULL,NULL,NULL,NULL,NULL,'长海县','0411',3,1,NULL,'210200'),('210281',NULL,NULL,NULL,NULL,NULL,'瓦房店市','0411',3,1,NULL,'210200'),('210283',NULL,NULL,NULL,NULL,NULL,'庄河市','0411',3,1,NULL,'210200'),('210300',NULL,NULL,NULL,NULL,NULL,'鞍山市','0412',2,1,NULL,'210000'),('210302',NULL,NULL,NULL,NULL,NULL,'铁东区','0412',3,1,NULL,'210300'),('210303',NULL,NULL,NULL,NULL,NULL,'铁西区','0412',3,1,NULL,'210300'),('210304',NULL,NULL,NULL,NULL,NULL,'立山区','0412',3,1,NULL,'210300'),('210311',NULL,NULL,NULL,NULL,NULL,'千山区','0412',3,1,NULL,'210300'),('210321',NULL,NULL,NULL,NULL,NULL,'台安县','0412',3,1,NULL,'210300'),('210323',NULL,NULL,NULL,NULL,NULL,'岫岩满族自治县','0412',3,1,NULL,'210300'),('210381',NULL,NULL,NULL,NULL,NULL,'海城市','0412',3,1,NULL,'210300'),('210400',NULL,NULL,NULL,NULL,NULL,'抚顺市','0413',2,1,NULL,'210000'),('210402',NULL,NULL,NULL,NULL,NULL,'新抚区','0413',3,1,NULL,'210400'),('210403',NULL,NULL,NULL,NULL,NULL,'东洲区','0413',3,1,NULL,'210400'),('210404',NULL,NULL,NULL,NULL,NULL,'望花区','0413',3,1,NULL,'210400'),('210411',NULL,NULL,NULL,NULL,NULL,'顺城区','0413',3,1,NULL,'210400'),('210421',NULL,NULL,NULL,NULL,NULL,'抚顺县','0413',3,1,NULL,'210400'),('210422',NULL,NULL,NULL,NULL,NULL,'新宾满族自治县','0413',3,1,NULL,'210400'),('210423',NULL,NULL,NULL,NULL,NULL,'清原满族自治县','0413',3,1,NULL,'210400'),('210500',NULL,NULL,NULL,NULL,NULL,'本溪市','0414',2,1,NULL,'210000'),('210502',NULL,NULL,NULL,NULL,NULL,'平山区','0414',3,1,NULL,'210500'),('210503',NULL,NULL,NULL,NULL,NULL,'溪湖区','0414',3,1,NULL,'210500'),('210504',NULL,NULL,NULL,NULL,NULL,'明山区','0414',3,1,NULL,'210500'),('210505',NULL,NULL,NULL,NULL,NULL,'南芬区','0414',3,1,NULL,'210500'),('210521',NULL,NULL,NULL,NULL,NULL,'本溪满族自治县','0414',3,1,NULL,'210500'),('210522',NULL,NULL,NULL,NULL,NULL,'桓仁满族自治县','0414',3,1,NULL,'210500'),('210600',NULL,NULL,NULL,NULL,NULL,'丹东市','0415',2,1,NULL,'210000'),('210602',NULL,NULL,NULL,NULL,NULL,'元宝区','0415',3,1,NULL,'210600'),('210603',NULL,NULL,NULL,NULL,NULL,'振兴区','0415',3,1,NULL,'210600'),('210604',NULL,NULL,NULL,NULL,NULL,'振安区','0415',3,1,NULL,'210600'),('210624',NULL,NULL,NULL,NULL,NULL,'宽甸满族自治县','0415',3,1,NULL,'210600'),('210681',NULL,NULL,NULL,NULL,NULL,'东港市','0415',3,1,NULL,'210600'),('210682',NULL,NULL,NULL,NULL,NULL,'凤城市','0415',3,1,NULL,'210600'),('210700',NULL,NULL,NULL,NULL,NULL,'锦州市','0416',2,1,NULL,'210000'),('210702',NULL,NULL,NULL,NULL,NULL,'古塔区','0416',3,1,NULL,'210700'),('210703',NULL,NULL,NULL,NULL,NULL,'凌河区','0416',3,1,NULL,'210700'),('210711',NULL,NULL,NULL,NULL,NULL,'太和区','0416',3,1,NULL,'210700'),('210726',NULL,NULL,NULL,NULL,NULL,'黑山县','0416',3,1,NULL,'210700'),('210727',NULL,NULL,NULL,NULL,NULL,'义县','0416',3,1,NULL,'210700'),('210781',NULL,NULL,NULL,NULL,NULL,'凌海市','0416',3,1,NULL,'210700'),('210782',NULL,NULL,NULL,NULL,NULL,'北镇市','0416',3,1,NULL,'210700'),('210800',NULL,NULL,NULL,NULL,NULL,'营口市','0417',2,1,NULL,'210000'),('210802',NULL,NULL,NULL,NULL,NULL,'站前区','0417',3,1,NULL,'210800'),('210803',NULL,NULL,NULL,NULL,NULL,'西市区','0417',3,1,NULL,'210800'),('210804',NULL,NULL,NULL,NULL,NULL,'鲅鱼圈区','0417',3,1,NULL,'210800'),('210811',NULL,NULL,NULL,NULL,NULL,'老边区','0417',3,1,NULL,'210800'),('210881',NULL,NULL,NULL,NULL,NULL,'盖州市','0417',3,1,NULL,'210800'),('210882',NULL,NULL,NULL,NULL,NULL,'大石桥市','0417',3,1,NULL,'210800'),('210900',NULL,NULL,NULL,NULL,NULL,'阜新市','0418',2,1,NULL,'210000'),('210902',NULL,NULL,NULL,NULL,NULL,'海州区','0418',3,1,NULL,'210900'),('210903',NULL,NULL,NULL,NULL,NULL,'新邱区','0418',3,1,NULL,'210900'),('210904',NULL,NULL,NULL,NULL,NULL,'太平区','0418',3,1,NULL,'210900'),('210905',NULL,NULL,NULL,NULL,NULL,'清河门区','0418',3,1,NULL,'210900'),('210911',NULL,NULL,NULL,NULL,NULL,'细河区','0418',3,1,NULL,'210900'),('210921',NULL,NULL,NULL,NULL,NULL,'阜新蒙古族自治县','0418',3,1,NULL,'210900'),('210922',NULL,NULL,NULL,NULL,NULL,'彰武县','0418',3,1,NULL,'210900'),('211000',NULL,NULL,NULL,NULL,NULL,'辽阳市','0419',2,1,NULL,'210000'),('211002',NULL,NULL,NULL,NULL,NULL,'白塔区','0419',3,1,NULL,'211000'),('211003',NULL,NULL,NULL,NULL,NULL,'文圣区','0419',3,1,NULL,'211000'),('211004',NULL,NULL,NULL,NULL,NULL,'宏伟区','0419',3,1,NULL,'211000'),('211005',NULL,NULL,NULL,NULL,NULL,'弓长岭区','0419',3,1,NULL,'211000'),('211011',NULL,NULL,NULL,NULL,NULL,'太子河区','0419',3,1,NULL,'211000'),('211021',NULL,NULL,NULL,NULL,NULL,'辽阳县','0419',3,1,NULL,'211000'),('211081',NULL,NULL,NULL,NULL,NULL,'灯塔市','0419',3,1,NULL,'211000'),('211100',NULL,NULL,NULL,NULL,NULL,'盘锦市','0427',2,1,NULL,'210000'),('211102',NULL,NULL,NULL,NULL,NULL,'双台子区','0427',3,1,NULL,'211100'),('211103',NULL,NULL,NULL,NULL,NULL,'兴隆台区','0427',3,1,NULL,'211100'),('211104',NULL,NULL,NULL,NULL,NULL,'大洼区','0427',3,1,NULL,'211100'),('211122',NULL,NULL,NULL,NULL,NULL,'盘山县','0427',3,1,NULL,'211100'),('211200',NULL,NULL,NULL,NULL,NULL,'铁岭市','0410',2,1,NULL,'210000'),('211202',NULL,NULL,NULL,NULL,NULL,'银州区','0410',3,1,NULL,'211200'),('211204',NULL,NULL,NULL,NULL,NULL,'清河区','0410',3,1,NULL,'211200'),('211221',NULL,NULL,NULL,NULL,NULL,'铁岭县','0410',3,1,NULL,'211200'),('211223',NULL,NULL,NULL,NULL,NULL,'西丰县','0410',3,1,NULL,'211200'),('211224',NULL,NULL,NULL,NULL,NULL,'昌图县','0410',3,1,NULL,'211200'),('211281',NULL,NULL,NULL,NULL,NULL,'调兵山市','0410',3,1,NULL,'211200'),('211282',NULL,NULL,NULL,NULL,NULL,'开原市','0410',3,1,NULL,'211200'),('211300',NULL,NULL,NULL,NULL,NULL,'朝阳市','0421',2,1,NULL,'210000'),('211302',NULL,NULL,NULL,NULL,NULL,'双塔区','0421',3,1,NULL,'211300'),('211303',NULL,NULL,NULL,NULL,NULL,'龙城区','0421',3,1,NULL,'211300'),('211321',NULL,NULL,NULL,NULL,NULL,'朝阳县','0421',3,1,NULL,'211300'),('211322',NULL,NULL,NULL,NULL,NULL,'建平县','0421',3,1,NULL,'211300'),('211324',NULL,NULL,NULL,NULL,NULL,'喀喇沁左翼蒙古族自治县','0421',3,1,NULL,'211300'),('211381',NULL,NULL,NULL,NULL,NULL,'北票市','0421',3,1,NULL,'211300'),('211382',NULL,NULL,NULL,NULL,NULL,'凌源市','0421',3,1,NULL,'211300'),('211400',NULL,NULL,NULL,NULL,NULL,'葫芦岛市','0429',2,1,NULL,'210000'),('211402',NULL,NULL,NULL,NULL,NULL,'连山区','0429',3,1,NULL,'211400'),('211403',NULL,NULL,NULL,NULL,NULL,'龙港区','0429',3,1,NULL,'211400'),('211404',NULL,NULL,NULL,NULL,NULL,'南票区','0429',3,1,NULL,'211400'),('211421',NULL,NULL,NULL,NULL,NULL,'绥中县','0429',3,1,NULL,'211400'),('211422',NULL,NULL,NULL,NULL,NULL,'建昌县','0429',3,1,NULL,'211400'),('211481',NULL,NULL,NULL,NULL,NULL,'兴城市','0429',3,1,NULL,'211400'),('220000',NULL,NULL,NULL,NULL,NULL,'吉林省',NULL,1,1,NULL,NULL),('220100',NULL,NULL,NULL,NULL,NULL,'长春市','0431',2,1,NULL,'220000'),('220102',NULL,NULL,NULL,NULL,NULL,'南关区','0431',3,1,NULL,'220100'),('220103',NULL,NULL,NULL,NULL,NULL,'宽城区','0431',3,1,NULL,'220100'),('220104',NULL,NULL,NULL,NULL,NULL,'朝阳区','0431',3,1,NULL,'220100'),('220105',NULL,NULL,NULL,NULL,NULL,'二道区','0431',3,1,NULL,'220100'),('220106',NULL,NULL,NULL,NULL,NULL,'绿园区','0431',3,1,NULL,'220100'),('220112',NULL,NULL,NULL,NULL,NULL,'双阳区','0431',3,1,NULL,'220100'),('220113',NULL,NULL,NULL,NULL,NULL,'九台区','0431',3,1,NULL,'220100'),('220122',NULL,NULL,NULL,NULL,NULL,'农安县','0431',3,1,NULL,'220100'),('220182',NULL,NULL,NULL,NULL,NULL,'榆树市','0431',3,1,NULL,'220100'),('220183',NULL,NULL,NULL,NULL,NULL,'德惠市','0431',3,1,NULL,'220100'),('220200',NULL,NULL,NULL,NULL,NULL,'吉林市','0432',2,1,NULL,'220000'),('220202',NULL,NULL,NULL,NULL,NULL,'昌邑区','0432',3,1,NULL,'220200'),('220203',NULL,NULL,NULL,NULL,NULL,'龙潭区','0432',3,1,NULL,'220200'),('220204',NULL,NULL,NULL,NULL,NULL,'船营区','0432',3,1,NULL,'220200'),('220211',NULL,NULL,NULL,NULL,NULL,'丰满区','0432',3,1,NULL,'220200'),('220221',NULL,NULL,NULL,NULL,NULL,'永吉县','0432',3,1,NULL,'220200'),('220281',NULL,NULL,NULL,NULL,NULL,'蛟河市','0432',3,1,NULL,'220200'),('220282',NULL,NULL,NULL,NULL,NULL,'桦甸市','0432',3,1,NULL,'220200'),('220283',NULL,NULL,NULL,NULL,NULL,'舒兰市','0432',3,1,NULL,'220200'),('220284',NULL,NULL,NULL,NULL,NULL,'磐石市','0432',3,1,NULL,'220200'),('220300',NULL,NULL,NULL,NULL,NULL,'四平市','0434',2,1,NULL,'220000'),('220302',NULL,NULL,NULL,NULL,NULL,'铁西区','0434',3,1,NULL,'220300'),('220303',NULL,NULL,NULL,NULL,NULL,'铁东区','0434',3,1,NULL,'220300'),('220322',NULL,NULL,NULL,NULL,NULL,'梨树县','0434',3,1,NULL,'220300'),('220323',NULL,NULL,NULL,NULL,NULL,'伊通满族自治县','0434',3,1,NULL,'220300'),('220381',NULL,NULL,NULL,NULL,NULL,'公主岭市','0434',3,1,NULL,'220300'),('220382',NULL,NULL,NULL,NULL,NULL,'双辽市','0434',3,1,NULL,'220300'),('220400',NULL,NULL,NULL,NULL,NULL,'辽源市','0437',2,1,NULL,'220000'),('220402',NULL,NULL,NULL,NULL,NULL,'龙山区','0437',3,1,NULL,'220400'),('220403',NULL,NULL,NULL,NULL,NULL,'西安区','0437',3,1,NULL,'220400'),('220421',NULL,NULL,NULL,NULL,NULL,'东丰县','0437',3,1,NULL,'220400'),('220422',NULL,NULL,NULL,NULL,NULL,'东辽县','0437',3,1,NULL,'220400'),('220500',NULL,NULL,NULL,NULL,NULL,'通化市','0435',2,1,NULL,'220000'),('220502',NULL,NULL,NULL,NULL,NULL,'东昌区','0435',3,1,NULL,'220500'),('220503',NULL,NULL,NULL,NULL,NULL,'二道江区','0435',3,1,NULL,'220500'),('220521',NULL,NULL,NULL,NULL,NULL,'通化县','0435',3,1,NULL,'220500'),('220523',NULL,NULL,NULL,NULL,NULL,'辉南县','0435',3,1,NULL,'220500'),('220524',NULL,NULL,NULL,NULL,NULL,'柳河县','0435',3,1,NULL,'220500'),('220581',NULL,NULL,NULL,NULL,NULL,'梅河口市','0435',3,1,NULL,'220500'),('220582',NULL,NULL,NULL,NULL,NULL,'集安市','0435',3,1,NULL,'220500'),('220600',NULL,NULL,NULL,NULL,NULL,'白山市','0439',2,1,NULL,'220000'),('220602',NULL,NULL,NULL,NULL,NULL,'浑江区','0439',3,1,NULL,'220600'),('220605',NULL,NULL,NULL,NULL,NULL,'江源区','0439',3,1,NULL,'220600'),('220621',NULL,NULL,NULL,NULL,NULL,'抚松县','0439',3,1,NULL,'220600'),('220622',NULL,NULL,NULL,NULL,NULL,'靖宇县','0439',3,1,NULL,'220600'),('220623',NULL,NULL,NULL,NULL,NULL,'长白朝鲜族自治县','0439',3,1,NULL,'220600'),('220681',NULL,NULL,NULL,NULL,NULL,'临江市','0439',3,1,NULL,'220600'),('220700',NULL,NULL,NULL,NULL,NULL,'松原市','0438',2,1,NULL,'220000'),('220702',NULL,NULL,NULL,NULL,NULL,'宁江区','0438',3,1,NULL,'220700'),('220721',NULL,NULL,NULL,NULL,NULL,'前郭尔罗斯蒙古族自治县','0438',3,1,NULL,'220700'),('220722',NULL,NULL,NULL,NULL,NULL,'长岭县','0438',3,1,NULL,'220700'),('220723',NULL,NULL,NULL,NULL,NULL,'乾安县','0438',3,1,NULL,'220700'),('220781',NULL,NULL,NULL,NULL,NULL,'扶余市','0438',3,1,NULL,'220700'),('220800',NULL,NULL,NULL,NULL,NULL,'白城市','0436',2,1,NULL,'220000'),('220802',NULL,NULL,NULL,NULL,NULL,'洮北区','0436',3,1,NULL,'220800'),('220821',NULL,NULL,NULL,NULL,NULL,'镇赉县','0436',3,1,NULL,'220800'),('220822',NULL,NULL,NULL,NULL,NULL,'通榆县','0436',3,1,NULL,'220800'),('220881',NULL,NULL,NULL,NULL,NULL,'洮南市','0436',3,1,NULL,'220800'),('220882',NULL,NULL,NULL,NULL,NULL,'大安市','0436',3,1,NULL,'220800'),('222400',NULL,NULL,NULL,NULL,NULL,'延边朝鲜族自治州','1433',2,1,NULL,'220000'),('222401',NULL,NULL,NULL,NULL,NULL,'延吉市','1433',3,1,NULL,'222400'),('222402',NULL,NULL,NULL,NULL,NULL,'图们市','1433',3,1,NULL,'222400'),('222403',NULL,NULL,NULL,NULL,NULL,'敦化市','1433',3,1,NULL,'222400'),('222404',NULL,NULL,NULL,NULL,NULL,'珲春市','1433',3,1,NULL,'222400'),('222405',NULL,NULL,NULL,NULL,NULL,'龙井市','1433',3,1,NULL,'222400'),('222406',NULL,NULL,NULL,NULL,NULL,'和龙市','1433',3,1,NULL,'222400'),('222424',NULL,NULL,NULL,NULL,NULL,'汪清县','1433',3,1,NULL,'222400'),('222426',NULL,NULL,NULL,NULL,NULL,'安图县','1433',3,1,NULL,'222400'),('230000',NULL,NULL,NULL,NULL,NULL,'黑龙江省',NULL,1,1,NULL,NULL),('230100',NULL,NULL,NULL,NULL,NULL,'哈尔滨市','0451',2,1,NULL,'230000'),('230102',NULL,NULL,NULL,NULL,NULL,'道里区','0451',3,1,NULL,'230100'),('230103',NULL,NULL,NULL,NULL,NULL,'南岗区','0451',3,1,NULL,'230100'),('230104',NULL,NULL,NULL,NULL,NULL,'道外区','0451',3,1,NULL,'230100'),('230108',NULL,NULL,NULL,NULL,NULL,'平房区','0451',3,1,NULL,'230100'),('230109',NULL,NULL,NULL,NULL,NULL,'松北区','0451',3,1,NULL,'230100'),('230110',NULL,NULL,NULL,NULL,NULL,'香坊区','0451',3,1,NULL,'230100'),('230111',NULL,NULL,NULL,NULL,NULL,'呼兰区','0451',3,1,NULL,'230100'),('230112',NULL,NULL,NULL,NULL,NULL,'阿城区','0451',3,1,NULL,'230100'),('230113',NULL,NULL,NULL,NULL,NULL,'双城区','0451',3,1,NULL,'230100'),('230123',NULL,NULL,NULL,NULL,NULL,'依兰县','0451',3,1,NULL,'230100'),('230124',NULL,NULL,NULL,NULL,NULL,'方正县','0451',3,1,NULL,'230100'),('230125',NULL,NULL,NULL,NULL,NULL,'宾县','0451',3,1,NULL,'230100'),('230126',NULL,NULL,NULL,NULL,NULL,'巴彦县','0451',3,1,NULL,'230100'),('230127',NULL,NULL,NULL,NULL,NULL,'木兰县','0451',3,1,NULL,'230100'),('230128',NULL,NULL,NULL,NULL,NULL,'通河县','0451',3,1,NULL,'230100'),('230129',NULL,NULL,NULL,NULL,NULL,'延寿县','0451',3,1,NULL,'230100'),('230183',NULL,NULL,NULL,NULL,NULL,'尚志市','0451',3,1,NULL,'230100'),('230184',NULL,NULL,NULL,NULL,NULL,'五常市','0451',3,1,NULL,'230100'),('230200',NULL,NULL,NULL,NULL,NULL,'齐齐哈尔市','0452',2,1,NULL,'230000'),('230202',NULL,NULL,NULL,NULL,NULL,'龙沙区','0452',3,1,NULL,'230200'),('230203',NULL,NULL,NULL,NULL,NULL,'建华区','0452',3,1,NULL,'230200'),('230204',NULL,NULL,NULL,NULL,NULL,'铁锋区','0452',3,1,NULL,'230200'),('230205',NULL,NULL,NULL,NULL,NULL,'昂昂溪区','0452',3,1,NULL,'230200'),('230206',NULL,NULL,NULL,NULL,NULL,'富拉尔基区','0452',3,1,NULL,'230200'),('230207',NULL,NULL,NULL,NULL,NULL,'碾子山区','0452',3,1,NULL,'230200'),('230208',NULL,NULL,NULL,NULL,NULL,'梅里斯达斡尔族区','0452',3,1,NULL,'230200'),('230221',NULL,NULL,NULL,NULL,NULL,'龙江县','0452',3,1,NULL,'230200'),('230223',NULL,NULL,NULL,NULL,NULL,'依安县','0452',3,1,NULL,'230200'),('230224',NULL,NULL,NULL,NULL,NULL,'泰来县','0452',3,1,NULL,'230200'),('230225',NULL,NULL,NULL,NULL,NULL,'甘南县','0452',3,1,NULL,'230200'),('230227',NULL,NULL,NULL,NULL,NULL,'富裕县','0452',3,1,NULL,'230200'),('230229',NULL,NULL,NULL,NULL,NULL,'克山县','0452',3,1,NULL,'230200'),('230230',NULL,NULL,NULL,NULL,NULL,'克东县','0452',3,1,NULL,'230200'),('230231',NULL,NULL,NULL,NULL,NULL,'拜泉县','0452',3,1,NULL,'230200'),('230281',NULL,NULL,NULL,NULL,NULL,'讷河市','0452',3,1,NULL,'230200'),('230300',NULL,NULL,NULL,NULL,NULL,'鸡西市','0467',2,1,NULL,'230000'),('230302',NULL,NULL,NULL,NULL,NULL,'鸡冠区','0467',3,1,NULL,'230300'),('230303',NULL,NULL,NULL,NULL,NULL,'恒山区','0467',3,1,NULL,'230300'),('230304',NULL,NULL,NULL,NULL,NULL,'滴道区','0467',3,1,NULL,'230300'),('230305',NULL,NULL,NULL,NULL,NULL,'梨树区','0467',3,1,NULL,'230300'),('230306',NULL,NULL,NULL,NULL,NULL,'城子河区','0467',3,1,NULL,'230300'),('230307',NULL,NULL,NULL,NULL,NULL,'麻山区','0467',3,1,NULL,'230300'),('230321',NULL,NULL,NULL,NULL,NULL,'鸡东县','0467',3,1,NULL,'230300'),('230381',NULL,NULL,NULL,NULL,NULL,'虎林市','0467',3,1,NULL,'230300'),('230382',NULL,NULL,NULL,NULL,NULL,'密山市','0467',3,1,NULL,'230300'),('230400',NULL,NULL,NULL,NULL,NULL,'鹤岗市','0468',2,1,NULL,'230000'),('230402',NULL,NULL,NULL,NULL,NULL,'向阳区','0468',3,1,NULL,'230400'),('230403',NULL,NULL,NULL,NULL,NULL,'工农区','0468',3,1,NULL,'230400'),('230404',NULL,NULL,NULL,NULL,NULL,'南山区','0468',3,1,NULL,'230400'),('230405',NULL,NULL,NULL,NULL,NULL,'兴安区','0468',3,1,NULL,'230400'),('230406',NULL,NULL,NULL,NULL,NULL,'东山区','0468',3,1,NULL,'230400'),('230407',NULL,NULL,NULL,NULL,NULL,'兴山区','0468',3,1,NULL,'230400'),('230421',NULL,NULL,NULL,NULL,NULL,'萝北县','0468',3,1,NULL,'230400'),('230422',NULL,NULL,NULL,NULL,NULL,'绥滨县','0468',3,1,NULL,'230400'),('230500',NULL,NULL,NULL,NULL,NULL,'双鸭山市','0469',2,1,NULL,'230000'),('230502',NULL,NULL,NULL,NULL,NULL,'尖山区','0469',3,1,NULL,'230500'),('230503',NULL,NULL,NULL,NULL,NULL,'岭东区','0469',3,1,NULL,'230500'),('230505',NULL,NULL,NULL,NULL,NULL,'四方台区','0469',3,1,NULL,'230500'),('230506',NULL,NULL,NULL,NULL,NULL,'宝山区','0469',3,1,NULL,'230500'),('230521',NULL,NULL,NULL,NULL,NULL,'集贤县','0469',3,1,NULL,'230500'),('230522',NULL,NULL,NULL,NULL,NULL,'友谊县','0469',3,1,NULL,'230500'),('230523',NULL,NULL,NULL,NULL,NULL,'宝清县','0469',3,1,NULL,'230500'),('230524',NULL,NULL,NULL,NULL,NULL,'饶河县','0469',3,1,NULL,'230500'),('230600',NULL,NULL,NULL,NULL,NULL,'大庆市','0459',2,1,NULL,'230000'),('230602',NULL,NULL,NULL,NULL,NULL,'萨尔图区','0459',3,1,NULL,'230600'),('230603',NULL,NULL,NULL,NULL,NULL,'龙凤区','0459',3,1,NULL,'230600'),('230604',NULL,NULL,NULL,NULL,NULL,'让胡路区','0459',3,1,NULL,'230600'),('230605',NULL,NULL,NULL,NULL,NULL,'红岗区','0459',3,1,NULL,'230600'),('230606',NULL,NULL,NULL,NULL,NULL,'大同区','0459',3,1,NULL,'230600'),('230621',NULL,NULL,NULL,NULL,NULL,'肇州县','0459',3,1,NULL,'230600'),('230622',NULL,NULL,NULL,NULL,NULL,'肇源县','0459',3,1,NULL,'230600'),('230623',NULL,NULL,NULL,NULL,NULL,'林甸县','0459',3,1,NULL,'230600'),('230624',NULL,NULL,NULL,NULL,NULL,'杜尔伯特蒙古族自治县','0459',3,1,NULL,'230600'),('230700',NULL,NULL,NULL,NULL,NULL,'伊春市','0458',2,1,NULL,'230000'),('230702',NULL,NULL,NULL,NULL,NULL,'伊春区','0458',3,1,NULL,'230700'),('230703',NULL,NULL,NULL,NULL,NULL,'南岔区','0458',3,1,NULL,'230700'),('230704',NULL,NULL,NULL,NULL,NULL,'友好区','0458',3,1,NULL,'230700'),('230705',NULL,NULL,NULL,NULL,NULL,'西林区','0458',3,1,NULL,'230700'),('230706',NULL,NULL,NULL,NULL,NULL,'翠峦区','0458',3,1,NULL,'230700'),('230707',NULL,NULL,NULL,NULL,NULL,'新青区','0458',3,1,NULL,'230700'),('230708',NULL,NULL,NULL,NULL,NULL,'美溪区','0458',3,1,NULL,'230700'),('230709',NULL,NULL,NULL,NULL,NULL,'金山屯区','0458',3,1,NULL,'230700'),('230710',NULL,NULL,NULL,NULL,NULL,'五营区','0458',3,1,NULL,'230700'),('230711',NULL,NULL,NULL,NULL,NULL,'乌马河区','0458',3,1,NULL,'230700'),('230712',NULL,NULL,NULL,NULL,NULL,'汤旺河区','0458',3,1,NULL,'230700'),('230713',NULL,NULL,NULL,NULL,NULL,'带岭区','0458',3,1,NULL,'230700'),('230714',NULL,NULL,NULL,NULL,NULL,'乌伊岭区','0458',3,1,NULL,'230700'),('230715',NULL,NULL,NULL,NULL,NULL,'红星区','0458',3,1,NULL,'230700'),('230716',NULL,NULL,NULL,NULL,NULL,'上甘岭区','0458',3,1,NULL,'230700'),('230722',NULL,NULL,NULL,NULL,NULL,'嘉荫县','0458',3,1,NULL,'230700'),('230781',NULL,NULL,NULL,NULL,NULL,'铁力市','0458',3,1,NULL,'230700'),('230800',NULL,NULL,NULL,NULL,NULL,'佳木斯市','0454',2,1,NULL,'230000'),('230803',NULL,NULL,NULL,NULL,NULL,'向阳区','0454',3,1,NULL,'230800'),('230804',NULL,NULL,NULL,NULL,NULL,'前进区','0454',3,1,NULL,'230800'),('230805',NULL,NULL,NULL,NULL,NULL,'东风区','0454',3,1,NULL,'230800'),('230811',NULL,NULL,NULL,NULL,NULL,'郊区','0454',3,1,NULL,'230800'),('230822',NULL,NULL,NULL,NULL,NULL,'桦南县','0454',3,1,NULL,'230800'),('230826',NULL,NULL,NULL,NULL,NULL,'桦川县','0454',3,1,NULL,'230800'),('230828',NULL,NULL,NULL,NULL,NULL,'汤原县','0454',3,1,NULL,'230800'),('230881',NULL,NULL,NULL,NULL,NULL,'同江市','0454',3,1,NULL,'230800'),('230882',NULL,NULL,NULL,NULL,NULL,'富锦市','0454',3,1,NULL,'230800'),('230883',NULL,NULL,NULL,NULL,NULL,'抚远市','0454',3,1,NULL,'230800'),('230900',NULL,NULL,NULL,NULL,NULL,'七台河市','0464',2,1,NULL,'230000'),('230902',NULL,NULL,NULL,NULL,NULL,'新兴区','0464',3,1,NULL,'230900'),('230903',NULL,NULL,NULL,NULL,NULL,'桃山区','0464',3,1,NULL,'230900'),('230904',NULL,NULL,NULL,NULL,NULL,'茄子河区','0464',3,1,NULL,'230900'),('230921',NULL,NULL,NULL,NULL,NULL,'勃利县','0464',3,1,NULL,'230900'),('231000',NULL,NULL,NULL,NULL,NULL,'牡丹江市','0453',2,1,NULL,'230000'),('231002',NULL,NULL,NULL,NULL,NULL,'东安区','0453',3,1,NULL,'231000'),('231003',NULL,NULL,NULL,NULL,NULL,'阳明区','0453',3,1,NULL,'231000'),('231004',NULL,NULL,NULL,NULL,NULL,'爱民区','0453',3,1,NULL,'231000'),('231005',NULL,NULL,NULL,NULL,NULL,'西安区','0453',3,1,NULL,'231000'),('231025',NULL,NULL,NULL,NULL,NULL,'林口县','0453',3,1,NULL,'231000'),('231081',NULL,NULL,NULL,NULL,NULL,'绥芬河市','0453',3,1,NULL,'231000'),('231083',NULL,NULL,NULL,NULL,NULL,'海林市','0453',3,1,NULL,'231000'),('231084',NULL,NULL,NULL,NULL,NULL,'宁安市','0453',3,1,NULL,'231000'),('231085',NULL,NULL,NULL,NULL,NULL,'穆棱市','0453',3,1,NULL,'231000'),('231086',NULL,NULL,NULL,NULL,NULL,'东宁市','0453',3,1,NULL,'231000'),('231100',NULL,NULL,NULL,NULL,NULL,'黑河市','0456',2,1,NULL,'230000'),('231102',NULL,NULL,NULL,NULL,NULL,'爱辉区','0456',3,1,NULL,'231100'),('231121',NULL,NULL,NULL,NULL,NULL,'嫩江县','0456',3,1,NULL,'231100'),('231123',NULL,NULL,NULL,NULL,NULL,'逊克县','0456',3,1,NULL,'231100'),('231124',NULL,NULL,NULL,NULL,NULL,'孙吴县','0456',3,1,NULL,'231100'),('231181',NULL,NULL,NULL,NULL,NULL,'北安市','0456',3,1,NULL,'231100'),('231182',NULL,NULL,NULL,NULL,NULL,'五大连池市','0456',3,1,NULL,'231100'),('231200',NULL,NULL,NULL,NULL,NULL,'绥化市','0455',2,1,NULL,'230000'),('231202',NULL,NULL,NULL,NULL,NULL,'北林区','0455',3,1,NULL,'231200'),('231221',NULL,NULL,NULL,NULL,NULL,'望奎县','0455',3,1,NULL,'231200'),('231222',NULL,NULL,NULL,NULL,NULL,'兰西县','0455',3,1,NULL,'231200'),('231223',NULL,NULL,NULL,NULL,NULL,'青冈县','0455',3,1,NULL,'231200'),('231224',NULL,NULL,NULL,NULL,NULL,'庆安县','0455',3,1,NULL,'231200'),('231225',NULL,NULL,NULL,NULL,NULL,'明水县','0455',3,1,NULL,'231200'),('231226',NULL,NULL,NULL,NULL,NULL,'绥棱县','0455',3,1,NULL,'231200'),('231281',NULL,NULL,NULL,NULL,NULL,'安达市','0455',3,1,NULL,'231200'),('231282',NULL,NULL,NULL,NULL,NULL,'肇东市','0455',3,1,NULL,'231200'),('231283',NULL,NULL,NULL,NULL,NULL,'海伦市','0455',3,1,NULL,'231200'),('232700',NULL,NULL,NULL,NULL,NULL,'大兴安岭地区','0457',2,1,NULL,'230000'),('232721',NULL,NULL,NULL,NULL,NULL,'呼玛县','0457',3,1,NULL,'232700'),('232722',NULL,NULL,NULL,NULL,NULL,'塔河县','0457',3,1,NULL,'232700'),('232723',NULL,NULL,NULL,NULL,NULL,'漠河县','0457',3,1,NULL,'232700'),('310000',NULL,NULL,NULL,NULL,NULL,'上海市','021',1,1,NULL,NULL),('310100',NULL,NULL,NULL,NULL,NULL,'上海市','021',2,1,NULL,'310000'),('310101',NULL,NULL,NULL,NULL,NULL,'黄浦区','021',3,1,NULL,'310100'),('310104',NULL,NULL,NULL,NULL,NULL,'徐汇区','021',3,1,NULL,'310100'),('310105',NULL,NULL,NULL,NULL,NULL,'长宁区','021',3,1,NULL,'310100'),('310106',NULL,NULL,NULL,NULL,NULL,'静安区','021',3,1,NULL,'310100'),('310107',NULL,NULL,NULL,NULL,NULL,'普陀区','021',3,1,NULL,'310100'),('310109',NULL,NULL,NULL,NULL,NULL,'虹口区','021',3,1,NULL,'310100'),('310110',NULL,NULL,NULL,NULL,NULL,'杨浦区','021',3,1,NULL,'310100'),('310112',NULL,NULL,NULL,NULL,NULL,'闵行区','021',3,1,NULL,'310100'),('310113',NULL,NULL,NULL,NULL,NULL,'宝山区','021',3,1,NULL,'310100'),('310114',NULL,NULL,NULL,NULL,NULL,'嘉定区','021',3,1,NULL,'310100'),('310115',NULL,NULL,NULL,NULL,NULL,'浦东新区','021',3,1,NULL,'310100'),('310116',NULL,NULL,NULL,NULL,NULL,'金山区','021',3,1,NULL,'310100'),('310117',NULL,NULL,NULL,NULL,NULL,'松江区','021',3,1,NULL,'310100'),('310118',NULL,NULL,NULL,NULL,NULL,'青浦区','021',3,1,NULL,'310100'),('310120',NULL,NULL,NULL,NULL,NULL,'奉贤区','021',3,1,NULL,'310100'),('310151',NULL,NULL,NULL,NULL,NULL,'崇明区','021',3,1,NULL,'310100'),('320000',NULL,NULL,NULL,NULL,NULL,'江苏省',NULL,1,1,NULL,NULL),('320100',NULL,NULL,NULL,NULL,NULL,'南京市','025',2,1,NULL,'320000'),('320102',NULL,NULL,NULL,NULL,NULL,'玄武区','025',3,1,NULL,'320100'),('320104',NULL,NULL,NULL,NULL,NULL,'秦淮区','025',3,1,NULL,'320100'),('320105',NULL,NULL,NULL,NULL,NULL,'建邺区','025',3,1,NULL,'320100'),('320106',NULL,NULL,NULL,NULL,NULL,'鼓楼区','025',3,1,NULL,'320100'),('320111',NULL,NULL,NULL,NULL,NULL,'浦口区','025',3,1,NULL,'320100'),('320113',NULL,NULL,NULL,NULL,NULL,'栖霞区','025',3,1,NULL,'320100'),('320114',NULL,NULL,NULL,NULL,NULL,'雨花台区','025',3,1,NULL,'320100'),('320115',NULL,NULL,NULL,NULL,NULL,'江宁区','025',3,1,NULL,'320100'),('320116',NULL,NULL,NULL,NULL,NULL,'六合区','025',3,1,NULL,'320100'),('320117',NULL,NULL,NULL,NULL,NULL,'溧水区','025',3,1,NULL,'320100'),('320118',NULL,NULL,NULL,NULL,NULL,'高淳区','025',3,1,NULL,'320100'),('320200',NULL,NULL,NULL,NULL,NULL,'无锡市','0510',2,1,NULL,'320000'),('320205',NULL,NULL,NULL,NULL,NULL,'锡山区','0510',3,1,NULL,'320200'),('320206',NULL,NULL,NULL,NULL,NULL,'惠山区','0510',3,1,NULL,'320200'),('320211',NULL,NULL,NULL,NULL,NULL,'滨湖区','0510',3,1,NULL,'320200'),('320213',NULL,NULL,NULL,NULL,NULL,'梁溪区','0510',3,1,NULL,'320200'),('320214',NULL,NULL,NULL,NULL,NULL,'新吴区','0510',3,1,NULL,'320200'),('320281',NULL,NULL,NULL,NULL,NULL,'江阴市','0510',3,1,NULL,'320200'),('320282',NULL,NULL,NULL,NULL,NULL,'宜兴市','0510',3,1,NULL,'320200'),('320300',NULL,NULL,NULL,NULL,NULL,'徐州市','0516',2,1,NULL,'320000'),('320302',NULL,NULL,NULL,NULL,NULL,'鼓楼区','0516',3,1,NULL,'320300'),('320303',NULL,NULL,NULL,NULL,NULL,'云龙区','0516',3,1,NULL,'320300'),('320305',NULL,NULL,NULL,NULL,NULL,'贾汪区','0516',3,1,NULL,'320300'),('320311',NULL,NULL,NULL,NULL,NULL,'泉山区','0516',3,1,NULL,'320300'),('320312',NULL,NULL,NULL,NULL,NULL,'铜山区','0516',3,1,NULL,'320300'),('320321',NULL,NULL,NULL,NULL,NULL,'丰县','0516',3,1,NULL,'320300'),('320322',NULL,NULL,NULL,NULL,NULL,'沛县','0516',3,1,NULL,'320300'),('320324',NULL,NULL,NULL,NULL,NULL,'睢宁县','0516',3,1,NULL,'320300'),('320381',NULL,NULL,NULL,NULL,NULL,'新沂市','0516',3,1,NULL,'320300'),('320382',NULL,NULL,NULL,NULL,NULL,'邳州市','0516',3,1,NULL,'320300'),('320400',NULL,NULL,NULL,NULL,NULL,'常州市','0519',2,1,NULL,'320000'),('320402',NULL,NULL,NULL,NULL,NULL,'天宁区','0519',3,1,NULL,'320400'),('320404',NULL,NULL,NULL,NULL,NULL,'钟楼区','0519',3,1,NULL,'320400'),('320411',NULL,NULL,NULL,NULL,NULL,'新北区','0519',3,1,NULL,'320400'),('320412',NULL,NULL,NULL,NULL,NULL,'武进区','0519',3,1,NULL,'320400'),('320413',NULL,NULL,NULL,NULL,NULL,'金坛区','0519',3,1,NULL,'320400'),('320481',NULL,NULL,NULL,NULL,NULL,'溧阳市','0519',3,1,NULL,'320400'),('320500',NULL,NULL,NULL,NULL,NULL,'苏州市','0512',2,1,NULL,'320000'),('320505',NULL,NULL,NULL,NULL,NULL,'虎丘区','0512',3,1,NULL,'320500'),('320506',NULL,NULL,NULL,NULL,NULL,'吴中区','0512',3,1,NULL,'320500'),('320507',NULL,NULL,NULL,NULL,NULL,'相城区','0512',3,1,NULL,'320500'),('320508',NULL,NULL,NULL,NULL,NULL,'姑苏区','0512',3,1,NULL,'320500'),('320509',NULL,NULL,NULL,NULL,NULL,'吴江区','0512',3,1,NULL,'320500'),('320581',NULL,NULL,NULL,NULL,NULL,'常熟市','0512',3,1,NULL,'320500'),('320582',NULL,NULL,NULL,NULL,NULL,'张家港市','0512',3,1,NULL,'320500'),('320583',NULL,NULL,NULL,NULL,NULL,'昆山市','0512',3,1,NULL,'320500'),('320585',NULL,NULL,NULL,NULL,NULL,'太仓市','0512',3,1,NULL,'320500'),('320600',NULL,NULL,NULL,NULL,NULL,'南通市','0513',2,1,NULL,'320000'),('320602',NULL,NULL,NULL,NULL,NULL,'崇川区','0513',3,1,NULL,'320600'),('320611',NULL,NULL,NULL,NULL,NULL,'港闸区','0513',3,1,NULL,'320600'),('320612',NULL,NULL,NULL,NULL,NULL,'通州区','0513',3,1,NULL,'320600'),('320621',NULL,NULL,NULL,NULL,NULL,'海安县','0513',3,1,NULL,'320600'),('320623',NULL,NULL,NULL,NULL,NULL,'如东县','0513',3,1,NULL,'320600'),('320681',NULL,NULL,NULL,NULL,NULL,'启东市','0513',3,1,NULL,'320600'),('320682',NULL,NULL,NULL,NULL,NULL,'如皋市','0513',3,1,NULL,'320600'),('320684',NULL,NULL,NULL,NULL,NULL,'海门市','0513',3,1,NULL,'320600'),('320700',NULL,NULL,NULL,NULL,NULL,'连云港市','0518',2,1,NULL,'320000'),('320703',NULL,NULL,NULL,NULL,NULL,'连云区','0518',3,1,NULL,'320700'),('320706',NULL,NULL,NULL,NULL,NULL,'海州区','0518',3,1,NULL,'320700'),('320707',NULL,NULL,NULL,NULL,NULL,'赣榆区','0518',3,1,NULL,'320700'),('320722',NULL,NULL,NULL,NULL,NULL,'东海县','0518',3,1,NULL,'320700'),('320723',NULL,NULL,NULL,NULL,NULL,'灌云县','0518',3,1,NULL,'320700'),('320724',NULL,NULL,NULL,NULL,NULL,'灌南县','0518',3,1,NULL,'320700'),('320800',NULL,NULL,NULL,NULL,NULL,'淮安市','0517',2,1,NULL,'320000'),('320803',NULL,NULL,NULL,NULL,NULL,'淮安区','0517',3,1,NULL,'320800'),('320804',NULL,NULL,NULL,NULL,NULL,'淮阴区','0517',3,1,NULL,'320800'),('320812',NULL,NULL,NULL,NULL,NULL,'清江浦区','0517',3,1,NULL,'320800'),('320813',NULL,NULL,NULL,NULL,NULL,'洪泽区','0517',3,1,NULL,'320800'),('320826',NULL,NULL,NULL,NULL,NULL,'涟水县','0517',3,1,NULL,'320800'),('320830',NULL,NULL,NULL,NULL,NULL,'盱眙县','0517',3,1,NULL,'320800'),('320831',NULL,NULL,NULL,NULL,NULL,'金湖县','0517',3,1,NULL,'320800'),('320900',NULL,NULL,NULL,NULL,NULL,'盐城市','0515',2,1,NULL,'320000'),('320902',NULL,NULL,NULL,NULL,NULL,'亭湖区','0515',3,1,NULL,'320900'),('320903',NULL,NULL,NULL,NULL,NULL,'盐都区','0515',3,1,NULL,'320900'),('320904',NULL,NULL,NULL,NULL,NULL,'大丰区','0515',3,1,NULL,'320900'),('320921',NULL,NULL,NULL,NULL,NULL,'响水县','0515',3,1,NULL,'320900'),('320922',NULL,NULL,NULL,NULL,NULL,'滨海县','0515',3,1,NULL,'320900'),('320923',NULL,NULL,NULL,NULL,NULL,'阜宁县','0515',3,1,NULL,'320900'),('320924',NULL,NULL,NULL,NULL,NULL,'射阳县','0515',3,1,NULL,'320900'),('320925',NULL,NULL,NULL,NULL,NULL,'建湖县','0515',3,1,NULL,'320900'),('320981',NULL,NULL,NULL,NULL,NULL,'东台市','0515',3,1,NULL,'320900'),('321000',NULL,NULL,NULL,NULL,NULL,'扬州市','0514',2,1,NULL,'320000'),('321002',NULL,NULL,NULL,NULL,NULL,'广陵区','0514',3,1,NULL,'321000'),('321003',NULL,NULL,NULL,NULL,NULL,'邗江区','0514',3,1,NULL,'321000'),('321012',NULL,NULL,NULL,NULL,NULL,'江都区','0514',3,1,NULL,'321000'),('321023',NULL,NULL,NULL,NULL,NULL,'宝应县','0514',3,1,NULL,'321000'),('321081',NULL,NULL,NULL,NULL,NULL,'仪征市','0514',3,1,NULL,'321000'),('321084',NULL,NULL,NULL,NULL,NULL,'高邮市','0514',3,1,NULL,'321000'),('321100',NULL,NULL,NULL,NULL,NULL,'镇江市','0511',2,1,NULL,'320000'),('321102',NULL,NULL,NULL,NULL,NULL,'京口区','0511',3,1,NULL,'321100'),('321111',NULL,NULL,NULL,NULL,NULL,'润州区','0511',3,1,NULL,'321100'),('321112',NULL,NULL,NULL,NULL,NULL,'丹徒区','0511',3,1,NULL,'321100'),('321181',NULL,NULL,NULL,NULL,NULL,'丹阳市','0511',3,1,NULL,'321100'),('321182',NULL,NULL,NULL,NULL,NULL,'扬中市','0511',3,1,NULL,'321100'),('321183',NULL,NULL,NULL,NULL,NULL,'句容市','0511',3,1,NULL,'321100'),('321200',NULL,NULL,NULL,NULL,NULL,'泰州市','0523',2,1,NULL,'320000'),('321202',NULL,NULL,NULL,NULL,NULL,'海陵区','0523',3,1,NULL,'321200'),('321203',NULL,NULL,NULL,NULL,NULL,'高港区','0523',3,1,NULL,'321200'),('321204',NULL,NULL,NULL,NULL,NULL,'姜堰区','0523',3,1,NULL,'321200'),('321281',NULL,NULL,NULL,NULL,NULL,'兴化市','0523',3,1,NULL,'321200'),('321282',NULL,NULL,NULL,NULL,NULL,'靖江市','0523',3,1,NULL,'321200'),('321283',NULL,NULL,NULL,NULL,NULL,'泰兴市','0523',3,1,NULL,'321200'),('321300',NULL,NULL,NULL,NULL,NULL,'宿迁市','0527',2,1,NULL,'320000'),('321302',NULL,NULL,NULL,NULL,NULL,'宿城区','0527',3,1,NULL,'321300'),('321311',NULL,NULL,NULL,NULL,NULL,'宿豫区','0527',3,1,NULL,'321300'),('321322',NULL,NULL,NULL,NULL,NULL,'沭阳县','0527',3,1,NULL,'321300'),('321323',NULL,NULL,NULL,NULL,NULL,'泗阳县','0527',3,1,NULL,'321300'),('321324',NULL,NULL,NULL,NULL,NULL,'泗洪县','0527',3,1,NULL,'321300'),('330000',NULL,NULL,NULL,NULL,NULL,'浙江省',NULL,1,1,NULL,NULL),('330100',NULL,NULL,NULL,NULL,NULL,'杭州市','0571',2,1,NULL,'330000'),('330102',NULL,NULL,NULL,NULL,NULL,'上城区','0571',3,1,NULL,'330100'),('330103',NULL,NULL,NULL,NULL,NULL,'下城区','0571',3,1,NULL,'330100'),('330104',NULL,NULL,NULL,NULL,NULL,'江干区','0571',3,1,NULL,'330100'),('330105',NULL,NULL,NULL,NULL,NULL,'拱墅区','0571',3,1,NULL,'330100'),('330106',NULL,NULL,NULL,NULL,NULL,'西湖区','0571',3,1,NULL,'330100'),('330108',NULL,NULL,NULL,NULL,NULL,'滨江区','0571',3,1,NULL,'330100'),('330109',NULL,NULL,NULL,NULL,NULL,'萧山区','0571',3,1,NULL,'330100'),('330110',NULL,NULL,NULL,NULL,NULL,'余杭区','0571',3,1,NULL,'330100'),('330111',NULL,NULL,NULL,NULL,NULL,'富阳区','0571',3,1,NULL,'330100'),('330122',NULL,NULL,NULL,NULL,NULL,'桐庐县','0571',3,1,NULL,'330100'),('330127',NULL,NULL,NULL,NULL,NULL,'淳安县','0571',3,1,NULL,'330100'),('330182',NULL,NULL,NULL,NULL,NULL,'建德市','0571',3,1,NULL,'330100'),('330185',NULL,NULL,NULL,NULL,NULL,'临安市','0571',3,1,NULL,'330100'),('330200',NULL,NULL,NULL,NULL,NULL,'宁波市','0574',2,1,NULL,'330000'),('330203',NULL,NULL,NULL,NULL,NULL,'海曙区','0574',3,1,NULL,'330200'),('330204',NULL,NULL,NULL,NULL,NULL,'江东区','0574',3,1,NULL,'330200'),('330205',NULL,NULL,NULL,NULL,NULL,'江北区','0574',3,1,NULL,'330200'),('330206',NULL,NULL,NULL,NULL,NULL,'北仑区','0574',3,1,NULL,'330200'),('330211',NULL,NULL,NULL,NULL,NULL,'镇海区','0574',3,1,NULL,'330200'),('330212',NULL,NULL,NULL,NULL,NULL,'鄞州区','0574',3,1,NULL,'330200'),('330225',NULL,NULL,NULL,NULL,NULL,'象山县','0574',3,1,NULL,'330200'),('330226',NULL,NULL,NULL,NULL,NULL,'宁海县','0574',3,1,NULL,'330200'),('330281',NULL,NULL,NULL,NULL,NULL,'余姚市','0574',3,1,NULL,'330200'),('330282',NULL,NULL,NULL,NULL,NULL,'慈溪市','0574',3,1,NULL,'330200'),('330283',NULL,NULL,NULL,NULL,NULL,'奉化市','0574',3,1,NULL,'330200'),('330300',NULL,NULL,NULL,NULL,NULL,'温州市','0577',2,1,NULL,'330000'),('330302',NULL,NULL,NULL,NULL,NULL,'鹿城区','0577',3,1,NULL,'330300'),('330303',NULL,NULL,NULL,NULL,NULL,'龙湾区','0577',3,1,NULL,'330300'),('330304',NULL,NULL,NULL,NULL,NULL,'瓯海区','0577',3,1,NULL,'330300'),('330305',NULL,NULL,NULL,NULL,NULL,'洞头区','0577',3,1,NULL,'330300'),('330324',NULL,NULL,NULL,NULL,NULL,'永嘉县','0577',3,1,NULL,'330300'),('330326',NULL,NULL,NULL,NULL,NULL,'平阳县','0577',3,1,NULL,'330300'),('330327',NULL,NULL,NULL,NULL,NULL,'苍南县','0577',3,1,NULL,'330300'),('330328',NULL,NULL,NULL,NULL,NULL,'文成县','0577',3,1,NULL,'330300'),('330329',NULL,NULL,NULL,NULL,NULL,'泰顺县','0577',3,1,NULL,'330300'),('330381',NULL,NULL,NULL,NULL,NULL,'瑞安市','0577',3,1,NULL,'330300'),('330382',NULL,NULL,NULL,NULL,NULL,'乐清市','0577',3,1,NULL,'330300'),('330400',NULL,NULL,NULL,NULL,NULL,'嘉兴市','0573',2,1,NULL,'330000'),('330402',NULL,NULL,NULL,NULL,NULL,'南湖区','0573',3,1,NULL,'330400'),('330411',NULL,NULL,NULL,NULL,NULL,'秀洲区','0573',3,1,NULL,'330400'),('330421',NULL,NULL,NULL,NULL,NULL,'嘉善县','0573',3,1,NULL,'330400'),('330424',NULL,NULL,NULL,NULL,NULL,'海盐县','0573',3,1,NULL,'330400'),('330481',NULL,NULL,NULL,NULL,NULL,'海宁市','0573',3,1,NULL,'330400'),('330482',NULL,NULL,NULL,NULL,NULL,'平湖市','0573',3,1,NULL,'330400'),('330483',NULL,NULL,NULL,NULL,NULL,'桐乡市','0573',3,1,NULL,'330400'),('330500',NULL,NULL,NULL,NULL,NULL,'湖州市','0572',2,1,NULL,'330000'),('330502',NULL,NULL,NULL,NULL,NULL,'吴兴区','0572',3,1,NULL,'330500'),('330503',NULL,NULL,NULL,NULL,NULL,'南浔区','0572',3,1,NULL,'330500'),('330521',NULL,NULL,NULL,NULL,NULL,'德清县','0572',3,1,NULL,'330500'),('330522',NULL,NULL,NULL,NULL,NULL,'长兴县','0572',3,1,NULL,'330500'),('330523',NULL,NULL,NULL,NULL,NULL,'安吉县','0572',3,1,NULL,'330500'),('330600',NULL,NULL,NULL,NULL,NULL,'绍兴市','0575',2,1,NULL,'330000'),('330602',NULL,NULL,NULL,NULL,NULL,'越城区','0575',3,1,NULL,'330600'),('330603',NULL,NULL,NULL,NULL,NULL,'柯桥区','0575',3,1,NULL,'330600'),('330604',NULL,NULL,NULL,NULL,NULL,'上虞区','0575',3,1,NULL,'330600'),('330624',NULL,NULL,NULL,NULL,NULL,'新昌县','0575',3,1,NULL,'330600'),('330681',NULL,NULL,NULL,NULL,NULL,'诸暨市','0575',3,1,NULL,'330600'),('330683',NULL,NULL,NULL,NULL,NULL,'嵊州市','0575',3,1,NULL,'330600'),('330700',NULL,NULL,NULL,NULL,NULL,'金华市','0579',2,1,NULL,'330000'),('330702',NULL,NULL,NULL,NULL,NULL,'婺城区','0579',3,1,NULL,'330700'),('330703',NULL,NULL,NULL,NULL,NULL,'金东区','0579',3,1,NULL,'330700'),('330723',NULL,NULL,NULL,NULL,NULL,'武义县','0579',3,1,NULL,'330700'),('330726',NULL,NULL,NULL,NULL,NULL,'浦江县','0579',3,1,NULL,'330700'),('330727',NULL,NULL,NULL,NULL,NULL,'磐安县','0579',3,1,NULL,'330700'),('330781',NULL,NULL,NULL,NULL,NULL,'兰溪市','0579',3,1,NULL,'330700'),('330782',NULL,NULL,NULL,NULL,NULL,'义乌市','0579',3,1,NULL,'330700'),('330783',NULL,NULL,NULL,NULL,NULL,'东阳市','0579',3,1,NULL,'330700'),('330784',NULL,NULL,NULL,NULL,NULL,'永康市','0579',3,1,NULL,'330700'),('330800',NULL,NULL,NULL,NULL,NULL,'衢州市','0570',2,1,NULL,'330000'),('330802',NULL,NULL,NULL,NULL,NULL,'柯城区','0570',3,1,NULL,'330800'),('330803',NULL,NULL,NULL,NULL,NULL,'衢江区','0570',3,1,NULL,'330800'),('330822',NULL,NULL,NULL,NULL,NULL,'常山县','0570',3,1,NULL,'330800'),('330824',NULL,NULL,NULL,NULL,NULL,'开化县','0570',3,1,NULL,'330800'),('330825',NULL,NULL,NULL,NULL,NULL,'龙游县','0570',3,1,NULL,'330800'),('330881',NULL,NULL,NULL,NULL,NULL,'江山市','0570',3,1,NULL,'330800'),('330900',NULL,NULL,NULL,NULL,NULL,'舟山市','0580',2,1,NULL,'330000'),('330902',NULL,NULL,NULL,NULL,NULL,'定海区','0580',3,1,NULL,'330900'),('330903',NULL,NULL,NULL,NULL,NULL,'普陀区','0580',3,1,NULL,'330900'),('330921',NULL,NULL,NULL,NULL,NULL,'岱山县','0580',3,1,NULL,'330900'),('330922',NULL,NULL,NULL,NULL,NULL,'嵊泗县','0580',3,1,NULL,'330900'),('331000',NULL,NULL,NULL,NULL,NULL,'台州市','0576',2,1,NULL,'330000'),('331002',NULL,NULL,NULL,NULL,NULL,'椒江区','0576',3,1,NULL,'331000'),('331003',NULL,NULL,NULL,NULL,NULL,'黄岩区','0576',3,1,NULL,'331000'),('331004',NULL,NULL,NULL,NULL,NULL,'路桥区','0576',3,1,NULL,'331000'),('331021',NULL,NULL,NULL,NULL,NULL,'玉环县','0576',3,1,NULL,'331000'),('331022',NULL,NULL,NULL,NULL,NULL,'三门县','0576',3,1,NULL,'331000'),('331023',NULL,NULL,NULL,NULL,NULL,'天台县','0576',3,1,NULL,'331000'),('331024',NULL,NULL,NULL,NULL,NULL,'仙居县','0576',3,1,NULL,'331000'),('331081',NULL,NULL,NULL,NULL,NULL,'温岭市','0576',3,1,NULL,'331000'),('331082',NULL,NULL,NULL,NULL,NULL,'临海市','0576',3,1,NULL,'331000'),('331100',NULL,NULL,NULL,NULL,NULL,'丽水市','0578',2,1,NULL,'330000'),('331102',NULL,NULL,NULL,NULL,NULL,'莲都区','0578',3,1,NULL,'331100'),('331121',NULL,NULL,NULL,NULL,NULL,'青田县','0578',3,1,NULL,'331100'),('331122',NULL,NULL,NULL,NULL,NULL,'缙云县','0578',3,1,NULL,'331100'),('331123',NULL,NULL,NULL,NULL,NULL,'遂昌县','0578',3,1,NULL,'331100'),('331124',NULL,NULL,NULL,NULL,NULL,'松阳县','0578',3,1,NULL,'331100'),('331125',NULL,NULL,NULL,NULL,NULL,'云和县','0578',3,1,NULL,'331100'),('331126',NULL,NULL,NULL,NULL,NULL,'庆元县','0578',3,1,NULL,'331100'),('331127',NULL,NULL,NULL,NULL,NULL,'景宁畲族自治县','0578',3,1,NULL,'331100'),('331181',NULL,NULL,NULL,NULL,NULL,'龙泉市','0578',3,1,NULL,'331100'),('340000',NULL,NULL,NULL,NULL,NULL,'安徽省',NULL,1,1,NULL,NULL),('340100',NULL,NULL,NULL,NULL,NULL,'合肥市','0551',2,1,NULL,'340000'),('340102',NULL,NULL,NULL,NULL,NULL,'瑶海区','0551',3,1,NULL,'340100'),('340103',NULL,NULL,NULL,NULL,NULL,'庐阳区','0551',3,1,NULL,'340100'),('340104',NULL,NULL,NULL,NULL,NULL,'蜀山区','0551',3,1,NULL,'340100'),('340111',NULL,NULL,NULL,NULL,NULL,'包河区','0551',3,1,NULL,'340100'),('340121',NULL,NULL,NULL,NULL,NULL,'长丰县','0551',3,1,NULL,'340100'),('340122',NULL,NULL,NULL,NULL,NULL,'肥东县','0551',3,1,NULL,'340100'),('340123',NULL,NULL,NULL,NULL,NULL,'肥西县','0551',3,1,NULL,'340100'),('340124',NULL,NULL,NULL,NULL,NULL,'庐江县','0551',3,1,NULL,'340100'),('340181',NULL,NULL,NULL,NULL,NULL,'巢湖市','0551',3,1,NULL,'340100'),('340200',NULL,NULL,NULL,NULL,NULL,'芜湖市','0553',2,1,NULL,'340000'),('340202',NULL,NULL,NULL,NULL,NULL,'镜湖区','0553',3,1,NULL,'340200'),('340203',NULL,NULL,NULL,NULL,NULL,'弋江区','0553',3,1,NULL,'340200'),('340207',NULL,NULL,NULL,NULL,NULL,'鸠江区','0553',3,1,NULL,'340200'),('340208',NULL,NULL,NULL,NULL,NULL,'三山区','0553',3,1,NULL,'340200'),('340221',NULL,NULL,NULL,NULL,NULL,'芜湖县','0553',3,1,NULL,'340200'),('340222',NULL,NULL,NULL,NULL,NULL,'繁昌县','0553',3,1,NULL,'340200'),('340223',NULL,NULL,NULL,NULL,NULL,'南陵县','0553',3,1,NULL,'340200'),('340225',NULL,NULL,NULL,NULL,NULL,'无为县','0553',3,1,NULL,'340200'),('340300',NULL,NULL,NULL,NULL,NULL,'蚌埠市','0552',2,1,NULL,'340000'),('340302',NULL,NULL,NULL,NULL,NULL,'龙子湖区','0552',3,1,NULL,'340300'),('340303',NULL,NULL,NULL,NULL,NULL,'蚌山区','0552',3,1,NULL,'340300'),('340304',NULL,NULL,NULL,NULL,NULL,'禹会区','0552',3,1,NULL,'340300'),('340311',NULL,NULL,NULL,NULL,NULL,'淮上区','0552',3,1,NULL,'340300'),('340321',NULL,NULL,NULL,NULL,NULL,'怀远县','0552',3,1,NULL,'340300'),('340322',NULL,NULL,NULL,NULL,NULL,'五河县','0552',3,1,NULL,'340300'),('340323',NULL,NULL,NULL,NULL,NULL,'固镇县','0552',3,1,NULL,'340300'),('340400',NULL,NULL,NULL,NULL,NULL,'淮南市','0554',2,1,NULL,'340000'),('340402',NULL,NULL,NULL,NULL,NULL,'大通区','0554',3,1,NULL,'340400'),('340403',NULL,NULL,NULL,NULL,NULL,'田家庵区','0554',3,1,NULL,'340400'),('340404',NULL,NULL,NULL,NULL,NULL,'谢家集区','0554',3,1,NULL,'340400'),('340405',NULL,NULL,NULL,NULL,NULL,'八公山区','0554',3,1,NULL,'340400'),('340406',NULL,NULL,NULL,NULL,NULL,'潘集区','0554',3,1,NULL,'340400'),('340421',NULL,NULL,NULL,NULL,NULL,'凤台县','0554',3,1,NULL,'340400'),('340422',NULL,NULL,NULL,NULL,NULL,'寿县','0554',3,1,NULL,'340400'),('340500',NULL,NULL,NULL,NULL,NULL,'马鞍山市','0555',2,1,NULL,'340000'),('340503',NULL,NULL,NULL,NULL,NULL,'花山区','0555',3,1,NULL,'340500'),('340504',NULL,NULL,NULL,NULL,NULL,'雨山区','0555',3,1,NULL,'340500'),('340506',NULL,NULL,NULL,NULL,NULL,'博望区','0555',3,1,NULL,'340500'),('340521',NULL,NULL,NULL,NULL,NULL,'当涂县','0555',3,1,NULL,'340500'),('340522',NULL,NULL,NULL,NULL,NULL,'含山县','0555',3,1,NULL,'340500'),('340523',NULL,NULL,NULL,NULL,NULL,'和县','0555',3,1,NULL,'340500'),('340600',NULL,NULL,NULL,NULL,NULL,'淮北市','0561',2,1,NULL,'340000'),('340602',NULL,NULL,NULL,NULL,NULL,'杜集区','0561',3,1,NULL,'340600'),('340603',NULL,NULL,NULL,NULL,NULL,'相山区','0561',3,1,NULL,'340600'),('340604',NULL,NULL,NULL,NULL,NULL,'烈山区','0561',3,1,NULL,'340600'),('340621',NULL,NULL,NULL,NULL,NULL,'濉溪县','0561',3,1,NULL,'340600'),('340700',NULL,NULL,NULL,NULL,NULL,'铜陵市','0562',2,1,NULL,'340000'),('340705',NULL,NULL,NULL,NULL,NULL,'铜官区','0562',3,1,NULL,'340700'),('340706',NULL,NULL,NULL,NULL,NULL,'义安区','0562',3,1,NULL,'340700'),('340711',NULL,NULL,NULL,NULL,NULL,'郊区','0562',3,1,NULL,'340700'),('340722',NULL,NULL,NULL,NULL,NULL,'枞阳县','0562',3,1,NULL,'340700'),('340800',NULL,NULL,NULL,NULL,NULL,'安庆市','0556',2,1,NULL,'340000'),('340802',NULL,NULL,NULL,NULL,NULL,'迎江区','0556',3,1,NULL,'340800'),('340803',NULL,NULL,NULL,NULL,NULL,'大观区','0556',3,1,NULL,'340800'),('340811',NULL,NULL,NULL,NULL,NULL,'宜秀区','0556',3,1,NULL,'340800'),('340822',NULL,NULL,NULL,NULL,NULL,'怀宁县','0556',3,1,NULL,'340800'),('340824',NULL,NULL,NULL,NULL,NULL,'潜山县','0556',3,1,NULL,'340800'),('340825',NULL,NULL,NULL,NULL,NULL,'太湖县','0556',3,1,NULL,'340800'),('340826',NULL,NULL,NULL,NULL,NULL,'宿松县','0556',3,1,NULL,'340800'),('340827',NULL,NULL,NULL,NULL,NULL,'望江县','0556',3,1,NULL,'340800'),('340828',NULL,NULL,NULL,NULL,NULL,'岳西县','0556',3,1,NULL,'340800'),('340881',NULL,NULL,NULL,NULL,NULL,'桐城市','0556',3,1,NULL,'340800'),('341000',NULL,NULL,NULL,NULL,NULL,'黄山市','0559',2,1,NULL,'340000'),('341002',NULL,NULL,NULL,NULL,NULL,'屯溪区','0559',3,1,NULL,'341000'),('341003',NULL,NULL,NULL,NULL,NULL,'黄山区','0559',3,1,NULL,'341000'),('341004',NULL,NULL,NULL,NULL,NULL,'徽州区','0559',3,1,NULL,'341000'),('341021',NULL,NULL,NULL,NULL,NULL,'歙县','0559',3,1,NULL,'341000'),('341022',NULL,NULL,NULL,NULL,NULL,'休宁县','0559',3,1,NULL,'341000'),('341023',NULL,NULL,NULL,NULL,NULL,'黟县','0559',3,1,NULL,'341000'),('341024',NULL,NULL,NULL,NULL,NULL,'祁门县','0559',3,1,NULL,'341000'),('341100',NULL,NULL,NULL,NULL,NULL,'滁州市','0550',2,1,NULL,'340000'),('341102',NULL,NULL,NULL,NULL,NULL,'琅琊区','0550',3,1,NULL,'341100'),('341103',NULL,NULL,NULL,NULL,NULL,'南谯区','0550',3,1,NULL,'341100'),('341122',NULL,NULL,NULL,NULL,NULL,'来安县','0550',3,1,NULL,'341100'),('341124',NULL,NULL,NULL,NULL,NULL,'全椒县','0550',3,1,NULL,'341100'),('341125',NULL,NULL,NULL,NULL,NULL,'定远县','0550',3,1,NULL,'341100'),('341126',NULL,NULL,NULL,NULL,NULL,'凤阳县','0550',3,1,NULL,'341100'),('341181',NULL,NULL,NULL,NULL,NULL,'天长市','0550',3,1,NULL,'341100'),('341182',NULL,NULL,NULL,NULL,NULL,'明光市','0550',3,1,NULL,'341100'),('341200',NULL,NULL,NULL,NULL,NULL,'阜阳市','1558',2,1,NULL,'340000'),('341202',NULL,NULL,NULL,NULL,NULL,'颍州区','1558',3,1,NULL,'341200'),('341203',NULL,NULL,NULL,NULL,NULL,'颍东区','1558',3,1,NULL,'341200'),('341204',NULL,NULL,NULL,NULL,NULL,'颍泉区','1558',3,1,NULL,'341200'),('341221',NULL,NULL,NULL,NULL,NULL,'临泉县','1558',3,1,NULL,'341200'),('341222',NULL,NULL,NULL,NULL,NULL,'太和县','1558',3,1,NULL,'341200'),('341225',NULL,NULL,NULL,NULL,NULL,'阜南县','1558',3,1,NULL,'341200'),('341226',NULL,NULL,NULL,NULL,NULL,'颍上县','1558',3,1,NULL,'341200'),('341282',NULL,NULL,NULL,NULL,NULL,'界首市','1558',3,1,NULL,'341200'),('341300',NULL,NULL,NULL,NULL,NULL,'宿州市','0557',2,1,NULL,'340000'),('341302',NULL,NULL,NULL,NULL,NULL,'埇桥区','0557',3,1,NULL,'341300'),('341321',NULL,NULL,NULL,NULL,NULL,'砀山县','0557',3,1,NULL,'341300'),('341322',NULL,NULL,NULL,NULL,NULL,'萧县','0557',3,1,NULL,'341300'),('341323',NULL,NULL,NULL,NULL,NULL,'灵璧县','0557',3,1,NULL,'341300'),('341324',NULL,NULL,NULL,NULL,NULL,'泗县','0557',3,1,NULL,'341300'),('341500',NULL,NULL,NULL,NULL,NULL,'六安市','0564',2,1,NULL,'340000'),('341502',NULL,NULL,NULL,NULL,NULL,'金安区','0564',3,1,NULL,'341500'),('341503',NULL,NULL,NULL,NULL,NULL,'裕安区','0564',3,1,NULL,'341500'),('341504',NULL,NULL,NULL,NULL,NULL,'叶集区','0564',3,1,NULL,'341500'),('341522',NULL,NULL,NULL,NULL,NULL,'霍邱县','0564',3,1,NULL,'341500'),('341523',NULL,NULL,NULL,NULL,NULL,'舒城县','0564',3,1,NULL,'341500'),('341524',NULL,NULL,NULL,NULL,NULL,'金寨县','0564',3,1,NULL,'341500'),('341525',NULL,NULL,NULL,NULL,NULL,'霍山县','0564',3,1,NULL,'341500'),('341600',NULL,NULL,NULL,NULL,NULL,'亳州市','0558',2,1,NULL,'340000'),('341602',NULL,NULL,NULL,NULL,NULL,'谯城区','0558',3,1,NULL,'341600'),('341621',NULL,NULL,NULL,NULL,NULL,'涡阳县','0558',3,1,NULL,'341600'),('341622',NULL,NULL,NULL,NULL,NULL,'蒙城县','0558',3,1,NULL,'341600'),('341623',NULL,NULL,NULL,NULL,NULL,'利辛县','0558',3,1,NULL,'341600'),('341700',NULL,NULL,NULL,NULL,NULL,'池州市','0566',2,1,NULL,'340000'),('341702',NULL,NULL,NULL,NULL,NULL,'贵池区','0566',3,1,NULL,'341700'),('341721',NULL,NULL,NULL,NULL,NULL,'东至县','0566',3,1,NULL,'341700'),('341722',NULL,NULL,NULL,NULL,NULL,'石台县','0566',3,1,NULL,'341700'),('341723',NULL,NULL,NULL,NULL,NULL,'青阳县','0566',3,1,NULL,'341700'),('341800',NULL,NULL,NULL,NULL,NULL,'宣城市','0563',2,1,NULL,'340000'),('341802',NULL,NULL,NULL,NULL,NULL,'宣州区','0563',3,1,NULL,'341800'),('341821',NULL,NULL,NULL,NULL,NULL,'郎溪县','0563',3,1,NULL,'341800'),('341822',NULL,NULL,NULL,NULL,NULL,'广德县','0563',3,1,NULL,'341800'),('341823',NULL,NULL,NULL,NULL,NULL,'泾县','0563',3,1,NULL,'341800'),('341824',NULL,NULL,NULL,NULL,NULL,'绩溪县','0563',3,1,NULL,'341800'),('341825',NULL,NULL,NULL,NULL,NULL,'旌德县','0563',3,1,NULL,'341800'),('341881',NULL,NULL,NULL,NULL,NULL,'宁国市','0563',3,1,NULL,'341800'),('350000',NULL,NULL,NULL,NULL,NULL,'福建省',NULL,1,1,NULL,NULL),('350100',NULL,NULL,NULL,NULL,NULL,'福州市','0591',2,1,NULL,'350000'),('350102',NULL,NULL,NULL,NULL,NULL,'鼓楼区','0591',3,1,NULL,'350100'),('350103',NULL,NULL,NULL,NULL,NULL,'台江区','0591',3,1,NULL,'350100'),('350104',NULL,NULL,NULL,NULL,NULL,'仓山区','0591',3,1,NULL,'350100'),('350105',NULL,NULL,NULL,NULL,NULL,'马尾区','0591',3,1,NULL,'350100'),('350111',NULL,NULL,NULL,NULL,NULL,'晋安区','0591',3,1,NULL,'350100'),('350121',NULL,NULL,NULL,NULL,NULL,'闽侯县','0591',3,1,NULL,'350100'),('350122',NULL,NULL,NULL,NULL,NULL,'连江县','0591',3,1,NULL,'350100'),('350123',NULL,NULL,NULL,NULL,NULL,'罗源县','0591',3,1,NULL,'350100'),('350124',NULL,NULL,NULL,NULL,NULL,'闽清县','0591',3,1,NULL,'350100'),('350125',NULL,NULL,NULL,NULL,NULL,'永泰县','0591',3,1,NULL,'350100'),('350128',NULL,NULL,NULL,NULL,NULL,'平潭县','0591',3,1,NULL,'350100'),('350181',NULL,NULL,NULL,NULL,NULL,'福清市','0591',3,1,NULL,'350100'),('350182',NULL,NULL,NULL,NULL,NULL,'长乐市','0591',3,1,NULL,'350100'),('350200',NULL,NULL,NULL,NULL,NULL,'厦门市','0592',2,1,NULL,'350000'),('350203',NULL,NULL,NULL,NULL,NULL,'思明区','0592',3,1,NULL,'350200'),('350205',NULL,NULL,NULL,NULL,NULL,'海沧区','0592',3,1,NULL,'350200'),('350206',NULL,NULL,NULL,NULL,NULL,'湖里区','0592',3,1,NULL,'350200'),('350211',NULL,NULL,NULL,NULL,NULL,'集美区','0592',3,1,NULL,'350200'),('350212',NULL,NULL,NULL,NULL,NULL,'同安区','0592',3,1,NULL,'350200'),('350213',NULL,NULL,NULL,NULL,NULL,'翔安区','0592',3,1,NULL,'350200'),('350300',NULL,NULL,NULL,NULL,NULL,'莆田市','0594',2,1,NULL,'350000'),('350302',NULL,NULL,NULL,NULL,NULL,'城厢区','0594',3,1,NULL,'350300'),('350303',NULL,NULL,NULL,NULL,NULL,'涵江区','0594',3,1,NULL,'350300'),('350304',NULL,NULL,NULL,NULL,NULL,'荔城区','0594',3,1,NULL,'350300'),('350305',NULL,NULL,NULL,NULL,NULL,'秀屿区','0594',3,1,NULL,'350300'),('350322',NULL,NULL,NULL,NULL,NULL,'仙游县','0594',3,1,NULL,'350300'),('350400',NULL,NULL,NULL,NULL,NULL,'三明市','0598',2,1,NULL,'350000'),('350402',NULL,NULL,NULL,NULL,NULL,'梅列区','0598',3,1,NULL,'350400'),('350403',NULL,NULL,NULL,NULL,NULL,'三元区','0598',3,1,NULL,'350400'),('350421',NULL,NULL,NULL,NULL,NULL,'明溪县','0598',3,1,NULL,'350400'),('350423',NULL,NULL,NULL,NULL,NULL,'清流县','0598',3,1,NULL,'350400'),('350424',NULL,NULL,NULL,NULL,NULL,'宁化县','0598',3,1,NULL,'350400'),('350425',NULL,NULL,NULL,NULL,NULL,'大田县','0598',3,1,NULL,'350400'),('350426',NULL,NULL,NULL,NULL,NULL,'尤溪县','0598',3,1,NULL,'350400'),('350427',NULL,NULL,NULL,NULL,NULL,'沙县','0598',3,1,NULL,'350400'),('350428',NULL,NULL,NULL,NULL,NULL,'将乐县','0598',3,1,NULL,'350400'),('350429',NULL,NULL,NULL,NULL,NULL,'泰宁县','0598',3,1,NULL,'350400'),('350430',NULL,NULL,NULL,NULL,NULL,'建宁县','0598',3,1,NULL,'350400'),('350481',NULL,NULL,NULL,NULL,NULL,'永安市','0598',3,1,NULL,'350400'),('350500',NULL,NULL,NULL,NULL,NULL,'泉州市','0595',2,1,NULL,'350000'),('350502',NULL,NULL,NULL,NULL,NULL,'鲤城区','0595',3,1,NULL,'350500'),('350503',NULL,NULL,NULL,NULL,NULL,'丰泽区','0595',3,1,NULL,'350500'),('350504',NULL,NULL,NULL,NULL,NULL,'洛江区','0595',3,1,NULL,'350500'),('350505',NULL,NULL,NULL,NULL,NULL,'泉港区','0595',3,1,NULL,'350500'),('350521',NULL,NULL,NULL,NULL,NULL,'惠安县','0595',3,1,NULL,'350500'),('350524',NULL,NULL,NULL,NULL,NULL,'安溪县','0595',3,1,NULL,'350500'),('350525',NULL,NULL,NULL,NULL,NULL,'永春县','0595',3,1,NULL,'350500'),('350526',NULL,NULL,NULL,NULL,NULL,'德化县','0595',3,1,NULL,'350500'),('350527',NULL,NULL,NULL,NULL,NULL,'金门县','0595',3,1,NULL,'350500'),('350581',NULL,NULL,NULL,NULL,NULL,'石狮市','0595',3,1,NULL,'350500'),('350582',NULL,NULL,NULL,NULL,NULL,'晋江市','0595',3,1,NULL,'350500'),('350583',NULL,NULL,NULL,NULL,NULL,'南安市','0595',3,1,NULL,'350500'),('350600',NULL,NULL,NULL,NULL,NULL,'漳州市','0596',2,1,NULL,'350000'),('350602',NULL,NULL,NULL,NULL,NULL,'芗城区','0596',3,1,NULL,'350600'),('350603',NULL,NULL,NULL,NULL,NULL,'龙文区','0596',3,1,NULL,'350600'),('350622',NULL,NULL,NULL,NULL,NULL,'云霄县','0596',3,1,NULL,'350600'),('350623',NULL,NULL,NULL,NULL,NULL,'漳浦县','0596',3,1,NULL,'350600'),('350624',NULL,NULL,NULL,NULL,NULL,'诏安县','0596',3,1,NULL,'350600'),('350625',NULL,NULL,NULL,NULL,NULL,'长泰县','0596',3,1,NULL,'350600'),('350626',NULL,NULL,NULL,NULL,NULL,'东山县','0596',3,1,NULL,'350600'),('350627',NULL,NULL,NULL,NULL,NULL,'南靖县','0596',3,1,NULL,'350600'),('350628',NULL,NULL,NULL,NULL,NULL,'平和县','0596',3,1,NULL,'350600'),('350629',NULL,NULL,NULL,NULL,NULL,'华安县','0596',3,1,NULL,'350600'),('350681',NULL,NULL,NULL,NULL,NULL,'龙海市','0596',3,1,NULL,'350600'),('350700',NULL,NULL,NULL,NULL,NULL,'南平市','0599',2,1,NULL,'350000'),('350702',NULL,NULL,NULL,NULL,NULL,'延平区','0599',3,1,NULL,'350700'),('350703',NULL,NULL,NULL,NULL,NULL,'建阳区','0599',3,1,NULL,'350700'),('350721',NULL,NULL,NULL,NULL,NULL,'顺昌县','0599',3,1,NULL,'350700'),('350722',NULL,NULL,NULL,NULL,NULL,'浦城县','0599',3,1,NULL,'350700'),('350723',NULL,NULL,NULL,NULL,NULL,'光泽县','0599',3,1,NULL,'350700'),('350724',NULL,NULL,NULL,NULL,NULL,'松溪县','0599',3,1,NULL,'350700'),('350725',NULL,NULL,NULL,NULL,NULL,'政和县','0599',3,1,NULL,'350700'),('350781',NULL,NULL,NULL,NULL,NULL,'邵武市','0599',3,1,NULL,'350700'),('350782',NULL,NULL,NULL,NULL,NULL,'武夷山市','0599',3,1,NULL,'350700'),('350783',NULL,NULL,NULL,NULL,NULL,'建瓯市','0599',3,1,NULL,'350700'),('350800',NULL,NULL,NULL,NULL,NULL,'龙岩市','0597',2,1,NULL,'350000'),('350802',NULL,NULL,NULL,NULL,NULL,'新罗区','0597',3,1,NULL,'350800'),('350803',NULL,NULL,NULL,NULL,NULL,'永定区','0597',3,1,NULL,'350800'),('350821',NULL,NULL,NULL,NULL,NULL,'长汀县','0597',3,1,NULL,'350800'),('350823',NULL,NULL,NULL,NULL,NULL,'上杭县','0597',3,1,NULL,'350800'),('350824',NULL,NULL,NULL,NULL,NULL,'武平县','0597',3,1,NULL,'350800'),('350825',NULL,NULL,NULL,NULL,NULL,'连城县','0597',3,1,NULL,'350800'),('350881',NULL,NULL,NULL,NULL,NULL,'漳平市','0597',3,1,NULL,'350800'),('350900',NULL,NULL,NULL,NULL,NULL,'宁德市','0593',2,1,NULL,'350000'),('350902',NULL,NULL,NULL,NULL,NULL,'蕉城区','0593',3,1,NULL,'350900'),('350921',NULL,NULL,NULL,NULL,NULL,'霞浦县','0593',3,1,NULL,'350900'),('350922',NULL,NULL,NULL,NULL,NULL,'古田县','0593',3,1,NULL,'350900'),('350923',NULL,NULL,NULL,NULL,NULL,'屏南县','0593',3,1,NULL,'350900'),('350924',NULL,NULL,NULL,NULL,NULL,'寿宁县','0593',3,1,NULL,'350900'),('350925',NULL,NULL,NULL,NULL,NULL,'周宁县','0593',3,1,NULL,'350900'),('350926',NULL,NULL,NULL,NULL,NULL,'柘荣县','0593',3,1,NULL,'350900'),('350981',NULL,NULL,NULL,NULL,NULL,'福安市','0593',3,1,NULL,'350900'),('350982',NULL,NULL,NULL,NULL,NULL,'福鼎市','0593',3,1,NULL,'350900'),('360000',NULL,NULL,NULL,NULL,NULL,'江西省',NULL,1,1,NULL,NULL),('360100',NULL,NULL,NULL,NULL,NULL,'南昌市','0791',2,1,NULL,'360000'),('360102',NULL,NULL,NULL,NULL,NULL,'东湖区','0791',3,1,NULL,'360100'),('360103',NULL,NULL,NULL,NULL,NULL,'西湖区','0791',3,1,NULL,'360100'),('360104',NULL,NULL,NULL,NULL,NULL,'青云谱区','0791',3,1,NULL,'360100'),('360105',NULL,NULL,NULL,NULL,NULL,'湾里区','0791',3,1,NULL,'360100'),('360111',NULL,NULL,NULL,NULL,NULL,'青山湖区','0791',3,1,NULL,'360100'),('360112',NULL,NULL,NULL,NULL,NULL,'新建区','0791',3,1,NULL,'360100'),('360121',NULL,NULL,NULL,NULL,NULL,'南昌县','0791',3,1,NULL,'360100'),('360123',NULL,NULL,NULL,NULL,NULL,'安义县','0791',3,1,NULL,'360100'),('360124',NULL,NULL,NULL,NULL,NULL,'进贤县','0791',3,1,NULL,'360100'),('360200',NULL,NULL,NULL,NULL,NULL,'景德镇市','0798',2,1,NULL,'360000'),('360202',NULL,NULL,NULL,NULL,NULL,'昌江区','0798',3,1,NULL,'360200'),('360203',NULL,NULL,NULL,NULL,NULL,'珠山区','0798',3,1,NULL,'360200'),('360222',NULL,NULL,NULL,NULL,NULL,'浮梁县','0798',3,1,NULL,'360200'),('360281',NULL,NULL,NULL,NULL,NULL,'乐平市','0798',3,1,NULL,'360200'),('360300',NULL,NULL,NULL,NULL,NULL,'萍乡市','0799',2,1,NULL,'360000'),('360302',NULL,NULL,NULL,NULL,NULL,'安源区','0799',3,1,NULL,'360300'),('360313',NULL,NULL,NULL,NULL,NULL,'湘东区','0799',3,1,NULL,'360300'),('360321',NULL,NULL,NULL,NULL,NULL,'莲花县','0799',3,1,NULL,'360300'),('360322',NULL,NULL,NULL,NULL,NULL,'上栗县','0799',3,1,NULL,'360300'),('360323',NULL,NULL,NULL,NULL,NULL,'芦溪县','0799',3,1,NULL,'360300'),('360400',NULL,NULL,NULL,NULL,NULL,'九江市','0792',2,1,NULL,'360000'),('360402',NULL,NULL,NULL,NULL,NULL,'濂溪区','0792',3,1,NULL,'360400'),('360403',NULL,NULL,NULL,NULL,NULL,'浔阳区','0792',3,1,NULL,'360400'),('360421',NULL,NULL,NULL,NULL,NULL,'九江县','0792',3,1,NULL,'360400'),('360423',NULL,NULL,NULL,NULL,NULL,'武宁县','0792',3,1,NULL,'360400'),('360424',NULL,NULL,NULL,NULL,NULL,'修水县','0792',3,1,NULL,'360400'),('360425',NULL,NULL,NULL,NULL,NULL,'永修县','0792',3,1,NULL,'360400'),('360426',NULL,NULL,NULL,NULL,NULL,'德安县','0792',3,1,NULL,'360400'),('360428',NULL,NULL,NULL,NULL,NULL,'都昌县','0792',3,1,NULL,'360400'),('360429',NULL,NULL,NULL,NULL,NULL,'湖口县','0792',3,1,NULL,'360400'),('360430',NULL,NULL,NULL,NULL,NULL,'彭泽县','0792',3,1,NULL,'360400'),('360481',NULL,NULL,NULL,NULL,NULL,'瑞昌市','0792',3,1,NULL,'360400'),('360482',NULL,NULL,NULL,NULL,NULL,'共青城市','0792',3,1,NULL,'360400'),('360483',NULL,NULL,NULL,NULL,NULL,'庐山市','0792',3,1,NULL,'360400'),('360500',NULL,NULL,NULL,NULL,NULL,'新余市','0790',2,1,NULL,'360000'),('360502',NULL,NULL,NULL,NULL,NULL,'渝水区','0790',3,1,NULL,'360500'),('360521',NULL,NULL,NULL,NULL,NULL,'分宜县','0790',3,1,NULL,'360500'),('360600',NULL,NULL,NULL,NULL,NULL,'鹰潭市','0701',2,1,NULL,'360000'),('360602',NULL,NULL,NULL,NULL,NULL,'月湖区','0701',3,1,NULL,'360600'),('360622',NULL,NULL,NULL,NULL,NULL,'余江县','0701',3,1,NULL,'360600'),('360681',NULL,NULL,NULL,NULL,NULL,'贵溪市','0701',3,1,NULL,'360600'),('360700',NULL,NULL,NULL,NULL,NULL,'赣州市','0797',2,1,NULL,'360000'),('360702',NULL,NULL,NULL,NULL,NULL,'章贡区','0797',3,1,NULL,'360700'),('360703',NULL,NULL,NULL,NULL,NULL,'南康区','0797',3,1,NULL,'360700'),('360721',NULL,NULL,NULL,NULL,NULL,'赣县','0797',3,1,NULL,'360700'),('360722',NULL,NULL,NULL,NULL,NULL,'信丰县','0797',3,1,NULL,'360700'),('360723',NULL,NULL,NULL,NULL,NULL,'大余县','0797',3,1,NULL,'360700'),('360724',NULL,NULL,NULL,NULL,NULL,'上犹县','0797',3,1,NULL,'360700'),('360725',NULL,NULL,NULL,NULL,NULL,'崇义县','0797',3,1,NULL,'360700'),('360726',NULL,NULL,NULL,NULL,NULL,'安远县','0797',3,1,NULL,'360700'),('360727',NULL,NULL,NULL,NULL,NULL,'龙南县','0797',3,1,NULL,'360700'),('360728',NULL,NULL,NULL,NULL,NULL,'定南县','0797',3,1,NULL,'360700'),('360729',NULL,NULL,NULL,NULL,NULL,'全南县','0797',3,1,NULL,'360700'),('360730',NULL,NULL,NULL,NULL,NULL,'宁都县','0797',3,1,NULL,'360700'),('360731',NULL,NULL,NULL,NULL,NULL,'于都县','0797',3,1,NULL,'360700'),('360732',NULL,NULL,NULL,NULL,NULL,'兴国县','0797',3,1,NULL,'360700'),('360733',NULL,NULL,NULL,NULL,NULL,'会昌县','0797',3,1,NULL,'360700'),('360734',NULL,NULL,NULL,NULL,NULL,'寻乌县','0797',3,1,NULL,'360700'),('360735',NULL,NULL,NULL,NULL,NULL,'石城县','0797',3,1,NULL,'360700'),('360781',NULL,NULL,NULL,NULL,NULL,'瑞金市','0797',3,1,NULL,'360700'),('360800',NULL,NULL,NULL,NULL,NULL,'吉安市','0796',2,1,NULL,'360000'),('360802',NULL,NULL,NULL,NULL,NULL,'吉州区','0796',3,1,NULL,'360800'),('360803',NULL,NULL,NULL,NULL,NULL,'青原区','0796',3,1,NULL,'360800'),('360821',NULL,NULL,NULL,NULL,NULL,'吉安县','0796',3,1,NULL,'360800'),('360822',NULL,NULL,NULL,NULL,NULL,'吉水县','0796',3,1,NULL,'360800'),('360823',NULL,NULL,NULL,NULL,NULL,'峡江县','0796',3,1,NULL,'360800'),('360824',NULL,NULL,NULL,NULL,NULL,'新干县','0796',3,1,NULL,'360800'),('360825',NULL,NULL,NULL,NULL,NULL,'永丰县','0796',3,1,NULL,'360800'),('360826',NULL,NULL,NULL,NULL,NULL,'泰和县','0796',3,1,NULL,'360800'),('360827',NULL,NULL,NULL,NULL,NULL,'遂川县','0796',3,1,NULL,'360800'),('360828',NULL,NULL,NULL,NULL,NULL,'万安县','0796',3,1,NULL,'360800'),('360829',NULL,NULL,NULL,NULL,NULL,'安福县','0796',3,1,NULL,'360800'),('360830',NULL,NULL,NULL,NULL,NULL,'永新县','0796',3,1,NULL,'360800'),('360881',NULL,NULL,NULL,NULL,NULL,'井冈山市','0796',3,1,NULL,'360800'),('360900',NULL,NULL,NULL,NULL,NULL,'宜春市','0795',2,1,NULL,'360000'),('360902',NULL,NULL,NULL,NULL,NULL,'袁州区','0795',3,1,NULL,'360900'),('360921',NULL,NULL,NULL,NULL,NULL,'奉新县','0795',3,1,NULL,'360900'),('360922',NULL,NULL,NULL,NULL,NULL,'万载县','0795',3,1,NULL,'360900'),('360923',NULL,NULL,NULL,NULL,NULL,'上高县','0795',3,1,NULL,'360900'),('360924',NULL,NULL,NULL,NULL,NULL,'宜丰县','0795',3,1,NULL,'360900'),('360925',NULL,NULL,NULL,NULL,NULL,'靖安县','0795',3,1,NULL,'360900'),('360926',NULL,NULL,NULL,NULL,NULL,'铜鼓县','0795',3,1,NULL,'360900'),('360981',NULL,NULL,NULL,NULL,NULL,'丰城市','0795',3,1,NULL,'360900'),('360982',NULL,NULL,NULL,NULL,NULL,'樟树市','0795',3,1,NULL,'360900'),('360983',NULL,NULL,NULL,NULL,NULL,'高安市','0795',3,1,NULL,'360900'),('361000',NULL,NULL,NULL,NULL,NULL,'抚州市','0794',2,1,NULL,'360000'),('361002',NULL,NULL,NULL,NULL,NULL,'临川区','0794',3,1,NULL,'361000'),('361021',NULL,NULL,NULL,NULL,NULL,'南城县','0794',3,1,NULL,'361000'),('361022',NULL,NULL,NULL,NULL,NULL,'黎川县','0794',3,1,NULL,'361000'),('361023',NULL,NULL,NULL,NULL,NULL,'南丰县','0794',3,1,NULL,'361000'),('361024',NULL,NULL,NULL,NULL,NULL,'崇仁县','0794',3,1,NULL,'361000'),('361025',NULL,NULL,NULL,NULL,NULL,'乐安县','0794',3,1,NULL,'361000'),('361026',NULL,NULL,NULL,NULL,NULL,'宜黄县','0794',3,1,NULL,'361000'),('361027',NULL,NULL,NULL,NULL,NULL,'金溪县','0794',3,1,NULL,'361000'),('361028',NULL,NULL,NULL,NULL,NULL,'资溪县','0794',3,1,NULL,'361000'),('361029',NULL,NULL,NULL,NULL,NULL,'东乡县','0794',3,1,NULL,'361000'),('361030',NULL,NULL,NULL,NULL,NULL,'广昌县','0794',3,1,NULL,'361000'),('361100',NULL,NULL,NULL,NULL,NULL,'上饶市','0793',2,1,NULL,'360000'),('361102',NULL,NULL,NULL,NULL,NULL,'信州区','0793',3,1,NULL,'361100'),('361103',NULL,NULL,NULL,NULL,NULL,'广丰区','0793',3,1,NULL,'361100'),('361121',NULL,NULL,NULL,NULL,NULL,'上饶县','0793',3,1,NULL,'361100'),('361123',NULL,NULL,NULL,NULL,NULL,'玉山县','0793',3,1,NULL,'361100'),('361124',NULL,NULL,NULL,NULL,NULL,'铅山县','0793',3,1,NULL,'361100'),('361125',NULL,NULL,NULL,NULL,NULL,'横峰县','0793',3,1,NULL,'361100'),('361126',NULL,NULL,NULL,NULL,NULL,'弋阳县','0793',3,1,NULL,'361100'),('361127',NULL,NULL,NULL,NULL,NULL,'余干县','0793',3,1,NULL,'361100'),('361128',NULL,NULL,NULL,NULL,NULL,'鄱阳县','0793',3,1,NULL,'361100'),('361129',NULL,NULL,NULL,NULL,NULL,'万年县','0793',3,1,NULL,'361100'),('361130',NULL,NULL,NULL,NULL,NULL,'婺源县','0793',3,1,NULL,'361100'),('361181',NULL,NULL,NULL,NULL,NULL,'德兴市','0793',3,1,NULL,'361100'),('370000',NULL,NULL,NULL,NULL,NULL,'山东省',NULL,1,1,NULL,NULL),('370100',NULL,NULL,NULL,NULL,NULL,'济南市','0531',2,1,NULL,'370000'),('370102',NULL,NULL,NULL,NULL,NULL,'历下区','0531',3,1,NULL,'370100'),('370103',NULL,NULL,NULL,NULL,NULL,'市中区','0531',3,1,NULL,'370100'),('370104',NULL,NULL,NULL,NULL,NULL,'槐荫区','0531',3,1,NULL,'370100'),('370105',NULL,NULL,NULL,NULL,NULL,'天桥区','0531',3,1,NULL,'370100'),('370112',NULL,NULL,NULL,NULL,NULL,'历城区','0531',3,1,NULL,'370100'),('370113',NULL,NULL,NULL,NULL,NULL,'长清区','0531',3,1,NULL,'370100'),('370124',NULL,NULL,NULL,NULL,NULL,'平阴县','0531',3,1,NULL,'370100'),('370125',NULL,NULL,NULL,NULL,NULL,'济阳县','0531',3,1,NULL,'370100'),('370126',NULL,NULL,NULL,NULL,NULL,'商河县','0531',3,1,NULL,'370100'),('370181',NULL,NULL,NULL,NULL,NULL,'章丘市','0531',3,1,NULL,'370100'),('370200',NULL,NULL,NULL,NULL,NULL,'青岛市','0532',2,1,NULL,'370000'),('370202',NULL,NULL,NULL,NULL,NULL,'市南区','0532',3,1,NULL,'370200'),('370203',NULL,NULL,NULL,NULL,NULL,'市北区','0532',3,1,NULL,'370200'),('370211',NULL,NULL,NULL,NULL,NULL,'黄岛区','0532',3,1,NULL,'370200'),('370212',NULL,NULL,NULL,NULL,NULL,'崂山区','0532',3,1,NULL,'370200'),('370213',NULL,NULL,NULL,NULL,NULL,'李沧区','0532',3,1,NULL,'370200'),('370214',NULL,NULL,NULL,NULL,NULL,'城阳区','0532',3,1,NULL,'370200'),('370281',NULL,NULL,NULL,NULL,NULL,'胶州市','0532',3,1,NULL,'370200'),('370282',NULL,NULL,NULL,NULL,NULL,'即墨市','0532',3,1,NULL,'370200'),('370283',NULL,NULL,NULL,NULL,NULL,'平度市','0532',3,1,NULL,'370200'),('370285',NULL,NULL,NULL,NULL,NULL,'莱西市','0532',3,1,NULL,'370200'),('370300',NULL,NULL,NULL,NULL,NULL,'淄博市','0533',2,1,NULL,'370000'),('370302',NULL,NULL,NULL,NULL,NULL,'淄川区','0533',3,1,NULL,'370300'),('370303',NULL,NULL,NULL,NULL,NULL,'张店区','0533',3,1,NULL,'370300'),('370304',NULL,NULL,NULL,NULL,NULL,'博山区','0533',3,1,NULL,'370300'),('370305',NULL,NULL,NULL,NULL,NULL,'临淄区','0533',3,1,NULL,'370300'),('370306',NULL,NULL,NULL,NULL,NULL,'周村区','0533',3,1,NULL,'370300'),('370321',NULL,NULL,NULL,NULL,NULL,'桓台县','0533',3,1,NULL,'370300'),('370322',NULL,NULL,NULL,NULL,NULL,'高青县','0533',3,1,NULL,'370300'),('370323',NULL,NULL,NULL,NULL,NULL,'沂源县','0533',3,1,NULL,'370300'),('370400',NULL,NULL,NULL,NULL,NULL,'枣庄市','0632',2,1,NULL,'370000'),('370402',NULL,NULL,NULL,NULL,NULL,'市中区','0632',3,1,NULL,'370400'),('370403',NULL,NULL,NULL,NULL,NULL,'薛城区','0632',3,1,NULL,'370400'),('370404',NULL,NULL,NULL,NULL,NULL,'峄城区','0632',3,1,NULL,'370400'),('370405',NULL,NULL,NULL,NULL,NULL,'台儿庄区','0632',3,1,NULL,'370400'),('370406',NULL,NULL,NULL,NULL,NULL,'山亭区','0632',3,1,NULL,'370400'),('370481',NULL,NULL,NULL,NULL,NULL,'滕州市','0632',3,1,NULL,'370400'),('370500',NULL,NULL,NULL,NULL,NULL,'东营市','0546',2,1,NULL,'370000'),('370502',NULL,NULL,NULL,NULL,NULL,'东营区','0546',3,1,NULL,'370500'),('370503',NULL,NULL,NULL,NULL,NULL,'河口区','0546',3,1,NULL,'370500'),('370505',NULL,NULL,NULL,NULL,NULL,'垦利区','0546',3,1,NULL,'370500'),('370522',NULL,NULL,NULL,NULL,NULL,'利津县','0546',3,1,NULL,'370500'),('370523',NULL,NULL,NULL,NULL,NULL,'广饶县','0546',3,1,NULL,'370500'),('370600',NULL,NULL,NULL,NULL,NULL,'烟台市','0535',2,1,NULL,'370000'),('370602',NULL,NULL,NULL,NULL,NULL,'芝罘区','0535',3,1,NULL,'370600'),('370611',NULL,NULL,NULL,NULL,NULL,'福山区','0535',3,1,NULL,'370600'),('370612',NULL,NULL,NULL,NULL,NULL,'牟平区','0535',3,1,NULL,'370600'),('370613',NULL,NULL,NULL,NULL,NULL,'莱山区','0535',3,1,NULL,'370600'),('370634',NULL,NULL,NULL,NULL,NULL,'长岛县',NULL,0,1,NULL,'370600'),('370681',NULL,NULL,NULL,NULL,NULL,'龙口市','0535',3,1,NULL,'370600'),('370682',NULL,NULL,NULL,NULL,NULL,'莱阳市','0535',3,1,NULL,'370600'),('370683',NULL,NULL,NULL,NULL,NULL,'莱州市','0535',3,1,NULL,'370600'),('370684',NULL,NULL,NULL,NULL,NULL,'蓬莱市',NULL,0,1,NULL,'370600'),('370685',NULL,NULL,NULL,NULL,NULL,'招远市','0535',3,1,NULL,'370600'),('370686',NULL,NULL,NULL,NULL,NULL,'栖霞市','0535',3,1,NULL,'370600'),('370687',NULL,NULL,NULL,NULL,NULL,'海阳市','0535',3,1,NULL,'370600'),('370700',NULL,NULL,NULL,NULL,NULL,'潍坊市','0536',2,1,NULL,'370000'),('370702',NULL,NULL,NULL,NULL,NULL,'潍城区','0536',3,1,NULL,'370700'),('370703',NULL,NULL,NULL,NULL,NULL,'寒亭区','0536',3,1,NULL,'370700'),('370704',NULL,NULL,NULL,NULL,NULL,'坊子区','0536',3,1,NULL,'370700'),('370705',NULL,NULL,NULL,NULL,NULL,'奎文区','0536',3,1,NULL,'370700'),('370724',NULL,NULL,NULL,NULL,NULL,'临朐县','0536',3,1,NULL,'370700'),('370725',NULL,NULL,NULL,NULL,NULL,'昌乐县','0536',3,1,NULL,'370700'),('370781',NULL,NULL,NULL,NULL,NULL,'青州市','0536',3,1,NULL,'370700'),('370782',NULL,NULL,NULL,NULL,NULL,'诸城市','0536',3,1,NULL,'370700'),('370783',NULL,NULL,NULL,NULL,NULL,'寿光市','0536',3,1,NULL,'370700'),('370784',NULL,NULL,NULL,NULL,NULL,'安丘市','0536',3,1,NULL,'370700'),('370785',NULL,NULL,NULL,NULL,NULL,'高密市','0536',3,1,NULL,'370700'),('370786',NULL,NULL,NULL,NULL,NULL,'昌邑市','0536',3,1,NULL,'370700'),('370800',NULL,NULL,NULL,NULL,NULL,'济宁市','0537',2,1,NULL,'370000'),('370811',NULL,NULL,NULL,NULL,NULL,'任城区','0537',3,1,NULL,'370800'),('370812',NULL,NULL,NULL,NULL,NULL,'兖州区','0537',3,1,NULL,'370800'),('370826',NULL,NULL,NULL,NULL,NULL,'微山县','0537',3,1,NULL,'370800'),('370827',NULL,NULL,NULL,NULL,NULL,'鱼台县','0537',3,1,NULL,'370800'),('370828',NULL,NULL,NULL,NULL,NULL,'金乡县','0537',3,1,NULL,'370800'),('370829',NULL,NULL,NULL,NULL,NULL,'嘉祥县','0537',3,1,NULL,'370800'),('370830',NULL,NULL,NULL,NULL,NULL,'汶上县','0537',3,1,NULL,'370800'),('370831',NULL,NULL,NULL,NULL,NULL,'泗水县','0537',3,1,NULL,'370800'),('370832',NULL,NULL,NULL,NULL,NULL,'梁山县','0537',3,1,NULL,'370800'),('370881',NULL,NULL,NULL,NULL,NULL,'曲阜市','0537',3,1,NULL,'370800'),('370883',NULL,NULL,NULL,NULL,NULL,'邹城市','0537',3,1,NULL,'370800'),('370900',NULL,NULL,NULL,NULL,NULL,'泰安市','0538',2,1,NULL,'370000'),('370902',NULL,NULL,NULL,NULL,NULL,'泰山区','0538',3,1,NULL,'370900'),('370911',NULL,NULL,NULL,NULL,NULL,'岱岳区','0538',3,1,NULL,'370900'),('370921',NULL,NULL,NULL,NULL,NULL,'宁阳县','0538',3,1,NULL,'370900'),('370923',NULL,NULL,NULL,NULL,NULL,'东平县','0538',3,1,NULL,'370900'),('370982',NULL,NULL,NULL,NULL,NULL,'新泰市','0538',3,1,NULL,'370900'),('370983',NULL,NULL,NULL,NULL,NULL,'肥城市','0538',3,1,NULL,'370900'),('371000',NULL,NULL,NULL,NULL,NULL,'威海市','0631',2,1,NULL,'370000'),('371002',NULL,NULL,NULL,NULL,NULL,'环翠区','0631',3,1,NULL,'371000'),('371003',NULL,NULL,NULL,NULL,NULL,'文登区','0631',3,1,NULL,'371000'),('371082',NULL,NULL,NULL,NULL,NULL,'荣成市','0631',3,1,NULL,'371000'),('371083',NULL,NULL,NULL,NULL,NULL,'乳山市','0631',3,1,NULL,'371000'),('371100',NULL,NULL,NULL,NULL,NULL,'日照市','0633',2,1,NULL,'370000'),('371102',NULL,NULL,NULL,NULL,NULL,'东港区','0633',3,1,NULL,'371100'),('371103',NULL,NULL,NULL,NULL,NULL,'岚山区','0633',3,1,NULL,'371100'),('371121',NULL,NULL,NULL,NULL,NULL,'五莲县','0633',3,1,NULL,'371100'),('371122',NULL,NULL,NULL,NULL,NULL,'莒县','0633',3,1,NULL,'371100'),('371200',NULL,NULL,NULL,NULL,NULL,'莱芜市','0634',2,1,NULL,'370000'),('371202',NULL,NULL,NULL,NULL,NULL,'莱城区','0634',3,1,NULL,'371200'),('371203',NULL,NULL,NULL,NULL,NULL,'钢城区','0634',3,1,NULL,'371200'),('371300',NULL,NULL,NULL,NULL,NULL,'临沂市','0539',2,1,NULL,'370000'),('371302',NULL,NULL,NULL,NULL,NULL,'兰山区','0539',3,1,NULL,'371300'),('371311',NULL,NULL,NULL,NULL,NULL,'罗庄区','0539',3,1,NULL,'371300'),('371312',NULL,NULL,NULL,NULL,NULL,'河东区','0539',3,1,NULL,'371300'),('371321',NULL,NULL,NULL,NULL,NULL,'沂南县','0539',3,1,NULL,'371300'),('371322',NULL,NULL,NULL,NULL,NULL,'郯城县','0539',3,1,NULL,'371300'),('371323',NULL,NULL,NULL,NULL,NULL,'沂水县','0539',3,1,NULL,'371300'),('371324',NULL,NULL,NULL,NULL,NULL,'兰陵县','0539',3,1,NULL,'371300'),('371325',NULL,NULL,NULL,NULL,NULL,'费县','0539',3,1,NULL,'371300'),('371326',NULL,NULL,NULL,NULL,NULL,'平邑县','0539',3,1,NULL,'371300'),('371327',NULL,NULL,NULL,NULL,NULL,'莒南县','0539',3,1,NULL,'371300'),('371328',NULL,NULL,NULL,NULL,NULL,'蒙阴县','0539',3,1,NULL,'371300'),('371329',NULL,NULL,NULL,NULL,NULL,'临沭县','0539',3,1,NULL,'371300'),('371400',NULL,NULL,NULL,NULL,NULL,'德州市','0534',2,1,NULL,'370000'),('371402',NULL,NULL,NULL,NULL,NULL,'德城区','0534',3,1,NULL,'371400'),('371403',NULL,NULL,NULL,NULL,NULL,'陵城区','0534',3,1,NULL,'371400'),('371422',NULL,NULL,NULL,NULL,NULL,'宁津县','0534',3,1,NULL,'371400'),('371423',NULL,NULL,NULL,NULL,NULL,'庆云县','0534',3,1,NULL,'371400'),('371424',NULL,NULL,NULL,NULL,NULL,'临邑县','0534',3,1,NULL,'371400'),('371425',NULL,NULL,NULL,NULL,NULL,'齐河县','0534',3,1,NULL,'371400'),('371426',NULL,NULL,NULL,NULL,NULL,'平原县','0534',3,1,NULL,'371400'),('371427',NULL,NULL,NULL,NULL,NULL,'夏津县','0534',3,1,NULL,'371400'),('371428',NULL,NULL,NULL,NULL,NULL,'武城县','0534',3,1,NULL,'371400'),('371481',NULL,NULL,NULL,NULL,NULL,'乐陵市','0534',3,1,NULL,'371400'),('371482',NULL,NULL,NULL,NULL,NULL,'禹城市','0534',3,1,NULL,'371400'),('371500',NULL,NULL,NULL,NULL,NULL,'聊城市','0635',2,1,NULL,'370000'),('371502',NULL,NULL,NULL,NULL,NULL,'东昌府区','0635',3,1,NULL,'371500'),('371521',NULL,NULL,NULL,NULL,NULL,'阳谷县','0635',3,1,NULL,'371500'),('371522',NULL,NULL,NULL,NULL,NULL,'莘县','0635',3,1,NULL,'371500'),('371523',NULL,NULL,NULL,NULL,NULL,'茌平县','0635',3,1,NULL,'371500'),('371524',NULL,NULL,NULL,NULL,NULL,'东阿县','0635',3,1,NULL,'371500'),('371525',NULL,NULL,NULL,NULL,NULL,'冠县','0635',3,1,NULL,'371500'),('371526',NULL,NULL,NULL,NULL,NULL,'高唐县','0635',3,1,NULL,'371500'),('371581',NULL,NULL,NULL,NULL,NULL,'临清市','0635',3,1,NULL,'371500'),('371600',NULL,NULL,NULL,NULL,NULL,'滨州市','0543',2,1,NULL,'370000'),('371602',NULL,NULL,NULL,NULL,NULL,'滨城区','0543',3,1,NULL,'371600'),('371603',NULL,NULL,NULL,NULL,NULL,'沾化区','0543',3,1,NULL,'371600'),('371621',NULL,NULL,NULL,NULL,NULL,'惠民县','0543',3,1,NULL,'371600'),('371622',NULL,NULL,NULL,NULL,NULL,'阳信县','0543',3,1,NULL,'371600'),('371623',NULL,NULL,NULL,NULL,NULL,'无棣县','0543',3,1,NULL,'371600'),('371625',NULL,NULL,NULL,NULL,NULL,'博兴县','0543',3,1,NULL,'371600'),('371626',NULL,NULL,NULL,NULL,NULL,'邹平县','0543',3,1,NULL,'371600'),('371700',NULL,NULL,NULL,NULL,NULL,'菏泽市','0530',2,1,NULL,'370000'),('371702',NULL,NULL,NULL,NULL,NULL,'牡丹区','0530',3,1,NULL,'371700'),('371703',NULL,NULL,NULL,NULL,NULL,'定陶区','0530',3,1,NULL,'371700'),('371721',NULL,NULL,NULL,NULL,NULL,'曹县','0530',3,1,NULL,'371700'),('371722',NULL,NULL,NULL,NULL,NULL,'单县','0530',3,1,NULL,'371700'),('371723',NULL,NULL,NULL,NULL,NULL,'成武县','0530',3,1,NULL,'371700'),('371724',NULL,NULL,NULL,NULL,NULL,'巨野县','0530',3,1,NULL,'371700'),('371725',NULL,NULL,NULL,NULL,NULL,'郓城县','0530',3,1,NULL,'371700'),('371726',NULL,NULL,NULL,NULL,NULL,'鄄城县','0530',3,1,NULL,'371700'),('371728',NULL,NULL,NULL,NULL,NULL,'东明县','0530',3,1,NULL,'371700'),('410000',NULL,NULL,NULL,NULL,NULL,'河南省',NULL,1,1,NULL,NULL),('410100',NULL,NULL,NULL,NULL,NULL,'郑州市','0371',2,1,NULL,'410000'),('410102',NULL,NULL,NULL,NULL,NULL,'中原区','0371',3,1,NULL,'410100'),('410103',NULL,NULL,NULL,NULL,NULL,'二七区','0371',3,1,NULL,'410100'),('410104',NULL,NULL,NULL,NULL,NULL,'管城回族区','0371',3,1,NULL,'410100'),('410105',NULL,NULL,NULL,NULL,NULL,'金水区','0371',3,1,NULL,'410100'),('410106',NULL,NULL,NULL,NULL,NULL,'上街区','0371',3,1,NULL,'410100'),('410108',NULL,NULL,NULL,NULL,NULL,'惠济区','0371',3,1,NULL,'410100'),('410122',NULL,NULL,NULL,NULL,NULL,'中牟县','0371',3,1,NULL,'410100'),('410181',NULL,NULL,NULL,NULL,NULL,'巩义市','0371',3,1,NULL,'410100'),('410182',NULL,NULL,NULL,NULL,NULL,'荥阳市','0371',3,1,NULL,'410100'),('410183',NULL,NULL,NULL,NULL,NULL,'新密市','0371',3,1,NULL,'410100'),('410184',NULL,NULL,NULL,NULL,NULL,'新郑市','0371',3,1,NULL,'410100'),('410185',NULL,NULL,NULL,NULL,NULL,'登封市','0371',3,1,NULL,'410100'),('410200',NULL,NULL,NULL,NULL,NULL,'开封市','0378',2,1,NULL,'410000'),('410202',NULL,NULL,NULL,NULL,NULL,'龙亭区','0378',3,1,NULL,'410200'),('410203',NULL,NULL,NULL,NULL,NULL,'顺河回族区','0378',3,1,NULL,'410200'),('410204',NULL,NULL,NULL,NULL,NULL,'鼓楼区','0378',3,1,NULL,'410200'),('410205',NULL,NULL,NULL,NULL,NULL,'禹王台区','0378',3,1,NULL,'410200'),('410211',NULL,NULL,NULL,NULL,NULL,'金明区','0378',3,1,NULL,'410200');
REPLACE INTO `tb_areas` VALUES ('410212',NULL,NULL,NULL,NULL,NULL,'祥符区','0378',3,1,NULL,'410200'),('410221',NULL,NULL,NULL,NULL,NULL,'杞县','0378',3,1,NULL,'410200'),('410222',NULL,NULL,NULL,NULL,NULL,'通许县','0378',3,1,NULL,'410200'),('410223',NULL,NULL,NULL,NULL,NULL,'尉氏县','0378',3,1,NULL,'410200'),('410225',NULL,NULL,NULL,NULL,NULL,'兰考县','0378',3,1,NULL,'410200'),('410300',NULL,NULL,NULL,NULL,NULL,'洛阳市','0379',2,1,NULL,'410000'),('410302',NULL,NULL,NULL,NULL,NULL,'老城区','0379',3,1,NULL,'410300'),('410303',NULL,NULL,NULL,NULL,NULL,'西工区','0379',3,1,NULL,'410300'),('410304',NULL,NULL,NULL,NULL,NULL,'瀍河回族区','0379',3,1,NULL,'410300'),('410305',NULL,NULL,NULL,NULL,NULL,'涧西区','0379',3,1,NULL,'410300'),('410306',NULL,NULL,NULL,NULL,NULL,'吉利区','0379',3,1,NULL,'410300'),('410311',NULL,NULL,NULL,NULL,NULL,'洛龙区','0379',3,1,NULL,'410300'),('410322',NULL,NULL,NULL,NULL,NULL,'孟津县','0379',3,1,NULL,'410300'),('410323',NULL,NULL,NULL,NULL,NULL,'新安县','0379',3,1,NULL,'410300'),('410324',NULL,NULL,NULL,NULL,NULL,'栾川县','0379',3,1,NULL,'410300'),('410325',NULL,NULL,NULL,NULL,NULL,'嵩县','0379',3,1,NULL,'410300'),('410326',NULL,NULL,NULL,NULL,NULL,'汝阳县','0379',3,1,NULL,'410300'),('410327',NULL,NULL,NULL,NULL,NULL,'宜阳县','0379',3,1,NULL,'410300'),('410328',NULL,NULL,NULL,NULL,NULL,'洛宁县','0379',3,1,NULL,'410300'),('410329',NULL,NULL,NULL,NULL,NULL,'伊川县','0379',3,1,NULL,'410300'),('410381',NULL,NULL,NULL,NULL,NULL,'偃师市','0379',3,1,NULL,'410300'),('410400',NULL,NULL,NULL,NULL,NULL,'平顶山市','0375',2,1,NULL,'410000'),('410402',NULL,NULL,NULL,NULL,NULL,'新华区','0375',3,1,NULL,'410400'),('410403',NULL,NULL,NULL,NULL,NULL,'卫东区','0375',3,1,NULL,'410400'),('410404',NULL,NULL,NULL,NULL,NULL,'石龙区','0375',3,1,NULL,'410400'),('410411',NULL,NULL,NULL,NULL,NULL,'湛河区','0375',3,1,NULL,'410400'),('410421',NULL,NULL,NULL,NULL,NULL,'宝丰县','0375',3,1,NULL,'410400'),('410422',NULL,NULL,NULL,NULL,NULL,'叶县','0375',3,1,NULL,'410400'),('410423',NULL,NULL,NULL,NULL,NULL,'鲁山县','0375',3,1,NULL,'410400'),('410425',NULL,NULL,NULL,NULL,NULL,'郏县','0375',3,1,NULL,'410400'),('410481',NULL,NULL,NULL,NULL,NULL,'舞钢市','0375',3,1,NULL,'410400'),('410482',NULL,NULL,NULL,NULL,NULL,'汝州市','0375',3,1,NULL,'410400'),('410500',NULL,NULL,NULL,NULL,NULL,'安阳市','0372',2,1,NULL,'410000'),('410502',NULL,NULL,NULL,NULL,NULL,'文峰区','0372',3,1,NULL,'410500'),('410503',NULL,NULL,NULL,NULL,NULL,'北关区','0372',3,1,NULL,'410500'),('410505',NULL,NULL,NULL,NULL,NULL,'殷都区','0372',3,1,NULL,'410500'),('410506',NULL,NULL,NULL,NULL,NULL,'龙安区','0372',3,1,NULL,'410500'),('410522',NULL,NULL,NULL,NULL,NULL,'安阳县','0372',3,1,NULL,'410500'),('410523',NULL,NULL,NULL,NULL,NULL,'汤阴县','0372',3,1,NULL,'410500'),('410526',NULL,NULL,NULL,NULL,NULL,'滑县','0372',3,1,NULL,'410500'),('410527',NULL,NULL,NULL,NULL,NULL,'内黄县','0372',3,1,NULL,'410500'),('410581',NULL,NULL,NULL,NULL,NULL,'林州市','0372',3,1,NULL,'410500'),('410600',NULL,NULL,NULL,NULL,NULL,'鹤壁市','0392',2,1,NULL,'410000'),('410602',NULL,NULL,NULL,NULL,NULL,'鹤山区','0392',3,1,NULL,'410600'),('410603',NULL,NULL,NULL,NULL,NULL,'山城区','0392',3,1,NULL,'410600'),('410611',NULL,NULL,NULL,NULL,NULL,'淇滨区','0392',3,1,NULL,'410600'),('410621',NULL,NULL,NULL,NULL,NULL,'浚县','0392',3,1,NULL,'410600'),('410622',NULL,NULL,NULL,NULL,NULL,'淇县','0392',3,1,NULL,'410600'),('410700',NULL,NULL,NULL,NULL,NULL,'新乡市','0373',2,1,NULL,'410000'),('410702',NULL,NULL,NULL,NULL,NULL,'红旗区','0373',3,1,NULL,'410700'),('410703',NULL,NULL,NULL,NULL,NULL,'卫滨区','0373',3,1,NULL,'410700'),('410704',NULL,NULL,NULL,NULL,NULL,'凤泉区','0373',3,1,NULL,'410700'),('410711',NULL,NULL,NULL,NULL,NULL,'牧野区','0373',3,1,NULL,'410700'),('410721',NULL,NULL,NULL,NULL,NULL,'新乡县','0373',3,1,NULL,'410700'),('410724',NULL,NULL,NULL,NULL,NULL,'获嘉县','0373',3,1,NULL,'410700'),('410725',NULL,NULL,NULL,NULL,NULL,'原阳县','0373',3,1,NULL,'410700'),('410726',NULL,NULL,NULL,NULL,NULL,'延津县','0373',3,1,NULL,'410700'),('410727',NULL,NULL,NULL,NULL,NULL,'封丘县','0373',3,1,NULL,'410700'),('410728',NULL,NULL,NULL,NULL,NULL,'长垣县','0373',3,1,NULL,'410700'),('410781',NULL,NULL,NULL,NULL,NULL,'卫辉市','0373',3,1,NULL,'410700'),('410782',NULL,NULL,NULL,NULL,NULL,'辉县市','0373',3,1,NULL,'410700'),('410800',NULL,NULL,NULL,NULL,NULL,'焦作市','0391',2,1,NULL,'410000'),('410802',NULL,NULL,NULL,NULL,NULL,'解放区','0391',3,1,NULL,'410800'),('410803',NULL,NULL,NULL,NULL,NULL,'中站区','0391',3,1,NULL,'410800'),('410804',NULL,NULL,NULL,NULL,NULL,'马村区','0391',3,1,NULL,'410800'),('410811',NULL,NULL,NULL,NULL,NULL,'山阳区','0391',3,1,NULL,'410800'),('410821',NULL,NULL,NULL,NULL,NULL,'修武县','0391',3,1,NULL,'410800'),('410822',NULL,NULL,NULL,NULL,NULL,'博爱县','0391',3,1,NULL,'410800'),('410823',NULL,NULL,NULL,NULL,NULL,'武陟县','0391',3,1,NULL,'410800'),('410825',NULL,NULL,NULL,NULL,NULL,'温县','0391',3,1,NULL,'410800'),('410882',NULL,NULL,NULL,NULL,NULL,'沁阳市','0391',3,1,NULL,'410800'),('410883',NULL,NULL,NULL,NULL,NULL,'孟州市','0391',3,1,NULL,'410800'),('410900',NULL,NULL,NULL,NULL,NULL,'濮阳市','0393',2,1,NULL,'410000'),('410902',NULL,NULL,NULL,NULL,NULL,'华龙区','0393',3,1,NULL,'410900'),('410922',NULL,NULL,NULL,NULL,NULL,'清丰县','0393',3,1,NULL,'410900'),('410923',NULL,NULL,NULL,NULL,NULL,'南乐县','0393',3,1,NULL,'410900'),('410926',NULL,NULL,NULL,NULL,NULL,'范县','0393',3,1,NULL,'410900'),('410927',NULL,NULL,NULL,NULL,NULL,'台前县','0393',3,1,NULL,'410900'),('410928',NULL,NULL,NULL,NULL,NULL,'濮阳县','0393',3,1,NULL,'410900'),('411000',NULL,NULL,NULL,NULL,NULL,'许昌市','0374',2,1,NULL,'410000'),('411002',NULL,NULL,NULL,NULL,NULL,'魏都区','0374',3,1,NULL,'411000'),('411023',NULL,NULL,NULL,NULL,NULL,'许昌县',NULL,0,1,NULL,'411000'),('411024',NULL,NULL,NULL,NULL,NULL,'鄢陵县','0374',3,1,NULL,'411000'),('411025',NULL,NULL,NULL,NULL,NULL,'襄城县','0374',3,1,NULL,'411000'),('411081',NULL,NULL,NULL,NULL,NULL,'禹州市','0374',3,1,NULL,'411000'),('411082',NULL,NULL,NULL,NULL,NULL,'长葛市','0374',3,1,NULL,'411000'),('411100',NULL,NULL,NULL,NULL,NULL,'漯河市','0395',2,1,NULL,'410000'),('411102',NULL,NULL,NULL,NULL,NULL,'源汇区','0395',3,1,NULL,'411100'),('411103',NULL,NULL,NULL,NULL,NULL,'郾城区','0395',3,1,NULL,'411100'),('411104',NULL,NULL,NULL,NULL,NULL,'召陵区','0395',3,1,NULL,'411100'),('411121',NULL,NULL,NULL,NULL,NULL,'舞阳县','0395',3,1,NULL,'411100'),('411122',NULL,NULL,NULL,NULL,NULL,'临颍县','0395',3,1,NULL,'411100'),('411200',NULL,NULL,NULL,NULL,NULL,'三门峡市','0398',2,1,NULL,'410000'),('411202',NULL,NULL,NULL,NULL,NULL,'湖滨区','0398',3,1,NULL,'411200'),('411203',NULL,NULL,NULL,NULL,NULL,'陕州区','0398',3,1,NULL,'411200'),('411221',NULL,NULL,NULL,NULL,NULL,'渑池县','0398',3,1,NULL,'411200'),('411224',NULL,NULL,NULL,NULL,NULL,'卢氏县','0398',3,1,NULL,'411200'),('411281',NULL,NULL,NULL,NULL,NULL,'义马市','0398',3,1,NULL,'411200'),('411282',NULL,NULL,NULL,NULL,NULL,'灵宝市','0398',3,1,NULL,'411200'),('411300',NULL,NULL,NULL,NULL,NULL,'南阳市','0377',2,1,NULL,'410000'),('411302',NULL,NULL,NULL,NULL,NULL,'宛城区','0377',3,1,NULL,'411300'),('411303',NULL,NULL,NULL,NULL,NULL,'卧龙区','0377',3,1,NULL,'411300'),('411321',NULL,NULL,NULL,NULL,NULL,'南召县','0377',3,1,NULL,'411300'),('411322',NULL,NULL,NULL,NULL,NULL,'方城县','0377',3,1,NULL,'411300'),('411323',NULL,NULL,NULL,NULL,NULL,'西峡县','0377',3,1,NULL,'411300'),('411324',NULL,NULL,NULL,NULL,NULL,'镇平县','0377',3,1,NULL,'411300'),('411325',NULL,NULL,NULL,NULL,NULL,'内乡县','0377',3,1,NULL,'411300'),('411326',NULL,NULL,NULL,NULL,NULL,'淅川县','0377',3,1,NULL,'411300'),('411327',NULL,NULL,NULL,NULL,NULL,'社旗县','0377',3,1,NULL,'411300'),('411328',NULL,NULL,NULL,NULL,NULL,'唐河县','0377',3,1,NULL,'411300'),('411329',NULL,NULL,NULL,NULL,NULL,'新野县','0377',3,1,NULL,'411300'),('411330',NULL,NULL,NULL,NULL,NULL,'桐柏县','0377',3,1,NULL,'411300'),('411381',NULL,NULL,NULL,NULL,NULL,'邓州市','0377',3,1,NULL,'411300'),('411400',NULL,NULL,NULL,NULL,NULL,'商丘市','0370',2,1,NULL,'410000'),('411402',NULL,NULL,NULL,NULL,NULL,'梁园区','0370',3,1,NULL,'411400'),('411403',NULL,NULL,NULL,NULL,NULL,'睢阳区','0370',3,1,NULL,'411400'),('411421',NULL,NULL,NULL,NULL,NULL,'民权县','0370',3,1,NULL,'411400'),('411422',NULL,NULL,NULL,NULL,NULL,'睢县','0370',3,1,NULL,'411400'),('411423',NULL,NULL,NULL,NULL,NULL,'宁陵县','0370',3,1,NULL,'411400'),('411424',NULL,NULL,NULL,NULL,NULL,'柘城县','0370',3,1,NULL,'411400'),('411425',NULL,NULL,NULL,NULL,NULL,'虞城县','0370',3,1,NULL,'411400'),('411426',NULL,NULL,NULL,NULL,NULL,'夏邑县','0370',3,1,NULL,'411400'),('411481',NULL,NULL,NULL,NULL,NULL,'永城市','0370',3,1,NULL,'411400'),('411500',NULL,NULL,NULL,NULL,NULL,'信阳市','0376',2,1,NULL,'410000'),('411502',NULL,NULL,NULL,NULL,NULL,'浉河区','0376',3,1,NULL,'411500'),('411503',NULL,NULL,NULL,NULL,NULL,'平桥区','0376',3,1,NULL,'411500'),('411521',NULL,NULL,NULL,NULL,NULL,'罗山县','0376',3,1,NULL,'411500'),('411522',NULL,NULL,NULL,NULL,NULL,'光山县','0376',3,1,NULL,'411500'),('411523',NULL,NULL,NULL,NULL,NULL,'新县','0376',3,1,NULL,'411500'),('411524',NULL,NULL,NULL,NULL,NULL,'商城县','0376',3,1,NULL,'411500'),('411525',NULL,NULL,NULL,NULL,NULL,'固始县','0376',3,1,NULL,'411500'),('411526',NULL,NULL,NULL,NULL,NULL,'潢川县','0376',3,1,NULL,'411500'),('411527',NULL,NULL,NULL,NULL,NULL,'淮滨县','0376',3,1,NULL,'411500'),('411528',NULL,NULL,NULL,NULL,NULL,'息县','0376',3,1,NULL,'411500'),('411600',NULL,NULL,NULL,NULL,NULL,'周口市','0394',2,1,NULL,'410000'),('411602',NULL,NULL,NULL,NULL,NULL,'川汇区','0394',3,1,NULL,'411600'),('411621',NULL,NULL,NULL,NULL,NULL,'扶沟县','0394',3,1,NULL,'411600'),('411622',NULL,NULL,NULL,NULL,NULL,'西华县','0394',3,1,NULL,'411600'),('411623',NULL,NULL,NULL,NULL,NULL,'商水县','0394',3,1,NULL,'411600'),('411624',NULL,NULL,NULL,NULL,NULL,'沈丘县','0394',3,1,NULL,'411600'),('411625',NULL,NULL,NULL,NULL,NULL,'郸城县','0394',3,1,NULL,'411600'),('411626',NULL,NULL,NULL,NULL,NULL,'淮阳县','0394',3,1,NULL,'411600'),('411627',NULL,NULL,NULL,NULL,NULL,'太康县','0394',3,1,NULL,'411600'),('411628',NULL,NULL,NULL,NULL,NULL,'鹿邑县','0394',3,1,NULL,'411600'),('411681',NULL,NULL,NULL,NULL,NULL,'项城市','0394',3,1,NULL,'411600'),('411700',NULL,NULL,NULL,NULL,NULL,'驻马店市','0396',2,1,NULL,'410000'),('411702',NULL,NULL,NULL,NULL,NULL,'驿城区','0396',3,1,NULL,'411700'),('411721',NULL,NULL,NULL,NULL,NULL,'西平县','0396',3,1,NULL,'411700'),('411722',NULL,NULL,NULL,NULL,NULL,'上蔡县','0396',3,1,NULL,'411700'),('411723',NULL,NULL,NULL,NULL,NULL,'平舆县','0396',3,1,NULL,'411700'),('411724',NULL,NULL,NULL,NULL,NULL,'正阳县','0396',3,1,NULL,'411700'),('411725',NULL,NULL,NULL,NULL,NULL,'确山县','0396',3,1,NULL,'411700'),('411726',NULL,NULL,NULL,NULL,NULL,'泌阳县','0396',3,1,NULL,'411700'),('411727',NULL,NULL,NULL,NULL,NULL,'汝南县','0396',3,1,NULL,'411700'),('411728',NULL,NULL,NULL,NULL,NULL,'遂平县','0396',3,1,NULL,'411700'),('411729',NULL,NULL,NULL,NULL,NULL,'新蔡县','0396',3,1,NULL,'411700'),('419000',NULL,NULL,NULL,NULL,NULL,'省直辖县级行政区划',NULL,2,1,NULL,'410000'),('419001',NULL,NULL,NULL,NULL,NULL,'济源市','1391',3,1,NULL,'419000'),('420000',NULL,NULL,NULL,NULL,NULL,'湖北省',NULL,1,1,NULL,NULL),('420100',NULL,NULL,NULL,NULL,NULL,'武汉市','027',2,1,NULL,'420000'),('420102',NULL,NULL,NULL,NULL,NULL,'江岸区','027',3,1,NULL,'420100'),('420103',NULL,NULL,NULL,NULL,NULL,'江汉区','027',3,1,NULL,'420100'),('420104',NULL,NULL,NULL,NULL,NULL,'硚口区','027',3,1,NULL,'420100'),('420105',NULL,NULL,NULL,NULL,NULL,'汉阳区','027',3,1,NULL,'420100'),('420106',NULL,NULL,NULL,NULL,NULL,'武昌区','027',3,1,NULL,'420100'),('420107',NULL,NULL,NULL,NULL,NULL,'青山区','027',3,1,NULL,'420100'),('420111',NULL,NULL,NULL,NULL,NULL,'洪山区','027',3,1,NULL,'420100'),('420112',NULL,NULL,NULL,NULL,NULL,'东西湖区','027',3,1,NULL,'420100'),('420113',NULL,NULL,NULL,NULL,NULL,'汉南区','027',3,1,NULL,'420100'),('420114',NULL,NULL,NULL,NULL,NULL,'蔡甸区','027',3,1,NULL,'420100'),('420115',NULL,NULL,NULL,NULL,NULL,'江夏区','027',3,1,NULL,'420100'),('420116',NULL,NULL,NULL,NULL,NULL,'黄陂区','027',3,1,NULL,'420100'),('420117',NULL,NULL,NULL,NULL,NULL,'新洲区','027',3,1,NULL,'420100'),('420200',NULL,NULL,NULL,NULL,NULL,'黄石市','0714',2,1,NULL,'420000'),('420202',NULL,NULL,NULL,NULL,NULL,'黄石港区','0714',3,1,NULL,'420200'),('420203',NULL,NULL,NULL,NULL,NULL,'西塞山区','0714',3,1,NULL,'420200'),('420204',NULL,NULL,NULL,NULL,NULL,'下陆区','0714',3,1,NULL,'420200'),('420205',NULL,NULL,NULL,NULL,NULL,'铁山区','0714',3,1,NULL,'420200'),('420222',NULL,NULL,NULL,NULL,NULL,'阳新县','0714',3,1,NULL,'420200'),('420281',NULL,NULL,NULL,NULL,NULL,'大冶市','0714',3,1,NULL,'420200'),('420300',NULL,NULL,NULL,NULL,NULL,'十堰市','0719',2,1,NULL,'420000'),('420302',NULL,NULL,NULL,NULL,NULL,'茅箭区','0719',3,1,NULL,'420300'),('420303',NULL,NULL,NULL,NULL,NULL,'张湾区','0719',3,1,NULL,'420300'),('420304',NULL,NULL,NULL,NULL,NULL,'郧阳区','0719',3,1,NULL,'420300'),('420322',NULL,NULL,NULL,NULL,NULL,'郧西县','0719',3,1,NULL,'420300'),('420323',NULL,NULL,NULL,NULL,NULL,'竹山县','0719',3,1,NULL,'420300'),('420324',NULL,NULL,NULL,NULL,NULL,'竹溪县','0719',3,1,NULL,'420300'),('420325',NULL,NULL,NULL,NULL,NULL,'房县','0719',3,1,NULL,'420300'),('420381',NULL,NULL,NULL,NULL,NULL,'丹江口市','0719',3,1,NULL,'420300'),('420500',NULL,NULL,NULL,NULL,NULL,'宜昌市','0717',2,1,NULL,'420000'),('420502',NULL,NULL,NULL,NULL,NULL,'西陵区','0717',3,1,NULL,'420500'),('420503',NULL,NULL,NULL,NULL,NULL,'伍家岗区','0717',3,1,NULL,'420500'),('420504',NULL,NULL,NULL,NULL,NULL,'点军区','0717',3,1,NULL,'420500'),('420505',NULL,NULL,NULL,NULL,NULL,'猇亭区','0717',3,1,NULL,'420500'),('420506',NULL,NULL,NULL,NULL,NULL,'夷陵区','0717',3,1,NULL,'420500'),('420525',NULL,NULL,NULL,NULL,NULL,'远安县','0717',3,1,NULL,'420500'),('420526',NULL,NULL,NULL,NULL,NULL,'兴山县','0717',3,1,NULL,'420500'),('420527',NULL,NULL,NULL,NULL,NULL,'秭归县','0717',3,1,NULL,'420500'),('420528',NULL,NULL,NULL,NULL,NULL,'长阳土家族自治县','0717',3,1,NULL,'420500'),('420529',NULL,NULL,NULL,NULL,NULL,'五峰土家族自治县','0717',3,1,NULL,'420500'),('420581',NULL,NULL,NULL,NULL,NULL,'宜都市','0717',3,1,NULL,'420500'),('420582',NULL,NULL,NULL,NULL,NULL,'当阳市','0717',3,1,NULL,'420500'),('420583',NULL,NULL,NULL,NULL,NULL,'枝江市','0717',3,1,NULL,'420500'),('420600',NULL,NULL,NULL,NULL,NULL,'襄阳市','0710',2,1,NULL,'420000'),('420602',NULL,NULL,NULL,NULL,NULL,'襄城区','0710',3,1,NULL,'420600'),('420606',NULL,NULL,NULL,NULL,NULL,'樊城区','0710',3,1,NULL,'420600'),('420607',NULL,NULL,NULL,NULL,NULL,'襄州区','0710',3,1,NULL,'420600'),('420624',NULL,NULL,NULL,NULL,NULL,'南漳县','0710',3,1,NULL,'420600'),('420625',NULL,NULL,NULL,NULL,NULL,'谷城县','0710',3,1,NULL,'420600'),('420626',NULL,NULL,NULL,NULL,NULL,'保康县','0710',3,1,NULL,'420600'),('420682',NULL,NULL,NULL,NULL,NULL,'老河口市','0710',3,1,NULL,'420600'),('420683',NULL,NULL,NULL,NULL,NULL,'枣阳市','0710',3,1,NULL,'420600'),('420684',NULL,NULL,NULL,NULL,NULL,'宜城市','0710',3,1,NULL,'420600'),('420700',NULL,NULL,NULL,NULL,NULL,'鄂州市','0711',2,1,NULL,'420000'),('420702',NULL,NULL,NULL,NULL,NULL,'梁子湖区','0711',3,1,NULL,'420700'),('420703',NULL,NULL,NULL,NULL,NULL,'华容区','0711',3,1,NULL,'420700'),('420704',NULL,NULL,NULL,NULL,NULL,'鄂城区','0711',3,1,NULL,'420700'),('420800',NULL,NULL,NULL,NULL,NULL,'荆门市','0724',2,1,NULL,'420000'),('420802',NULL,NULL,NULL,NULL,NULL,'东宝区','0724',3,1,NULL,'420800'),('420804',NULL,NULL,NULL,NULL,NULL,'掇刀区','0724',3,1,NULL,'420800'),('420821',NULL,NULL,NULL,NULL,NULL,'京山县','0724',3,1,NULL,'420800'),('420822',NULL,NULL,NULL,NULL,NULL,'沙洋县','0724',3,1,NULL,'420800'),('420881',NULL,NULL,NULL,NULL,NULL,'钟祥市','0724',3,1,NULL,'420800'),('420900',NULL,NULL,NULL,NULL,NULL,'孝感市','0712',2,1,NULL,'420000'),('420902',NULL,NULL,NULL,NULL,NULL,'孝南区','0712',3,1,NULL,'420900'),('420921',NULL,NULL,NULL,NULL,NULL,'孝昌县','0712',3,1,NULL,'420900'),('420922',NULL,NULL,NULL,NULL,NULL,'大悟县','0712',3,1,NULL,'420900'),('420923',NULL,NULL,NULL,NULL,NULL,'云梦县','0712',3,1,NULL,'420900'),('420981',NULL,NULL,NULL,NULL,NULL,'应城市','0712',3,1,NULL,'420900'),('420982',NULL,NULL,NULL,NULL,NULL,'安陆市','0712',3,1,NULL,'420900'),('420984',NULL,NULL,NULL,NULL,NULL,'汉川市','0712',3,1,NULL,'420900'),('421000',NULL,NULL,NULL,NULL,NULL,'荆州市','0716',2,1,NULL,'420000'),('421002',NULL,NULL,NULL,NULL,NULL,'沙市区','0716',3,1,NULL,'421000'),('421003',NULL,NULL,NULL,NULL,NULL,'荆州区','0716',3,1,NULL,'421000'),('421022',NULL,NULL,NULL,NULL,NULL,'公安县','0716',3,1,NULL,'421000'),('421023',NULL,NULL,NULL,NULL,NULL,'监利县','0716',3,1,NULL,'421000'),('421024',NULL,NULL,NULL,NULL,NULL,'江陵县','0716',3,1,NULL,'421000'),('421081',NULL,NULL,NULL,NULL,NULL,'石首市','0716',3,1,NULL,'421000'),('421083',NULL,NULL,NULL,NULL,NULL,'洪湖市','0716',3,1,NULL,'421000'),('421087',NULL,NULL,NULL,NULL,NULL,'松滋市','0716',3,1,NULL,'421000'),('421100',NULL,NULL,NULL,NULL,NULL,'黄冈市','0713',2,1,NULL,'420000'),('421102',NULL,NULL,NULL,NULL,NULL,'黄州区','0713',3,1,NULL,'421100'),('421121',NULL,NULL,NULL,NULL,NULL,'团风县','0713',3,1,NULL,'421100'),('421122',NULL,NULL,NULL,NULL,NULL,'红安县','0713',3,1,NULL,'421100'),('421123',NULL,NULL,NULL,NULL,NULL,'罗田县','0713',3,1,NULL,'421100'),('421124',NULL,NULL,NULL,NULL,NULL,'英山县','0713',3,1,NULL,'421100'),('421125',NULL,NULL,NULL,NULL,NULL,'浠水县','0713',3,1,NULL,'421100'),('421126',NULL,NULL,NULL,NULL,NULL,'蕲春县','0713',3,1,NULL,'421100'),('421127',NULL,NULL,NULL,NULL,NULL,'黄梅县','0713',3,1,NULL,'421100'),('421181',NULL,NULL,NULL,NULL,NULL,'麻城市','0713',3,1,NULL,'421100'),('421182',NULL,NULL,NULL,NULL,NULL,'武穴市','0713',3,1,NULL,'421100'),('421200',NULL,NULL,NULL,NULL,NULL,'咸宁市','0715',2,1,NULL,'420000'),('421202',NULL,NULL,NULL,NULL,NULL,'咸安区','0715',3,1,NULL,'421200'),('421221',NULL,NULL,NULL,NULL,NULL,'嘉鱼县','0715',3,1,NULL,'421200'),('421222',NULL,NULL,NULL,NULL,NULL,'通城县','0715',3,1,NULL,'421200'),('421223',NULL,NULL,NULL,NULL,NULL,'崇阳县','0715',3,1,NULL,'421200'),('421224',NULL,NULL,NULL,NULL,NULL,'通山县','0715',3,1,NULL,'421200'),('421281',NULL,NULL,NULL,NULL,NULL,'赤壁市','0715',3,1,NULL,'421200'),('421300',NULL,NULL,NULL,NULL,NULL,'随州市','0722',2,1,NULL,'420000'),('421303',NULL,NULL,NULL,NULL,NULL,'曾都区','0722',3,1,NULL,'421300'),('421321',NULL,NULL,NULL,NULL,NULL,'随县','0722',3,1,NULL,'421300'),('421381',NULL,NULL,NULL,NULL,NULL,'广水市','0722',3,1,NULL,'421300'),('422800',NULL,NULL,NULL,NULL,NULL,'恩施土家族苗族自治州','0718',2,1,NULL,'420000'),('422801',NULL,NULL,NULL,NULL,NULL,'恩施市','0718',3,1,NULL,'422800'),('422802',NULL,NULL,NULL,NULL,NULL,'利川市','0718',3,1,NULL,'422800'),('422822',NULL,NULL,NULL,NULL,NULL,'建始县','0718',3,1,NULL,'422800'),('422823',NULL,NULL,NULL,NULL,NULL,'巴东县','0718',3,1,NULL,'422800'),('422825',NULL,NULL,NULL,NULL,NULL,'宣恩县','0718',3,1,NULL,'422800'),('422826',NULL,NULL,NULL,NULL,NULL,'咸丰县','0718',3,1,NULL,'422800'),('422827',NULL,NULL,NULL,NULL,NULL,'来凤县','0718',3,1,NULL,'422800'),('422828',NULL,NULL,NULL,NULL,NULL,'鹤峰县','0718',3,1,NULL,'422800'),('429000',NULL,NULL,NULL,NULL,NULL,'省直辖县级行政区划',NULL,2,1,NULL,'420000'),('429004',NULL,NULL,NULL,NULL,NULL,'仙桃市','0728',3,1,NULL,'429000'),('429005',NULL,NULL,NULL,NULL,NULL,'潜江市','2728',3,1,NULL,'429000'),('429006',NULL,NULL,NULL,NULL,NULL,'天门市','1728',3,1,NULL,'429000'),('429021',NULL,NULL,NULL,NULL,NULL,'神农架林区','1719',3,1,NULL,'429000'),('430000',NULL,NULL,NULL,NULL,NULL,'湖南省',NULL,1,1,NULL,NULL),('430100',NULL,NULL,NULL,NULL,NULL,'长沙市','0731',2,1,NULL,'430000'),('430102',NULL,NULL,NULL,NULL,NULL,'芙蓉区','0731',3,1,NULL,'430100'),('430103',NULL,NULL,NULL,NULL,NULL,'天心区','0731',3,1,NULL,'430100'),('430104',NULL,NULL,NULL,NULL,NULL,'岳麓区','0731',3,1,NULL,'430100'),('430105',NULL,NULL,NULL,NULL,NULL,'开福区','0731',3,1,NULL,'430100'),('430111',NULL,NULL,NULL,NULL,NULL,'雨花区','0731',3,1,NULL,'430100'),('430112',NULL,NULL,NULL,NULL,NULL,'望城区','0731',3,1,NULL,'430100'),('430121',NULL,NULL,NULL,NULL,NULL,'长沙县','0731',3,1,NULL,'430100'),('430124',NULL,NULL,NULL,NULL,NULL,'宁乡县','0731',3,1,NULL,'430100'),('430181',NULL,NULL,NULL,NULL,NULL,'浏阳市','0731',3,1,NULL,'430100'),('430200',NULL,NULL,NULL,NULL,NULL,'株洲市','0733',2,1,NULL,'430000'),('430202',NULL,NULL,NULL,NULL,NULL,'荷塘区','0733',3,1,NULL,'430200'),('430203',NULL,NULL,NULL,NULL,NULL,'芦淞区','0733',3,1,NULL,'430200'),('430204',NULL,NULL,NULL,NULL,NULL,'石峰区','0733',3,1,NULL,'430200'),('430211',NULL,NULL,NULL,NULL,NULL,'天元区','0733',3,1,NULL,'430200'),('430221',NULL,NULL,NULL,NULL,NULL,'株洲县','0733',3,1,NULL,'430200'),('430223',NULL,NULL,NULL,NULL,NULL,'攸县','0733',3,1,NULL,'430200'),('430224',NULL,NULL,NULL,NULL,NULL,'茶陵县','0733',3,1,NULL,'430200'),('430225',NULL,NULL,NULL,NULL,NULL,'炎陵县','0733',3,1,NULL,'430200'),('430281',NULL,NULL,NULL,NULL,NULL,'醴陵市','0733',3,1,NULL,'430200'),('430300',NULL,NULL,NULL,NULL,NULL,'湘潭市','0732',2,1,NULL,'430000'),('430302',NULL,NULL,NULL,NULL,NULL,'雨湖区','0732',3,1,NULL,'430300'),('430304',NULL,NULL,NULL,NULL,NULL,'岳塘区','0732',3,1,NULL,'430300'),('430321',NULL,NULL,NULL,NULL,NULL,'湘潭县','0732',3,1,NULL,'430300'),('430381',NULL,NULL,NULL,NULL,NULL,'湘乡市','0732',3,1,NULL,'430300'),('430382',NULL,NULL,NULL,NULL,NULL,'韶山市','0732',3,1,NULL,'430300'),('430400',NULL,NULL,NULL,NULL,NULL,'衡阳市','0734',2,1,NULL,'430000'),('430405',NULL,NULL,NULL,NULL,NULL,'珠晖区','0734',3,1,NULL,'430400'),('430406',NULL,NULL,NULL,NULL,NULL,'雁峰区','0734',3,1,NULL,'430400'),('430407',NULL,NULL,NULL,NULL,NULL,'石鼓区','0734',3,1,NULL,'430400'),('430408',NULL,NULL,NULL,NULL,NULL,'蒸湘区','0734',3,1,NULL,'430400'),('430412',NULL,NULL,NULL,NULL,NULL,'南岳区','0734',3,1,NULL,'430400'),('430421',NULL,NULL,NULL,NULL,NULL,'衡阳县','0734',3,1,NULL,'430400'),('430422',NULL,NULL,NULL,NULL,NULL,'衡南县','0734',3,1,NULL,'430400'),('430423',NULL,NULL,NULL,NULL,NULL,'衡山县','0734',3,1,NULL,'430400'),('430424',NULL,NULL,NULL,NULL,NULL,'衡东县','0734',3,1,NULL,'430400'),('430426',NULL,NULL,NULL,NULL,NULL,'祁东县','0734',3,1,NULL,'430400'),('430481',NULL,NULL,NULL,NULL,NULL,'耒阳市','0734',3,1,NULL,'430400'),('430482',NULL,NULL,NULL,NULL,NULL,'常宁市','0734',3,1,NULL,'430400'),('430500',NULL,NULL,NULL,NULL,NULL,'邵阳市','0739',2,1,NULL,'430000'),('430502',NULL,NULL,NULL,NULL,NULL,'双清区','0739',3,1,NULL,'430500'),('430503',NULL,NULL,NULL,NULL,NULL,'大祥区','0739',3,1,NULL,'430500'),('430511',NULL,NULL,NULL,NULL,NULL,'北塔区','0739',3,1,NULL,'430500'),('430521',NULL,NULL,NULL,NULL,NULL,'邵东县','0739',3,1,NULL,'430500'),('430522',NULL,NULL,NULL,NULL,NULL,'新邵县','0739',3,1,NULL,'430500'),('430523',NULL,NULL,NULL,NULL,NULL,'邵阳县','0739',3,1,NULL,'430500'),('430524',NULL,NULL,NULL,NULL,NULL,'隆回县','0739',3,1,NULL,'430500'),('430525',NULL,NULL,NULL,NULL,NULL,'洞口县','0739',3,1,NULL,'430500'),('430527',NULL,NULL,NULL,NULL,NULL,'绥宁县','0739',3,1,NULL,'430500'),('430528',NULL,NULL,NULL,NULL,NULL,'新宁县','0739',3,1,NULL,'430500'),('430529',NULL,NULL,NULL,NULL,NULL,'城步苗族自治县','0739',3,1,NULL,'430500'),('430581',NULL,NULL,NULL,NULL,NULL,'武冈市','0739',3,1,NULL,'430500'),('430600',NULL,NULL,NULL,NULL,NULL,'岳阳市','0730',2,1,NULL,'430000'),('430602',NULL,NULL,NULL,NULL,NULL,'岳阳楼区','0730',3,1,NULL,'430600'),('430603',NULL,NULL,NULL,NULL,NULL,'云溪区','0730',3,1,NULL,'430600'),('430611',NULL,NULL,NULL,NULL,NULL,'君山区','0730',3,1,NULL,'430600'),('430621',NULL,NULL,NULL,NULL,NULL,'岳阳县','0730',3,1,NULL,'430600'),('430623',NULL,NULL,NULL,NULL,NULL,'华容县','0730',3,1,NULL,'430600'),('430624',NULL,NULL,NULL,NULL,NULL,'湘阴县','0730',3,1,NULL,'430600'),('430626',NULL,NULL,NULL,NULL,NULL,'平江县','0730',3,1,NULL,'430600'),('430681',NULL,NULL,NULL,NULL,NULL,'汨罗市','0730',3,1,NULL,'430600'),('430682',NULL,NULL,NULL,NULL,NULL,'临湘市','0730',3,1,NULL,'430600'),('430700',NULL,NULL,NULL,NULL,NULL,'常德市','0736',2,1,NULL,'430000'),('430702',NULL,NULL,NULL,NULL,NULL,'武陵区','0736',3,1,NULL,'430700'),('430703',NULL,NULL,NULL,NULL,NULL,'鼎城区','0736',3,1,NULL,'430700'),('430721',NULL,NULL,NULL,NULL,NULL,'安乡县','0736',3,1,NULL,'430700'),('430722',NULL,NULL,NULL,NULL,NULL,'汉寿县','0736',3,1,NULL,'430700'),('430723',NULL,NULL,NULL,NULL,NULL,'澧县','0736',3,1,NULL,'430700'),('430724',NULL,NULL,NULL,NULL,NULL,'临澧县','0736',3,1,NULL,'430700'),('430725',NULL,NULL,NULL,NULL,NULL,'桃源县','0736',3,1,NULL,'430700'),('430726',NULL,NULL,NULL,NULL,NULL,'石门县','0736',3,1,NULL,'430700'),('430781',NULL,NULL,NULL,NULL,NULL,'津市市','0736',3,1,NULL,'430700'),('430800',NULL,NULL,NULL,NULL,NULL,'张家界市','0744',2,1,NULL,'430000'),('430802',NULL,NULL,NULL,NULL,NULL,'永定区','0744',3,1,NULL,'430800'),('430811',NULL,NULL,NULL,NULL,NULL,'武陵源区','0744',3,1,NULL,'430800'),('430821',NULL,NULL,NULL,NULL,NULL,'慈利县','0744',3,1,NULL,'430800'),('430822',NULL,NULL,NULL,NULL,NULL,'桑植县','0744',3,1,NULL,'430800'),('430900',NULL,NULL,NULL,NULL,NULL,'益阳市','0737',2,1,NULL,'430000'),('430902',NULL,NULL,NULL,NULL,NULL,'资阳区','0737',3,1,NULL,'430900'),('430903',NULL,NULL,NULL,NULL,NULL,'赫山区','0737',3,1,NULL,'430900'),('430921',NULL,NULL,NULL,NULL,NULL,'南县','0737',3,1,NULL,'430900'),('430922',NULL,NULL,NULL,NULL,NULL,'桃江县','0737',3,1,NULL,'430900'),('430923',NULL,NULL,NULL,NULL,NULL,'安化县','0737',3,1,NULL,'430900'),('430981',NULL,NULL,NULL,NULL,NULL,'沅江市','0737',3,1,NULL,'430900'),('431000',NULL,NULL,NULL,NULL,NULL,'郴州市','0735',2,1,NULL,'430000'),('431002',NULL,NULL,NULL,NULL,NULL,'北湖区','0735',3,1,NULL,'431000'),('431003',NULL,NULL,NULL,NULL,NULL,'苏仙区','0735',3,1,NULL,'431000'),('431021',NULL,NULL,NULL,NULL,NULL,'桂阳县','0735',3,1,NULL,'431000'),('431022',NULL,NULL,NULL,NULL,NULL,'宜章县','0735',3,1,NULL,'431000'),('431023',NULL,NULL,NULL,NULL,NULL,'永兴县','0735',3,1,NULL,'431000'),('431024',NULL,NULL,NULL,NULL,NULL,'嘉禾县','0735',3,1,NULL,'431000'),('431025',NULL,NULL,NULL,NULL,NULL,'临武县','0735',3,1,NULL,'431000'),('431026',NULL,NULL,NULL,NULL,NULL,'汝城县','0735',3,1,NULL,'431000'),('431027',NULL,NULL,NULL,NULL,NULL,'桂东县','0735',3,1,NULL,'431000'),('431028',NULL,NULL,NULL,NULL,NULL,'安仁县','0735',3,1,NULL,'431000'),('431081',NULL,NULL,NULL,NULL,NULL,'资兴市','0735',3,1,NULL,'431000'),('431100',NULL,NULL,NULL,NULL,NULL,'永州市','0746',2,1,NULL,'430000'),('431102',NULL,NULL,NULL,NULL,NULL,'零陵区','0746',3,1,NULL,'431100'),('431103',NULL,NULL,NULL,NULL,NULL,'冷水滩区','0746',3,1,NULL,'431100'),('431121',NULL,NULL,NULL,NULL,NULL,'祁阳县','0746',3,1,NULL,'431100'),('431122',NULL,NULL,NULL,NULL,NULL,'东安县','0746',3,1,NULL,'431100'),('431123',NULL,NULL,NULL,NULL,NULL,'双牌县','0746',3,1,NULL,'431100'),('431124',NULL,NULL,NULL,NULL,NULL,'道县','0746',3,1,NULL,'431100'),('431125',NULL,NULL,NULL,NULL,NULL,'江永县','0746',3,1,NULL,'431100'),('431126',NULL,NULL,NULL,NULL,NULL,'宁远县','0746',3,1,NULL,'431100'),('431127',NULL,NULL,NULL,NULL,NULL,'蓝山县','0746',3,1,NULL,'431100'),('431128',NULL,NULL,NULL,NULL,NULL,'新田县','0746',3,1,NULL,'431100'),('431129',NULL,NULL,NULL,NULL,NULL,'江华瑶族自治县','0746',3,1,NULL,'431100'),('431200',NULL,NULL,NULL,NULL,NULL,'怀化市','0745',2,1,NULL,'430000'),('431202',NULL,NULL,NULL,NULL,NULL,'鹤城区','0745',3,1,NULL,'431200'),('431221',NULL,NULL,NULL,NULL,NULL,'中方县','0745',3,1,NULL,'431200'),('431222',NULL,NULL,NULL,NULL,NULL,'沅陵县','0745',3,1,NULL,'431200'),('431223',NULL,NULL,NULL,NULL,NULL,'辰溪县','0745',3,1,NULL,'431200'),('431224',NULL,NULL,NULL,NULL,NULL,'溆浦县','0745',3,1,NULL,'431200'),('431225',NULL,NULL,NULL,NULL,NULL,'会同县','0745',3,1,NULL,'431200'),('431226',NULL,NULL,NULL,NULL,NULL,'麻阳苗族自治县','0745',3,1,NULL,'431200'),('431227',NULL,NULL,NULL,NULL,NULL,'新晃侗族自治县','0745',3,1,NULL,'431200'),('431228',NULL,NULL,NULL,NULL,NULL,'芷江侗族自治县','0745',3,1,NULL,'431200'),('431229',NULL,NULL,NULL,NULL,NULL,'靖州苗族侗族自治县','0745',3,1,NULL,'431200'),('431230',NULL,NULL,NULL,NULL,NULL,'通道侗族自治县','0745',3,1,NULL,'431200'),('431281',NULL,NULL,NULL,NULL,NULL,'洪江市','0745',3,1,NULL,'431200'),('431300',NULL,NULL,NULL,NULL,NULL,'娄底市','0738',2,1,NULL,'430000'),('431302',NULL,NULL,NULL,NULL,NULL,'娄星区','0738',3,1,NULL,'431300'),('431321',NULL,NULL,NULL,NULL,NULL,'双峰县','0738',3,1,NULL,'431300'),('431322',NULL,NULL,NULL,NULL,NULL,'新化县','0738',3,1,NULL,'431300'),('431381',NULL,NULL,NULL,NULL,NULL,'冷水江市','0738',3,1,NULL,'431300'),('431382',NULL,NULL,NULL,NULL,NULL,'涟源市','0738',3,1,NULL,'431300'),('433100',NULL,NULL,NULL,NULL,NULL,'湘西土家族苗族自治州','0743',2,1,NULL,'430000'),('433101',NULL,NULL,NULL,NULL,NULL,'吉首市','0743',3,1,NULL,'433100'),('433122',NULL,NULL,NULL,NULL,NULL,'泸溪县','0743',3,1,NULL,'433100'),('433123',NULL,NULL,NULL,NULL,NULL,'凤凰县','0743',3,1,NULL,'433100'),('433124',NULL,NULL,NULL,NULL,NULL,'花垣县','0743',3,1,NULL,'433100'),('433125',NULL,NULL,NULL,NULL,NULL,'保靖县','0743',3,1,NULL,'433100'),('433126',NULL,NULL,NULL,NULL,NULL,'古丈县','0743',3,1,NULL,'433100'),('433127',NULL,NULL,NULL,NULL,NULL,'永顺县','0743',3,1,NULL,'433100'),('433130',NULL,NULL,NULL,NULL,NULL,'龙山县','0743',3,1,NULL,'433100'),('440000',NULL,NULL,NULL,NULL,NULL,'广东省',NULL,1,1,NULL,NULL),('440100',NULL,NULL,NULL,NULL,NULL,'广州市','020',2,1,NULL,'440000'),('440103',NULL,NULL,NULL,NULL,NULL,'荔湾区','020',3,1,NULL,'440100'),('440104',NULL,NULL,NULL,NULL,NULL,'越秀区','020',3,1,NULL,'440100'),('440105',NULL,NULL,NULL,NULL,NULL,'海珠区','020',3,1,NULL,'440100'),('440106',NULL,NULL,NULL,NULL,NULL,'天河区','020',3,1,NULL,'440100'),('440111',NULL,NULL,NULL,NULL,NULL,'白云区','020',3,1,NULL,'440100'),('440112',NULL,NULL,NULL,NULL,NULL,'黄埔区','020',3,1,NULL,'440100'),('440113',NULL,NULL,NULL,NULL,NULL,'番禺区','020',3,1,NULL,'440100'),('440114',NULL,NULL,NULL,NULL,NULL,'花都区','020',3,1,NULL,'440100'),('440115',NULL,NULL,NULL,NULL,NULL,'南沙区','020',3,1,NULL,'440100'),('440117',NULL,NULL,NULL,NULL,NULL,'从化区','020',3,1,NULL,'440100'),('440118',NULL,NULL,NULL,NULL,NULL,'增城区','020',3,1,NULL,'440100'),('440200',NULL,NULL,NULL,NULL,NULL,'韶关市','0751',2,1,NULL,'440000'),('440203',NULL,NULL,NULL,NULL,NULL,'武江区','0751',3,1,NULL,'440200'),('440204',NULL,NULL,NULL,NULL,NULL,'浈江区','0751',3,1,NULL,'440200'),('440205',NULL,NULL,NULL,NULL,NULL,'曲江区','0751',3,1,NULL,'440200'),('440222',NULL,NULL,NULL,NULL,NULL,'始兴县','0751',3,1,NULL,'440200'),('440224',NULL,NULL,NULL,NULL,NULL,'仁化县','0751',3,1,NULL,'440200'),('440229',NULL,NULL,NULL,NULL,NULL,'翁源县','0751',3,1,NULL,'440200'),('440232',NULL,NULL,NULL,NULL,NULL,'乳源瑶族自治县','0751',3,1,NULL,'440200'),('440233',NULL,NULL,NULL,NULL,NULL,'新丰县','0751',3,1,NULL,'440200'),('440281',NULL,NULL,NULL,NULL,NULL,'乐昌市','0751',3,1,NULL,'440200'),('440282',NULL,NULL,NULL,NULL,NULL,'南雄市','0751',3,1,NULL,'440200'),('440300',NULL,NULL,NULL,NULL,NULL,'深圳市','0755',2,1,NULL,'440000'),('440303',NULL,NULL,NULL,NULL,NULL,'罗湖区','0755',3,1,NULL,'440300'),('440304',NULL,NULL,NULL,NULL,NULL,'福田区','0755',3,1,NULL,'440300'),('440305',NULL,NULL,NULL,NULL,NULL,'南山区','0755',3,1,NULL,'440300'),('440306',NULL,NULL,NULL,NULL,NULL,'宝安区','0755',3,1,NULL,'440300'),('440307',NULL,NULL,NULL,NULL,NULL,'龙岗区','0755',3,1,NULL,'440300'),('440308',NULL,NULL,NULL,NULL,NULL,'盐田区','0755',3,1,NULL,'440300'),('440400',NULL,NULL,NULL,NULL,NULL,'珠海市','0756',2,1,NULL,'440000'),('440402',NULL,NULL,NULL,NULL,NULL,'香洲区','0756',3,1,NULL,'440400'),('440403',NULL,NULL,NULL,NULL,NULL,'斗门区','0756',3,1,NULL,'440400'),('440404',NULL,NULL,NULL,NULL,NULL,'金湾区','0756',3,1,NULL,'440400'),('440500',NULL,NULL,NULL,NULL,NULL,'汕头市','0754',2,1,NULL,'440000'),('440507',NULL,NULL,NULL,NULL,NULL,'龙湖区','0754',3,1,NULL,'440500'),('440511',NULL,NULL,NULL,NULL,NULL,'金平区','0754',3,1,NULL,'440500'),('440512',NULL,NULL,NULL,NULL,NULL,'濠江区','0754',3,1,NULL,'440500'),('440513',NULL,NULL,NULL,NULL,NULL,'潮阳区','0754',3,1,NULL,'440500'),('440514',NULL,NULL,NULL,NULL,NULL,'潮南区','0754',3,1,NULL,'440500'),('440515',NULL,NULL,NULL,NULL,NULL,'澄海区','0754',3,1,NULL,'440500'),('440523',NULL,NULL,NULL,NULL,NULL,'南澳县','0754',3,1,NULL,'440500'),('440600',NULL,NULL,NULL,NULL,NULL,'佛山市','0757',2,1,NULL,'440000'),('440604',NULL,NULL,NULL,NULL,NULL,'禅城区','0757',3,1,NULL,'440600'),('440605',NULL,NULL,NULL,NULL,NULL,'南海区','0757',3,1,NULL,'440600'),('440606',NULL,NULL,NULL,NULL,NULL,'顺德区','0757',3,1,NULL,'440600'),('440607',NULL,NULL,NULL,NULL,NULL,'三水区','0757',3,1,NULL,'440600'),('440608',NULL,NULL,NULL,NULL,NULL,'高明区','0757',3,1,NULL,'440600'),('440700',NULL,NULL,NULL,NULL,NULL,'江门市','0750',2,1,NULL,'440000'),('440703',NULL,NULL,NULL,NULL,NULL,'蓬江区','0750',3,1,NULL,'440700'),('440704',NULL,NULL,NULL,NULL,NULL,'江海区','0750',3,1,NULL,'440700'),('440705',NULL,NULL,NULL,NULL,NULL,'新会区','0750',3,1,NULL,'440700'),('440781',NULL,NULL,NULL,NULL,NULL,'台山市','0750',3,1,NULL,'440700'),('440783',NULL,NULL,NULL,NULL,NULL,'开平市','0750',3,1,NULL,'440700'),('440784',NULL,NULL,NULL,NULL,NULL,'鹤山市','0750',3,1,NULL,'440700'),('440785',NULL,NULL,NULL,NULL,NULL,'恩平市','0750',3,1,NULL,'440700'),('440800',NULL,NULL,NULL,NULL,NULL,'湛江市','0759',2,1,NULL,'440000'),('440802',NULL,NULL,NULL,NULL,NULL,'赤坎区','0759',3,1,NULL,'440800'),('440803',NULL,NULL,NULL,NULL,NULL,'霞山区','0759',3,1,NULL,'440800'),('440804',NULL,NULL,NULL,NULL,NULL,'坡头区','0759',3,1,NULL,'440800'),('440811',NULL,NULL,NULL,NULL,NULL,'麻章区','0759',3,1,NULL,'440800'),('440823',NULL,NULL,NULL,NULL,NULL,'遂溪县','0759',3,1,NULL,'440800'),('440825',NULL,NULL,NULL,NULL,NULL,'徐闻县','0759',3,1,NULL,'440800'),('440881',NULL,NULL,NULL,NULL,NULL,'廉江市','0759',3,1,NULL,'440800'),('440882',NULL,NULL,NULL,NULL,NULL,'雷州市','0759',3,1,NULL,'440800'),('440883',NULL,NULL,NULL,NULL,NULL,'吴川市','0759',3,1,NULL,'440800'),('440900',NULL,NULL,NULL,NULL,NULL,'茂名市','0668',2,1,NULL,'440000'),('440902',NULL,NULL,NULL,NULL,NULL,'茂南区','0668',3,1,NULL,'440900'),('440904',NULL,NULL,NULL,NULL,NULL,'电白区','0668',3,1,NULL,'440900'),('440981',NULL,NULL,NULL,NULL,NULL,'高州市','0668',3,1,NULL,'440900'),('440982',NULL,NULL,NULL,NULL,NULL,'化州市','0668',3,1,NULL,'440900'),('440983',NULL,NULL,NULL,NULL,NULL,'信宜市','0668',3,1,NULL,'440900'),('441200',NULL,NULL,NULL,NULL,NULL,'肇庆市','0758',2,1,NULL,'440000'),('441202',NULL,NULL,NULL,NULL,NULL,'端州区','0758',3,1,NULL,'441200'),('441203',NULL,NULL,NULL,NULL,NULL,'鼎湖区','0758',3,1,NULL,'441200'),('441204',NULL,NULL,NULL,NULL,NULL,'高要区','0758',3,1,NULL,'441200'),('441223',NULL,NULL,NULL,NULL,NULL,'广宁县','0758',3,1,NULL,'441200'),('441224',NULL,NULL,NULL,NULL,NULL,'怀集县','0758',3,1,NULL,'441200'),('441225',NULL,NULL,NULL,NULL,NULL,'封开县','0758',3,1,NULL,'441200'),('441226',NULL,NULL,NULL,NULL,NULL,'德庆县','0758',3,1,NULL,'441200'),('441284',NULL,NULL,NULL,NULL,NULL,'四会市','0758',3,1,NULL,'441200'),('441300',NULL,NULL,NULL,NULL,NULL,'惠州市','0752',2,1,NULL,'440000'),('441302',NULL,NULL,NULL,NULL,NULL,'惠城区','0752',3,1,NULL,'441300'),('441303',NULL,NULL,NULL,NULL,NULL,'惠阳区','0752',3,1,NULL,'441300'),('441322',NULL,NULL,NULL,NULL,NULL,'博罗县','0752',3,1,NULL,'441300'),('441323',NULL,NULL,NULL,NULL,NULL,'惠东县','0752',3,1,NULL,'441300'),('441324',NULL,NULL,NULL,NULL,NULL,'龙门县','0752',3,1,NULL,'441300'),('441400',NULL,NULL,NULL,NULL,NULL,'梅州市','0753',2,1,NULL,'440000'),('441402',NULL,NULL,NULL,NULL,NULL,'梅江区','0753',3,1,NULL,'441400'),('441403',NULL,NULL,NULL,NULL,NULL,'梅县区','0753',3,1,NULL,'441400'),('441422',NULL,NULL,NULL,NULL,NULL,'大埔县','0753',3,1,NULL,'441400'),('441423',NULL,NULL,NULL,NULL,NULL,'丰顺县','0753',3,1,NULL,'441400'),('441424',NULL,NULL,NULL,NULL,NULL,'五华县','0753',3,1,NULL,'441400'),('441426',NULL,NULL,NULL,NULL,NULL,'平远县','0753',3,1,NULL,'441400'),('441427',NULL,NULL,NULL,NULL,NULL,'蕉岭县','0753',3,1,NULL,'441400'),('441481',NULL,NULL,NULL,NULL,NULL,'兴宁市','0753',3,1,NULL,'441400'),('441500',NULL,NULL,NULL,NULL,NULL,'汕尾市','0660',2,1,NULL,'440000'),('441502',NULL,NULL,NULL,NULL,NULL,'城区','0660',3,1,NULL,'441500'),('441521',NULL,NULL,NULL,NULL,NULL,'海丰县','0660',3,1,NULL,'441500'),('441523',NULL,NULL,NULL,NULL,NULL,'陆河县','0660',3,1,NULL,'441500'),('441581',NULL,NULL,NULL,NULL,NULL,'陆丰市','0660',3,1,NULL,'441500'),('441600',NULL,NULL,NULL,NULL,NULL,'河源市','0762',2,1,NULL,'440000'),('441602',NULL,NULL,NULL,NULL,NULL,'源城区','0762',3,1,NULL,'441600'),('441621',NULL,NULL,NULL,NULL,NULL,'紫金县','0762',3,1,NULL,'441600'),('441622',NULL,NULL,NULL,NULL,NULL,'龙川县','0762',3,1,NULL,'441600'),('441623',NULL,NULL,NULL,NULL,NULL,'连平县','0762',3,1,NULL,'441600'),('441624',NULL,NULL,NULL,NULL,NULL,'和平县','0762',3,1,NULL,'441600'),('441625',NULL,NULL,NULL,NULL,NULL,'东源县','0762',3,1,NULL,'441600'),('441700',NULL,NULL,NULL,NULL,NULL,'阳江市','0662',2,1,NULL,'440000'),('441702',NULL,NULL,NULL,NULL,NULL,'江城区','0662',3,1,NULL,'441700'),('441704',NULL,NULL,NULL,NULL,NULL,'阳东区','0662',3,1,NULL,'441700'),('441721',NULL,NULL,NULL,NULL,NULL,'阳西县','0662',3,1,NULL,'441700'),('441781',NULL,NULL,NULL,NULL,NULL,'阳春市','0662',3,1,NULL,'441700'),('441800',NULL,NULL,NULL,NULL,NULL,'清远市','0763',2,1,NULL,'440000'),('441802',NULL,NULL,NULL,NULL,NULL,'清城区','0763',3,1,NULL,'441800'),('441803',NULL,NULL,NULL,NULL,NULL,'清新区','0763',3,1,NULL,'441800'),('441821',NULL,NULL,NULL,NULL,NULL,'佛冈县','0763',3,1,NULL,'441800'),('441823',NULL,NULL,NULL,NULL,NULL,'阳山县','0763',3,1,NULL,'441800'),('441825',NULL,NULL,NULL,NULL,NULL,'连山壮族瑶族自治县','0763',3,1,NULL,'441800'),('441826',NULL,NULL,NULL,NULL,NULL,'连南瑶族自治县','0763',3,1,NULL,'441800'),('441881',NULL,NULL,NULL,NULL,NULL,'英德市','0763',3,1,NULL,'441800'),('441882',NULL,NULL,NULL,NULL,NULL,'连州市','0763',3,1,NULL,'441800'),('441900',NULL,NULL,NULL,NULL,NULL,'东莞市','0769',3,1,NULL,'440000'),('442000',NULL,NULL,NULL,NULL,NULL,'中山市','0760',3,1,NULL,'440000'),('445100',NULL,NULL,NULL,NULL,NULL,'潮州市','0768',2,1,NULL,'440000'),('445102',NULL,NULL,NULL,NULL,NULL,'湘桥区','0768',3,1,NULL,'445100'),('445103',NULL,NULL,NULL,NULL,NULL,'潮安区','0768',3,1,NULL,'445100'),('445122',NULL,NULL,NULL,NULL,NULL,'饶平县','0768',3,1,NULL,'445100'),('445200',NULL,NULL,NULL,NULL,NULL,'揭阳市','0663',2,1,NULL,'440000'),('445202',NULL,NULL,NULL,NULL,NULL,'榕城区','0663',3,1,NULL,'445200'),('445203',NULL,NULL,NULL,NULL,NULL,'揭东区','0663',3,1,NULL,'445200'),('445222',NULL,NULL,NULL,NULL,NULL,'揭西县','0663',3,1,NULL,'445200'),('445224',NULL,NULL,NULL,NULL,NULL,'惠来县','0663',3,1,NULL,'445200'),('445281',NULL,NULL,NULL,NULL,NULL,'普宁市','0663',3,1,NULL,'445200'),('445300',NULL,NULL,NULL,NULL,NULL,'云浮市','0766',2,1,NULL,'440000'),('445302',NULL,NULL,NULL,NULL,NULL,'云城区','0766',3,1,NULL,'445300'),('445303',NULL,NULL,NULL,NULL,NULL,'云安区','0766',3,1,NULL,'445300'),('445321',NULL,NULL,NULL,NULL,NULL,'新兴县','0766',3,1,NULL,'445300'),('445322',NULL,NULL,NULL,NULL,NULL,'郁南县','0766',3,1,NULL,'445300'),('445381',NULL,NULL,NULL,NULL,NULL,'罗定市','0766',3,1,NULL,'445300'),('450000',NULL,NULL,NULL,NULL,NULL,'广西壮族自治区',NULL,1,1,NULL,NULL),('450100',NULL,NULL,NULL,NULL,NULL,'南宁市','0771',2,1,NULL,'450000'),('450102',NULL,NULL,NULL,NULL,NULL,'兴宁区','0771',3,1,NULL,'450100'),('450103',NULL,NULL,NULL,NULL,NULL,'青秀区','0771',3,1,NULL,'450100'),('450105',NULL,NULL,NULL,NULL,NULL,'江南区','0771',3,1,NULL,'450100'),('450107',NULL,NULL,NULL,NULL,NULL,'西乡塘区','0771',3,1,NULL,'450100'),('450108',NULL,NULL,NULL,NULL,NULL,'良庆区','0771',3,1,NULL,'450100'),('450109',NULL,NULL,NULL,NULL,NULL,'邕宁区','0771',3,1,NULL,'450100'),('450110',NULL,NULL,NULL,NULL,NULL,'武鸣区','0771',3,1,NULL,'450100'),('450123',NULL,NULL,NULL,NULL,NULL,'隆安县','0771',3,1,NULL,'450100'),('450124',NULL,NULL,NULL,NULL,NULL,'马山县','0771',3,1,NULL,'450100'),('450125',NULL,NULL,NULL,NULL,NULL,'上林县','0771',3,1,NULL,'450100'),('450126',NULL,NULL,NULL,NULL,NULL,'宾阳县','0771',3,1,NULL,'450100'),('450127',NULL,NULL,NULL,NULL,NULL,'横县','0771',3,1,NULL,'450100'),('450200',NULL,NULL,NULL,NULL,NULL,'柳州市','0772',2,1,NULL,'450000'),('450202',NULL,NULL,NULL,NULL,NULL,'城中区','0772',3,1,NULL,'450200'),('450203',NULL,NULL,NULL,NULL,NULL,'鱼峰区','0772',3,1,NULL,'450200'),('450204',NULL,NULL,NULL,NULL,NULL,'柳南区','0772',3,1,NULL,'450200'),('450205',NULL,NULL,NULL,NULL,NULL,'柳北区','0772',3,1,NULL,'450200'),('450206',NULL,NULL,NULL,NULL,NULL,'柳江区','0772',3,1,NULL,'450200'),('450222',NULL,NULL,NULL,NULL,NULL,'柳城县','0772',3,1,NULL,'450200'),('450223',NULL,NULL,NULL,NULL,NULL,'鹿寨县','0772',3,1,NULL,'450200'),('450224',NULL,NULL,NULL,NULL,NULL,'融安县','0772',3,1,NULL,'450200'),('450225',NULL,NULL,NULL,NULL,NULL,'融水苗族自治县','0772',3,1,NULL,'450200'),('450226',NULL,NULL,NULL,NULL,NULL,'三江侗族自治县','0772',3,1,NULL,'450200'),('450300',NULL,NULL,NULL,NULL,NULL,'桂林市','0773',2,1,NULL,'450000'),('450302',NULL,NULL,NULL,NULL,NULL,'秀峰区','0773',3,1,NULL,'450300'),('450303',NULL,NULL,NULL,NULL,NULL,'叠彩区','0773',3,1,NULL,'450300'),('450304',NULL,NULL,NULL,NULL,NULL,'象山区','0773',3,1,NULL,'450300'),('450305',NULL,NULL,NULL,NULL,NULL,'七星区','0773',3,1,NULL,'450300'),('450311',NULL,NULL,NULL,NULL,NULL,'雁山区','0773',3,1,NULL,'450300'),('450312',NULL,NULL,NULL,NULL,NULL,'临桂区','0773',3,1,NULL,'450300'),('450321',NULL,NULL,NULL,NULL,NULL,'阳朔县','0773',3,1,NULL,'450300'),('450323',NULL,NULL,NULL,NULL,NULL,'灵川县','0773',3,1,NULL,'450300'),('450324',NULL,NULL,NULL,NULL,NULL,'全州县','0773',3,1,NULL,'450300'),('450325',NULL,NULL,NULL,NULL,NULL,'兴安县','0773',3,1,NULL,'450300'),('450326',NULL,NULL,NULL,NULL,NULL,'永福县','0773',3,1,NULL,'450300'),('450327',NULL,NULL,NULL,NULL,NULL,'灌阳县','0773',3,1,NULL,'450300'),('450328',NULL,NULL,NULL,NULL,NULL,'龙胜各族自治县','0773',3,1,NULL,'450300'),('450329',NULL,NULL,NULL,NULL,NULL,'资源县','0773',3,1,NULL,'450300'),('450330',NULL,NULL,NULL,NULL,NULL,'平乐县','0773',3,1,NULL,'450300'),('450331',NULL,NULL,NULL,NULL,NULL,'荔浦县','0773',3,1,NULL,'450300'),('450332',NULL,NULL,NULL,NULL,NULL,'恭城瑶族自治县','0773',3,1,NULL,'450300'),('450400',NULL,NULL,NULL,NULL,NULL,'梧州市','0774',2,1,NULL,'450000'),('450403',NULL,NULL,NULL,NULL,NULL,'万秀区','0774',3,1,NULL,'450400'),('450405',NULL,NULL,NULL,NULL,NULL,'长洲区','0774',3,1,NULL,'450400'),('450406',NULL,NULL,NULL,NULL,NULL,'龙圩区','0774',3,1,NULL,'450400'),('450421',NULL,NULL,NULL,NULL,NULL,'苍梧县','0774',3,1,NULL,'450400'),('450422',NULL,NULL,NULL,NULL,NULL,'藤县','0774',3,1,NULL,'450400'),('450423',NULL,NULL,NULL,NULL,NULL,'蒙山县','0774',3,1,NULL,'450400'),('450481',NULL,NULL,NULL,NULL,NULL,'岑溪市','0774',3,1,NULL,'450400'),('450500',NULL,NULL,NULL,NULL,NULL,'北海市','0779',2,1,NULL,'450000'),('450502',NULL,NULL,NULL,NULL,NULL,'海城区','0779',3,1,NULL,'450500'),('450503',NULL,NULL,NULL,NULL,NULL,'银海区','0779',3,1,NULL,'450500'),('450512',NULL,NULL,NULL,NULL,NULL,'铁山港区','0779',3,1,NULL,'450500'),('450521',NULL,NULL,NULL,NULL,NULL,'合浦县','0779',3,1,NULL,'450500'),('450600',NULL,NULL,NULL,NULL,NULL,'防城港市','0770',2,1,NULL,'450000'),('450602',NULL,NULL,NULL,NULL,NULL,'港口区','0770',3,1,NULL,'450600'),('450603',NULL,NULL,NULL,NULL,NULL,'防城区','0770',3,1,NULL,'450600'),('450621',NULL,NULL,NULL,NULL,NULL,'上思县','0770',3,1,NULL,'450600'),('450681',NULL,NULL,NULL,NULL,NULL,'东兴市','0770',3,1,NULL,'450600'),('450700',NULL,NULL,NULL,NULL,NULL,'钦州市','0777',2,1,NULL,'450000'),('450702',NULL,NULL,NULL,NULL,NULL,'钦南区','0777',3,1,NULL,'450700'),('450703',NULL,NULL,NULL,NULL,NULL,'钦北区','0777',3,1,NULL,'450700'),('450721',NULL,NULL,NULL,NULL,NULL,'灵山县','0777',3,1,NULL,'450700'),('450722',NULL,NULL,NULL,NULL,NULL,'浦北县','0777',3,1,NULL,'450700'),('450800',NULL,NULL,NULL,NULL,NULL,'贵港市','1755',2,1,NULL,'450000'),('450802',NULL,NULL,NULL,NULL,NULL,'港北区','1755',3,1,NULL,'450800'),('450803',NULL,NULL,NULL,NULL,NULL,'港南区','1755',3,1,NULL,'450800'),('450804',NULL,NULL,NULL,NULL,NULL,'覃塘区','1755',3,1,NULL,'450800'),('450821',NULL,NULL,NULL,NULL,NULL,'平南县','1755',3,1,NULL,'450800'),('450881',NULL,NULL,NULL,NULL,NULL,'桂平市','1755',3,1,NULL,'450800'),('450900',NULL,NULL,NULL,NULL,NULL,'玉林市','0775',2,1,NULL,'450000'),('450902',NULL,NULL,NULL,NULL,NULL,'玉州区','0775',3,1,NULL,'450900'),('450903',NULL,NULL,NULL,NULL,NULL,'福绵区','0775',3,1,NULL,'450900'),('450921',NULL,NULL,NULL,NULL,NULL,'容县','0775',3,1,NULL,'450900'),('450922',NULL,NULL,NULL,NULL,NULL,'陆川县','0775',3,1,NULL,'450900'),('450923',NULL,NULL,NULL,NULL,NULL,'博白县','0775',3,1,NULL,'450900'),('450924',NULL,NULL,NULL,NULL,NULL,'兴业县','0775',3,1,NULL,'450900'),('450981',NULL,NULL,NULL,NULL,NULL,'北流市','0775',3,1,NULL,'450900'),('451000',NULL,NULL,NULL,NULL,NULL,'百色市','0776',2,1,NULL,'450000'),('451002',NULL,NULL,NULL,NULL,NULL,'右江区','0776',3,1,NULL,'451000'),('451021',NULL,NULL,NULL,NULL,NULL,'田阳县','0776',3,1,NULL,'451000'),('451022',NULL,NULL,NULL,NULL,NULL,'田东县','0776',3,1,NULL,'451000'),('451023',NULL,NULL,NULL,NULL,NULL,'平果县','0776',3,1,NULL,'451000'),('451024',NULL,NULL,NULL,NULL,NULL,'德保县','0776',3,1,NULL,'451000'),('451026',NULL,NULL,NULL,NULL,NULL,'那坡县','0776',3,1,NULL,'451000'),('451027',NULL,NULL,NULL,NULL,NULL,'凌云县','0776',3,1,NULL,'451000'),('451028',NULL,NULL,NULL,NULL,NULL,'乐业县','0776',3,1,NULL,'451000'),('451029',NULL,NULL,NULL,NULL,NULL,'田林县','0776',3,1,NULL,'451000'),('451030',NULL,NULL,NULL,NULL,NULL,'西林县','0776',3,1,NULL,'451000'),('451031',NULL,NULL,NULL,NULL,NULL,'隆林各族自治县','0776',3,1,NULL,'451000'),('451081',NULL,NULL,NULL,NULL,NULL,'靖西市','0776',3,1,NULL,'451000'),('451100',NULL,NULL,NULL,NULL,NULL,'贺州市','1774',2,1,NULL,'450000'),('451102',NULL,NULL,NULL,NULL,NULL,'八步区','1774',3,1,NULL,'451100'),('451103',NULL,NULL,NULL,NULL,NULL,'平桂区','1774',3,1,NULL,'451100'),('451121',NULL,NULL,NULL,NULL,NULL,'昭平县','1774',3,1,NULL,'451100'),('451122',NULL,NULL,NULL,NULL,NULL,'钟山县','1774',3,1,NULL,'451100'),('451123',NULL,NULL,NULL,NULL,NULL,'富川瑶族自治县','1774',3,1,NULL,'451100'),('451200',NULL,NULL,NULL,NULL,NULL,'河池市','0778',2,1,NULL,'450000'),('451202',NULL,NULL,NULL,NULL,NULL,'金城江区','0778',3,1,NULL,'451200'),('451221',NULL,NULL,NULL,NULL,NULL,'南丹县','0778',3,1,NULL,'451200'),('451222',NULL,NULL,NULL,NULL,NULL,'天峨县','0778',3,1,NULL,'451200'),('451223',NULL,NULL,NULL,NULL,NULL,'凤山县','0778',3,1,NULL,'451200'),('451224',NULL,NULL,NULL,NULL,NULL,'东兰县','0778',3,1,NULL,'451200'),('451225',NULL,NULL,NULL,NULL,NULL,'罗城仫佬族自治县','0778',3,1,NULL,'451200'),('451226',NULL,NULL,NULL,NULL,NULL,'环江毛南族自治县','0778',3,1,NULL,'451200'),('451227',NULL,NULL,NULL,NULL,NULL,'巴马瑶族自治县','0778',3,1,NULL,'451200'),('451228',NULL,NULL,NULL,NULL,NULL,'都安瑶族自治县','0778',3,1,NULL,'451200'),('451229',NULL,NULL,NULL,NULL,NULL,'大化瑶族自治县','0778',3,1,NULL,'451200'),('451281',NULL,NULL,NULL,NULL,NULL,'宜州市','0778',3,1,NULL,'451200'),('451300',NULL,NULL,NULL,NULL,NULL,'来宾市','1772',2,1,NULL,'450000'),('451302',NULL,NULL,NULL,NULL,NULL,'兴宾区','1772',3,1,NULL,'451300'),('451321',NULL,NULL,NULL,NULL,NULL,'忻城县','1772',3,1,NULL,'451300'),('451322',NULL,NULL,NULL,NULL,NULL,'象州县','1772',3,1,NULL,'451300'),('451323',NULL,NULL,NULL,NULL,NULL,'武宣县','1772',3,1,NULL,'451300'),('451324',NULL,NULL,NULL,NULL,NULL,'金秀瑶族自治县','1772',3,1,NULL,'451300'),('451381',NULL,NULL,NULL,NULL,NULL,'合山市','1772',3,1,NULL,'451300'),('451400',NULL,NULL,NULL,NULL,NULL,'崇左市','1771',2,1,NULL,'450000'),('451402',NULL,NULL,NULL,NULL,NULL,'江州区','1771',3,1,NULL,'451400'),('451421',NULL,NULL,NULL,NULL,NULL,'扶绥县','1771',3,1,NULL,'451400'),('451422',NULL,NULL,NULL,NULL,NULL,'宁明县','1771',3,1,NULL,'451400'),('451423',NULL,NULL,NULL,NULL,NULL,'龙州县','1771',3,1,NULL,'451400'),('451424',NULL,NULL,NULL,NULL,NULL,'大新县','1771',3,1,NULL,'451400'),('451425',NULL,NULL,NULL,NULL,NULL,'天等县','1771',3,1,NULL,'451400'),('451481',NULL,NULL,NULL,NULL,NULL,'凭祥市','1771',3,1,NULL,'451400'),('460000',NULL,NULL,NULL,NULL,NULL,'海南省',NULL,1,1,NULL,NULL),('460100',NULL,NULL,NULL,NULL,NULL,'海口市','0898',2,1,NULL,'460000'),('460105',NULL,NULL,NULL,NULL,NULL,'秀英区','0898',3,1,NULL,'460100'),('460106',NULL,NULL,NULL,NULL,NULL,'龙华区','0898',3,1,NULL,'460100'),('460107',NULL,NULL,NULL,NULL,NULL,'琼山区','0898',3,1,NULL,'460100'),('460108',NULL,NULL,NULL,NULL,NULL,'美兰区','0898',3,1,NULL,'460100'),('460200',NULL,NULL,NULL,NULL,NULL,'三亚市','0899',2,1,NULL,'460000'),('460202',NULL,NULL,NULL,NULL,NULL,'海棠区','0899',3,1,NULL,'460200'),('460203',NULL,NULL,NULL,NULL,NULL,'吉阳区','0899',3,1,NULL,'460200'),('460204',NULL,NULL,NULL,NULL,NULL,'天涯区','0899',3,1,NULL,'460200'),('460205',NULL,NULL,NULL,NULL,NULL,'崖州区','0899',3,1,NULL,'460200'),('460300',NULL,NULL,NULL,NULL,NULL,'三沙市','2898',2,1,NULL,'460000'),('460400',NULL,NULL,NULL,NULL,NULL,'儋州市','0805',3,1,NULL,'460000'),('469000',NULL,NULL,NULL,NULL,NULL,'省直辖县级行政区划',NULL,2,1,NULL,'460000'),('469001',NULL,NULL,NULL,NULL,NULL,'五指山市','1897',3,1,NULL,'469000'),('469002',NULL,NULL,NULL,NULL,NULL,'琼海市','1894',3,1,NULL,'469000'),('469005',NULL,NULL,NULL,NULL,NULL,'文昌市','1893',3,1,NULL,'469000'),('469006',NULL,NULL,NULL,NULL,NULL,'万宁市','1898',3,1,NULL,'469000'),('469007',NULL,NULL,NULL,NULL,NULL,'东方市','0807',3,1,NULL,'469000'),('469021',NULL,NULL,NULL,NULL,NULL,'定安县','0806',3,1,NULL,'469000'),('469022',NULL,NULL,NULL,NULL,NULL,'屯昌县','1892',3,1,NULL,'469000'),('469023',NULL,NULL,NULL,NULL,NULL,'澄迈县','0804',3,1,NULL,'469000'),('469024',NULL,NULL,NULL,NULL,NULL,'临高县','1896',3,1,NULL,'469000'),('469025',NULL,NULL,NULL,NULL,NULL,'白沙黎族自治县','0802',3,1,NULL,'469000'),('469026',NULL,NULL,NULL,NULL,NULL,'昌江黎族自治县','0803',3,1,NULL,'469000'),('469027',NULL,NULL,NULL,NULL,NULL,'乐东黎族自治县','2802',3,1,NULL,'469000'),('469028',NULL,NULL,NULL,NULL,NULL,'陵水黎族自治县','0809',3,1,NULL,'469000'),('469029',NULL,NULL,NULL,NULL,NULL,'保亭黎族苗族自治县','0801',3,1,NULL,'469000'),('469030',NULL,NULL,NULL,NULL,NULL,'琼中黎族苗族自治县','1899',3,1,NULL,'469000'),('500000',NULL,NULL,NULL,NULL,NULL,'重庆市','023',1,1,NULL,NULL),('500100',NULL,NULL,NULL,NULL,NULL,'重庆市','023',2,1,NULL,'500000'),('500101',NULL,NULL,NULL,NULL,NULL,'万州区','023',3,1,NULL,'500100'),('500102',NULL,NULL,NULL,NULL,NULL,'涪陵区','023',3,1,NULL,'500100'),('500103',NULL,NULL,NULL,NULL,NULL,'渝中区','023',3,1,NULL,'500100'),('500104',NULL,NULL,NULL,NULL,NULL,'大渡口区','023',3,1,NULL,'500100'),('500105',NULL,NULL,NULL,NULL,NULL,'江北区','023',3,1,NULL,'500100'),('500106',NULL,NULL,NULL,NULL,NULL,'沙坪坝区','023',3,1,NULL,'500100'),('500107',NULL,NULL,NULL,NULL,NULL,'九龙坡区','023',3,1,NULL,'500100'),('500108',NULL,NULL,NULL,NULL,NULL,'南岸区','023',3,1,NULL,'500100'),('500109',NULL,NULL,NULL,NULL,NULL,'北碚区','023',3,1,NULL,'500100'),('500110',NULL,NULL,NULL,NULL,NULL,'綦江区','023',3,1,NULL,'500100'),('500111',NULL,NULL,NULL,NULL,NULL,'大足区','023',3,1,NULL,'500100'),('500112',NULL,NULL,NULL,NULL,NULL,'渝北区','023',3,1,NULL,'500100'),('500113',NULL,NULL,NULL,NULL,NULL,'巴南区','023',3,1,NULL,'500100'),('500114',NULL,NULL,NULL,NULL,NULL,'黔江区','023',3,1,NULL,'500100'),('500115',NULL,NULL,NULL,NULL,NULL,'长寿区','023',3,1,NULL,'500100'),('500116',NULL,NULL,NULL,NULL,NULL,'江津区','023',3,1,NULL,'500100'),('500117',NULL,NULL,NULL,NULL,NULL,'合川区','023',3,1,NULL,'500100'),('500118',NULL,NULL,NULL,NULL,NULL,'永川区','023',3,1,NULL,'500100'),('500119',NULL,NULL,NULL,NULL,NULL,'南川区','023',3,1,NULL,'500100'),('500120',NULL,NULL,NULL,NULL,NULL,'璧山区','023',3,1,NULL,'500100'),('500151',NULL,NULL,NULL,NULL,NULL,'铜梁区','023',3,1,NULL,'500100'),('500152',NULL,NULL,NULL,NULL,NULL,'潼南区','023',3,1,NULL,'500100'),('500153',NULL,NULL,NULL,NULL,NULL,'荣昌区','023',3,1,NULL,'500100'),('500154',NULL,NULL,NULL,NULL,NULL,'开州区','023',3,1,NULL,'500100'),('500200',NULL,NULL,NULL,NULL,NULL,'县','023',2,1,NULL,'500000'),('500228',NULL,NULL,NULL,NULL,NULL,'梁平县','023',3,1,NULL,'500200'),('500229',NULL,NULL,NULL,NULL,NULL,'城口县','023',3,1,NULL,'500200'),('500230',NULL,NULL,NULL,NULL,NULL,'丰都县','023',3,1,NULL,'500200'),('500231',NULL,NULL,NULL,NULL,NULL,'垫江县','023',3,1,NULL,'500200'),('500232',NULL,NULL,NULL,NULL,NULL,'武隆县','023',3,1,NULL,'500200'),('500233',NULL,NULL,NULL,NULL,NULL,'忠县','023',3,1,NULL,'500200'),('500235',NULL,NULL,NULL,NULL,NULL,'云阳县','023',3,1,NULL,'500200'),('500236',NULL,NULL,NULL,NULL,NULL,'奉节县','023',3,1,NULL,'500200'),('500237',NULL,NULL,NULL,NULL,NULL,'巫山县','023',3,1,NULL,'500200'),('500238',NULL,NULL,NULL,NULL,NULL,'巫溪县','023',3,1,NULL,'500200'),('500240',NULL,NULL,NULL,NULL,NULL,'石柱土家族自治县','023',3,1,NULL,'500200'),('500241',NULL,NULL,NULL,NULL,NULL,'秀山土家族苗族自治县','023',3,1,NULL,'500200'),('500242',NULL,NULL,NULL,NULL,NULL,'酉阳土家族苗族自治县','023',3,1,NULL,'500200'),('500243',NULL,NULL,NULL,NULL,NULL,'彭水苗族土家族自治县','023',3,1,NULL,'500200'),('510000',NULL,NULL,NULL,NULL,NULL,'四川省',NULL,1,1,NULL,NULL),('510100',NULL,NULL,NULL,NULL,NULL,'成都市','028',2,1,NULL,'510000'),('510104',NULL,NULL,NULL,NULL,NULL,'锦江区','028',3,1,NULL,'510100'),('510105',NULL,NULL,NULL,NULL,NULL,'青羊区','028',3,1,NULL,'510100'),('510106',NULL,NULL,NULL,NULL,NULL,'金牛区','028',3,1,NULL,'510100'),('510107',NULL,NULL,NULL,NULL,NULL,'武侯区','028',3,1,NULL,'510100'),('510108',NULL,NULL,NULL,NULL,NULL,'成华区','028',3,1,NULL,'510100'),('510112',NULL,NULL,NULL,NULL,NULL,'龙泉驿区','028',3,1,NULL,'510100'),('510113',NULL,NULL,NULL,NULL,NULL,'青白江区','028',3,1,NULL,'510100'),('510114',NULL,NULL,NULL,NULL,NULL,'新都区','028',3,1,NULL,'510100'),('510115',NULL,NULL,NULL,NULL,NULL,'温江区','028',3,1,NULL,'510100'),('510116',NULL,NULL,NULL,NULL,NULL,'双流区','028',3,1,NULL,'510100'),('510121',NULL,NULL,NULL,NULL,NULL,'金堂县','028',3,1,NULL,'510100'),('510124',NULL,NULL,NULL,NULL,NULL,'郫县','028',3,1,NULL,'510100'),('510129',NULL,NULL,NULL,NULL,NULL,'大邑县','028',3,1,NULL,'510100'),('510131',NULL,NULL,NULL,NULL,NULL,'蒲江县','028',3,1,NULL,'510100'),('510132',NULL,NULL,NULL,NULL,NULL,'新津县','028',3,1,NULL,'510100'),('510181',NULL,NULL,NULL,NULL,NULL,'都江堰市','028',3,1,NULL,'510100'),('510182',NULL,NULL,NULL,NULL,NULL,'彭州市','028',3,1,NULL,'510100'),('510183',NULL,NULL,NULL,NULL,NULL,'邛崃市','028',3,1,NULL,'510100'),('510184',NULL,NULL,NULL,NULL,NULL,'崇州市','028',3,1,NULL,'510100'),('510185',NULL,NULL,NULL,NULL,NULL,'简阳市','028',3,1,NULL,'510100'),('510300',NULL,NULL,NULL,NULL,NULL,'自贡市','0813',2,1,NULL,'510000'),('510302',NULL,NULL,NULL,NULL,NULL,'自流井区','0813',3,1,NULL,'510300'),('510303',NULL,NULL,NULL,NULL,NULL,'贡井区','0813',3,1,NULL,'510300'),('510304',NULL,NULL,NULL,NULL,NULL,'大安区','0813',3,1,NULL,'510300'),('510311',NULL,NULL,NULL,NULL,NULL,'沿滩区','0813',3,1,NULL,'510300'),('510321',NULL,NULL,NULL,NULL,NULL,'荣县','0813',3,1,NULL,'510300'),('510322',NULL,NULL,NULL,NULL,NULL,'富顺县','0813',3,1,NULL,'510300'),('510400',NULL,NULL,NULL,NULL,NULL,'攀枝花市','0812',2,1,NULL,'510000'),('510402',NULL,NULL,NULL,NULL,NULL,'东区','0812',3,1,NULL,'510400'),('510403',NULL,NULL,NULL,NULL,NULL,'西区','0812',3,1,NULL,'510400'),('510411',NULL,NULL,NULL,NULL,NULL,'仁和区','0812',3,1,NULL,'510400'),('510421',NULL,NULL,NULL,NULL,NULL,'米易县','0812',3,1,NULL,'510400'),('510422',NULL,NULL,NULL,NULL,NULL,'盐边县','0812',3,1,NULL,'510400'),('510500',NULL,NULL,NULL,NULL,NULL,'泸州市','0830',2,1,NULL,'510000'),('510502',NULL,NULL,NULL,NULL,NULL,'江阳区','0830',3,1,NULL,'510500'),('510503',NULL,NULL,NULL,NULL,NULL,'纳溪区','0830',3,1,NULL,'510500'),('510504',NULL,NULL,NULL,NULL,NULL,'龙马潭区','0830',3,1,NULL,'510500'),('510521',NULL,NULL,NULL,NULL,NULL,'泸县','0830',3,1,NULL,'510500'),('510522',NULL,NULL,NULL,NULL,NULL,'合江县','0830',3,1,NULL,'510500'),('510524',NULL,NULL,NULL,NULL,NULL,'叙永县','0830',3,1,NULL,'510500'),('510525',NULL,NULL,NULL,NULL,NULL,'古蔺县','0830',3,1,NULL,'510500'),('510600',NULL,NULL,NULL,NULL,NULL,'德阳市','0838',2,1,NULL,'510000'),('510603',NULL,NULL,NULL,NULL,NULL,'旌阳区','0838',3,1,NULL,'510600'),('510623',NULL,NULL,NULL,NULL,NULL,'中江县','0838',3,1,NULL,'510600'),('510626',NULL,NULL,NULL,NULL,NULL,'罗江县','0838',3,1,NULL,'510600'),('510681',NULL,NULL,NULL,NULL,NULL,'广汉市','0838',3,1,NULL,'510600'),('510682',NULL,NULL,NULL,NULL,NULL,'什邡市','0838',3,1,NULL,'510600'),('510683',NULL,NULL,NULL,NULL,NULL,'绵竹市','0838',3,1,NULL,'510600'),('510700',NULL,NULL,NULL,NULL,NULL,'绵阳市','0816',2,1,NULL,'510000'),('510703',NULL,NULL,NULL,NULL,NULL,'涪城区','0816',3,1,NULL,'510700'),('510704',NULL,NULL,NULL,NULL,NULL,'游仙区','0816',3,1,NULL,'510700'),('510705',NULL,NULL,NULL,NULL,NULL,'安州区','0816',3,1,NULL,'510700'),('510722',NULL,NULL,NULL,NULL,NULL,'三台县','0816',3,1,NULL,'510700'),('510723',NULL,NULL,NULL,NULL,NULL,'盐亭县','0816',3,1,NULL,'510700'),('510725',NULL,NULL,NULL,NULL,NULL,'梓潼县','0816',3,1,NULL,'510700'),('510726',NULL,NULL,NULL,NULL,NULL,'北川羌族自治县','0816',3,1,NULL,'510700'),('510727',NULL,NULL,NULL,NULL,NULL,'平武县','0816',3,1,NULL,'510700'),('510781',NULL,NULL,NULL,NULL,NULL,'江油市','0816',3,1,NULL,'510700'),('510800',NULL,NULL,NULL,NULL,NULL,'广元市','0839',2,1,NULL,'510000'),('510802',NULL,NULL,NULL,NULL,NULL,'利州区','0839',3,1,NULL,'510800'),('510811',NULL,NULL,NULL,NULL,NULL,'昭化区','0839',3,1,NULL,'510800'),('510812',NULL,NULL,NULL,NULL,NULL,'朝天区','0839',3,1,NULL,'510800'),('510821',NULL,NULL,NULL,NULL,NULL,'旺苍县','0839',3,1,NULL,'510800'),('510822',NULL,NULL,NULL,NULL,NULL,'青川县','0839',3,1,NULL,'510800'),('510823',NULL,NULL,NULL,NULL,NULL,'剑阁县','0839',3,1,NULL,'510800'),('510824',NULL,NULL,NULL,NULL,NULL,'苍溪县','0839',3,1,NULL,'510800'),('510900',NULL,NULL,NULL,NULL,NULL,'遂宁市','0825',2,1,NULL,'510000'),('510903',NULL,NULL,NULL,NULL,NULL,'船山区','0825',3,1,NULL,'510900'),('510904',NULL,NULL,NULL,NULL,NULL,'安居区','0825',3,1,NULL,'510900'),('510921',NULL,NULL,NULL,NULL,NULL,'蓬溪县','0825',3,1,NULL,'510900'),('510922',NULL,NULL,NULL,NULL,NULL,'射洪县','0825',3,1,NULL,'510900'),('510923',NULL,NULL,NULL,NULL,NULL,'大英县','0825',3,1,NULL,'510900'),('511000',NULL,NULL,NULL,NULL,NULL,'内江市','1832',2,1,NULL,'510000'),('511002',NULL,NULL,NULL,NULL,NULL,'市中区','1832',3,1,NULL,'511000'),('511011',NULL,NULL,NULL,NULL,NULL,'东兴区','1832',3,1,NULL,'511000'),('511024',NULL,NULL,NULL,NULL,NULL,'威远县','1832',3,1,NULL,'511000'),('511025',NULL,NULL,NULL,NULL,NULL,'资中县','1832',3,1,NULL,'511000'),('511028',NULL,NULL,NULL,NULL,NULL,'隆昌县','1832',3,1,NULL,'511000'),('511100',NULL,NULL,NULL,NULL,NULL,'乐山市','0833',2,1,NULL,'510000'),('511102',NULL,NULL,NULL,NULL,NULL,'市中区','0833',3,1,NULL,'511100'),('511111',NULL,NULL,NULL,NULL,NULL,'沙湾区','0833',3,1,NULL,'511100'),('511112',NULL,NULL,NULL,NULL,NULL,'五通桥区','0833',3,1,NULL,'511100'),('511113',NULL,NULL,NULL,NULL,NULL,'金口河区','0833',3,1,NULL,'511100'),('511123',NULL,NULL,NULL,NULL,NULL,'犍为县','0833',3,1,NULL,'511100'),('511124',NULL,NULL,NULL,NULL,NULL,'井研县','0833',3,1,NULL,'511100'),('511126',NULL,NULL,NULL,NULL,NULL,'夹江县','0833',3,1,NULL,'511100'),('511129',NULL,NULL,NULL,NULL,NULL,'沐川县','0833',3,1,NULL,'511100'),('511132',NULL,NULL,NULL,NULL,NULL,'峨边彝族自治县','0833',3,1,NULL,'511100'),('511133',NULL,NULL,NULL,NULL,NULL,'马边彝族自治县','0833',3,1,NULL,'511100'),('511181',NULL,NULL,NULL,NULL,NULL,'峨眉山市','0833',3,1,NULL,'511100'),('511300',NULL,NULL,NULL,NULL,NULL,'南充市','0817',2,1,NULL,'510000'),('511302',NULL,NULL,NULL,NULL,NULL,'顺庆区','0817',3,1,NULL,'511300'),('511303',NULL,NULL,NULL,NULL,NULL,'高坪区','0817',3,1,NULL,'511300'),('511304',NULL,NULL,NULL,NULL,NULL,'嘉陵区','0817',3,1,NULL,'511300'),('511321',NULL,NULL,NULL,NULL,NULL,'南部县','0817',3,1,NULL,'511300'),('511322',NULL,NULL,NULL,NULL,NULL,'营山县','0817',3,1,NULL,'511300'),('511323',NULL,NULL,NULL,NULL,NULL,'蓬安县','0817',3,1,NULL,'511300'),('511324',NULL,NULL,NULL,NULL,NULL,'仪陇县','0817',3,1,NULL,'511300'),('511325',NULL,NULL,NULL,NULL,NULL,'西充县','0817',3,1,NULL,'511300'),('511381',NULL,NULL,NULL,NULL,NULL,'阆中市','0817',3,1,NULL,'511300'),('511400',NULL,NULL,NULL,NULL,NULL,'眉山市','1833',2,1,NULL,'510000'),('511402',NULL,NULL,NULL,NULL,NULL,'东坡区','1833',3,1,NULL,'511400'),('511403',NULL,NULL,NULL,NULL,NULL,'彭山区','1833',3,1,NULL,'511400'),('511421',NULL,NULL,NULL,NULL,NULL,'仁寿县','1833',3,1,NULL,'511400'),('511423',NULL,NULL,NULL,NULL,NULL,'洪雅县','1833',3,1,NULL,'511400'),('511424',NULL,NULL,NULL,NULL,NULL,'丹棱县','1833',3,1,NULL,'511400'),('511425',NULL,NULL,NULL,NULL,NULL,'青神县','1833',3,1,NULL,'511400'),('511500',NULL,NULL,NULL,NULL,NULL,'宜宾市','0831',2,1,NULL,'510000'),('511502',NULL,NULL,NULL,NULL,NULL,'翠屏区','0831',3,1,NULL,'511500'),('511503',NULL,NULL,NULL,NULL,NULL,'南溪区','0831',3,1,NULL,'511500'),('511521',NULL,NULL,NULL,NULL,NULL,'宜宾县','0831',3,1,NULL,'511500'),('511523',NULL,NULL,NULL,NULL,NULL,'江安县','0831',3,1,NULL,'511500'),('511524',NULL,NULL,NULL,NULL,NULL,'长宁县','0831',3,1,NULL,'511500'),('511525',NULL,NULL,NULL,NULL,NULL,'高县','0831',3,1,NULL,'511500'),('511526',NULL,NULL,NULL,NULL,NULL,'珙县','0831',3,1,NULL,'511500'),('511527',NULL,NULL,NULL,NULL,NULL,'筠连县','0831',3,1,NULL,'511500'),('511528',NULL,NULL,NULL,NULL,NULL,'兴文县','0831',3,1,NULL,'511500'),('511529',NULL,NULL,NULL,NULL,NULL,'屏山县','0831',3,1,NULL,'511500'),('511600',NULL,NULL,NULL,NULL,NULL,'广安市','0826',2,1,NULL,'510000'),('511602',NULL,NULL,NULL,NULL,NULL,'广安区','0826',3,1,NULL,'511600'),('511603',NULL,NULL,NULL,NULL,NULL,'前锋区','0826',3,1,NULL,'511600'),('511621',NULL,NULL,NULL,NULL,NULL,'岳池县','0826',3,1,NULL,'511600'),('511622',NULL,NULL,NULL,NULL,NULL,'武胜县','0826',3,1,NULL,'511600'),('511623',NULL,NULL,NULL,NULL,NULL,'邻水县','0826',3,1,NULL,'511600'),('511681',NULL,NULL,NULL,NULL,NULL,'华蓥市','0826',3,1,NULL,'511600'),('511700',NULL,NULL,NULL,NULL,NULL,'达州市','0818',2,1,NULL,'510000'),('511702',NULL,NULL,NULL,NULL,NULL,'通川区','0818',3,1,NULL,'511700'),('511703',NULL,NULL,NULL,NULL,NULL,'达川区','0818',3,1,NULL,'511700'),('511722',NULL,NULL,NULL,NULL,NULL,'宣汉县','0818',3,1,NULL,'511700'),('511723',NULL,NULL,NULL,NULL,NULL,'开江县','0818',3,1,NULL,'511700'),('511724',NULL,NULL,NULL,NULL,NULL,'大竹县','0818',3,1,NULL,'511700'),('511725',NULL,NULL,NULL,NULL,NULL,'渠县','0818',3,1,NULL,'511700'),('511781',NULL,NULL,NULL,NULL,NULL,'万源市','0818',3,1,NULL,'511700'),('511800',NULL,NULL,NULL,NULL,NULL,'雅安市','0835',2,1,NULL,'510000'),('511802',NULL,NULL,NULL,NULL,NULL,'雨城区','0835',3,1,NULL,'511800'),('511803',NULL,NULL,NULL,NULL,NULL,'名山区','0835',3,1,NULL,'511800'),('511822',NULL,NULL,NULL,NULL,NULL,'荥经县','0835',3,1,NULL,'511800'),('511823',NULL,NULL,NULL,NULL,NULL,'汉源县','0835',3,1,NULL,'511800'),('511824',NULL,NULL,NULL,NULL,NULL,'石棉县','0835',3,1,NULL,'511800'),('511825',NULL,NULL,NULL,NULL,NULL,'天全县','0835',3,1,NULL,'511800'),('511826',NULL,NULL,NULL,NULL,NULL,'芦山县','0835',3,1,NULL,'511800'),('511827',NULL,NULL,NULL,NULL,NULL,'宝兴县','0835',3,1,NULL,'511800'),('511900',NULL,NULL,NULL,NULL,NULL,'巴中市','0827',2,1,NULL,'510000'),('511902',NULL,NULL,NULL,NULL,NULL,'巴州区','0827',3,1,NULL,'511900'),('511903',NULL,NULL,NULL,NULL,NULL,'恩阳区','0827',3,1,NULL,'511900'),('511921',NULL,NULL,NULL,NULL,NULL,'通江县','0827',3,1,NULL,'511900'),('511922',NULL,NULL,NULL,NULL,NULL,'南江县','0827',3,1,NULL,'511900'),('511923',NULL,NULL,NULL,NULL,NULL,'平昌县','0827',3,1,NULL,'511900'),('512000',NULL,NULL,NULL,NULL,NULL,'资阳市','0832',2,1,NULL,'510000'),('512002',NULL,NULL,NULL,NULL,NULL,'雁江区','0832',3,1,NULL,'512000'),('512021',NULL,NULL,NULL,NULL,NULL,'安岳县','0832',3,1,NULL,'512000'),('512022',NULL,NULL,NULL,NULL,NULL,'乐至县','0832',3,1,NULL,'512000'),('513200',NULL,NULL,NULL,NULL,NULL,'阿坝藏族羌族自治州','0837',2,1,NULL,'510000'),('513201',NULL,NULL,NULL,NULL,NULL,'马尔康市','0837',3,1,NULL,'513200'),('513221',NULL,NULL,NULL,NULL,NULL,'汶川县','0837',3,1,NULL,'513200'),('513222',NULL,NULL,NULL,NULL,NULL,'理县','0837',3,1,NULL,'513200'),('513223',NULL,NULL,NULL,NULL,NULL,'茂县','0837',3,1,NULL,'513200'),('513224',NULL,NULL,NULL,NULL,NULL,'松潘县','0837',3,1,NULL,'513200'),('513225',NULL,NULL,NULL,NULL,NULL,'九寨沟县','0837',3,1,NULL,'513200'),('513226',NULL,NULL,NULL,NULL,NULL,'金川县','0837',3,1,NULL,'513200'),('513227',NULL,NULL,NULL,NULL,NULL,'小金县','0837',3,1,NULL,'513200'),('513228',NULL,NULL,NULL,NULL,NULL,'黑水县','0837',3,1,NULL,'513200'),('513230',NULL,NULL,NULL,NULL,NULL,'壤塘县','0837',3,1,NULL,'513200'),('513231',NULL,NULL,NULL,NULL,NULL,'阿坝县','0837',3,1,NULL,'513200'),('513232',NULL,NULL,NULL,NULL,NULL,'若尔盖县','0837',3,1,NULL,'513200'),('513233',NULL,NULL,NULL,NULL,NULL,'红原县','0837',3,1,NULL,'513200'),('513300',NULL,NULL,NULL,NULL,NULL,'甘孜藏族自治州','0836',2,1,NULL,'510000'),('513301',NULL,NULL,NULL,NULL,NULL,'康定市','0836',3,1,NULL,'513300'),('513322',NULL,NULL,NULL,NULL,NULL,'泸定县','0836',3,1,NULL,'513300'),('513323',NULL,NULL,NULL,NULL,NULL,'丹巴县','0836',3,1,NULL,'513300'),('513324',NULL,NULL,NULL,NULL,NULL,'九龙县','0836',3,1,NULL,'513300'),('513325',NULL,NULL,NULL,NULL,NULL,'雅江县','0836',3,1,NULL,'513300'),('513326',NULL,NULL,NULL,NULL,NULL,'道孚县','0836',3,1,NULL,'513300'),('513327',NULL,NULL,NULL,NULL,NULL,'炉霍县','0836',3,1,NULL,'513300'),('513328',NULL,NULL,NULL,NULL,NULL,'甘孜县','0836',3,1,NULL,'513300'),('513329',NULL,NULL,NULL,NULL,NULL,'新龙县','0836',3,1,NULL,'513300'),('513330',NULL,NULL,NULL,NULL,NULL,'德格县','0836',3,1,NULL,'513300'),('513331',NULL,NULL,NULL,NULL,NULL,'白玉县','0836',3,1,NULL,'513300'),('513332',NULL,NULL,NULL,NULL,NULL,'石渠县','0836',3,1,NULL,'513300'),('513333',NULL,NULL,NULL,NULL,NULL,'色达县','0836',3,1,NULL,'513300'),('513334',NULL,NULL,NULL,NULL,NULL,'理塘县','0836',3,1,NULL,'513300'),('513335',NULL,NULL,NULL,NULL,NULL,'巴塘县','0836',3,1,NULL,'513300'),('513336',NULL,NULL,NULL,NULL,NULL,'乡城县','0836',3,1,NULL,'513300'),('513337',NULL,NULL,NULL,NULL,NULL,'稻城县','0836',3,1,NULL,'513300'),('513338',NULL,NULL,NULL,NULL,NULL,'得荣县','0836',3,1,NULL,'513300'),('513400',NULL,NULL,NULL,NULL,NULL,'凉山彝族自治州','0834',2,1,NULL,'510000'),('513401',NULL,NULL,NULL,NULL,NULL,'西昌市','0834',3,1,NULL,'513400'),('513422',NULL,NULL,NULL,NULL,NULL,'木里藏族自治县','0834',3,1,NULL,'513400'),('513423',NULL,NULL,NULL,NULL,NULL,'盐源县','0834',3,1,NULL,'513400'),('513424',NULL,NULL,NULL,NULL,NULL,'德昌县','0834',3,1,NULL,'513400'),('513425',NULL,NULL,NULL,NULL,NULL,'会理县','0834',3,1,NULL,'513400'),('513426',NULL,NULL,NULL,NULL,NULL,'会东县','0834',3,1,NULL,'513400'),('513427',NULL,NULL,NULL,NULL,NULL,'宁南县','0834',3,1,NULL,'513400'),('513428',NULL,NULL,NULL,NULL,NULL,'普格县','0834',3,1,NULL,'513400'),('513429',NULL,NULL,NULL,NULL,NULL,'布拖县','0834',3,1,NULL,'513400'),('513430',NULL,NULL,NULL,NULL,NULL,'金阳县','0834',3,1,NULL,'513400'),('513431',NULL,NULL,NULL,NULL,NULL,'昭觉县','0834',3,1,NULL,'513400'),('513432',NULL,NULL,NULL,NULL,NULL,'喜德县','0834',3,1,NULL,'513400'),('513433',NULL,NULL,NULL,NULL,NULL,'冕宁县','0834',3,1,NULL,'513400'),('513434',NULL,NULL,NULL,NULL,NULL,'越西县','0834',3,1,NULL,'513400'),('513435',NULL,NULL,NULL,NULL,NULL,'甘洛县','0834',3,1,NULL,'513400'),('513436',NULL,NULL,NULL,NULL,NULL,'美姑县','0834',3,1,NULL,'513400'),('513437',NULL,NULL,NULL,NULL,NULL,'雷波县','0834',3,1,NULL,'513400'),('520000',NULL,NULL,NULL,NULL,NULL,'贵州省',NULL,1,1,NULL,NULL),('520100',NULL,NULL,NULL,NULL,NULL,'贵阳市','0851',2,1,NULL,'520000'),('520102',NULL,NULL,NULL,NULL,NULL,'南明区','0851',3,1,NULL,'520100'),('520103',NULL,NULL,NULL,NULL,NULL,'云岩区','0851',3,1,NULL,'520100'),('520111',NULL,NULL,NULL,NULL,NULL,'花溪区','0851',3,1,NULL,'520100'),('520112',NULL,NULL,NULL,NULL,NULL,'乌当区','0851',3,1,NULL,'520100'),('520113',NULL,NULL,NULL,NULL,NULL,'白云区','0851',3,1,NULL,'520100'),('520115',NULL,NULL,NULL,NULL,NULL,'观山湖区','0851',3,1,NULL,'520100'),('520121',NULL,NULL,NULL,NULL,NULL,'开阳县','0851',3,1,NULL,'520100'),('520122',NULL,NULL,NULL,NULL,NULL,'息烽县','0851',3,1,NULL,'520100'),('520123',NULL,NULL,NULL,NULL,NULL,'修文县','0851',3,1,NULL,'520100'),('520181',NULL,NULL,NULL,NULL,NULL,'清镇市','0851',3,1,NULL,'520100'),('520200',NULL,NULL,NULL,NULL,NULL,'六盘水市','0858',2,1,NULL,'520000'),('520201',NULL,NULL,NULL,NULL,NULL,'钟山区','0858',3,1,NULL,'520200'),('520203',NULL,NULL,NULL,NULL,NULL,'六枝特区','0858',3,1,NULL,'520200'),('520221',NULL,NULL,NULL,NULL,NULL,'水城县','0858',3,1,NULL,'520200'),('520222',NULL,NULL,NULL,NULL,NULL,'盘县','0858',3,1,NULL,'520200'),('520300',NULL,NULL,NULL,NULL,NULL,'遵义市','0852',2,1,NULL,'520000'),('520302',NULL,NULL,NULL,NULL,NULL,'红花岗区','0852',3,1,NULL,'520300'),('520303',NULL,NULL,NULL,NULL,NULL,'汇川区','0852',3,1,NULL,'520300'),('520304',NULL,NULL,NULL,NULL,NULL,'播州区','0852',3,1,NULL,'520300'),('520322',NULL,NULL,NULL,NULL,NULL,'桐梓县','0852',3,1,NULL,'520300'),('520323',NULL,NULL,NULL,NULL,NULL,'绥阳县','0852',3,1,NULL,'520300'),('520324',NULL,NULL,NULL,NULL,NULL,'正安县','0852',3,1,NULL,'520300'),('520325',NULL,NULL,NULL,NULL,NULL,'道真仡佬族苗族自治县','0852',3,1,NULL,'520300'),('520326',NULL,NULL,NULL,NULL,NULL,'务川仡佬族苗族自治县','0852',3,1,NULL,'520300'),('520327',NULL,NULL,NULL,NULL,NULL,'凤冈县','0852',3,1,NULL,'520300'),('520328',NULL,NULL,NULL,NULL,NULL,'湄潭县','0852',3,1,NULL,'520300'),('520329',NULL,NULL,NULL,NULL,NULL,'余庆县','0852',3,1,NULL,'520300'),('520330',NULL,NULL,NULL,NULL,NULL,'习水县','0852',3,1,NULL,'520300'),('520381',NULL,NULL,NULL,NULL,NULL,'赤水市','0852',3,1,NULL,'520300'),('520382',NULL,NULL,NULL,NULL,NULL,'仁怀市','0852',3,1,NULL,'520300'),('520400',NULL,NULL,NULL,NULL,NULL,'安顺市','0853',2,1,NULL,'520000'),('520402',NULL,NULL,NULL,NULL,NULL,'西秀区','0853',3,1,NULL,'520400'),('520403',NULL,NULL,NULL,NULL,NULL,'平坝区','0853',3,1,NULL,'520400'),('520422',NULL,NULL,NULL,NULL,NULL,'普定县','0853',3,1,NULL,'520400'),('520423',NULL,NULL,NULL,NULL,NULL,'镇宁布依族苗族自治县','0853',3,1,NULL,'520400'),('520424',NULL,NULL,NULL,NULL,NULL,'关岭布依族苗族自治县','0853',3,1,NULL,'520400'),('520425',NULL,NULL,NULL,NULL,NULL,'紫云苗族布依族自治县','0853',3,1,NULL,'520400'),('520500',NULL,NULL,NULL,NULL,NULL,'毕节市','0857',2,1,NULL,'520000'),('520502',NULL,NULL,NULL,NULL,NULL,'七星关区','0857',3,1,NULL,'520500'),('520521',NULL,NULL,NULL,NULL,NULL,'大方县','0857',3,1,NULL,'520500'),('520522',NULL,NULL,NULL,NULL,NULL,'黔西县','0857',3,1,NULL,'520500'),('520523',NULL,NULL,NULL,NULL,NULL,'金沙县','0857',3,1,NULL,'520500'),('520524',NULL,NULL,NULL,NULL,NULL,'织金县','0857',3,1,NULL,'520500'),('520525',NULL,NULL,NULL,NULL,NULL,'纳雍县','0857',3,1,NULL,'520500'),('520526',NULL,NULL,NULL,NULL,NULL,'威宁彝族回族苗族自治县','0857',3,1,NULL,'520500'),('520527',NULL,NULL,NULL,NULL,NULL,'赫章县','0857',3,1,NULL,'520500'),('520600',NULL,NULL,NULL,NULL,NULL,'铜仁市','0856',2,1,NULL,'520000'),('520602',NULL,NULL,NULL,NULL,NULL,'碧江区','0856',3,1,NULL,'520600'),('520603',NULL,NULL,NULL,NULL,NULL,'万山区','0856',3,1,NULL,'520600'),('520621',NULL,NULL,NULL,NULL,NULL,'江口县','0856',3,1,NULL,'520600'),('520622',NULL,NULL,NULL,NULL,NULL,'玉屏侗族自治县','0856',3,1,NULL,'520600'),('520623',NULL,NULL,NULL,NULL,NULL,'石阡县','0856',3,1,NULL,'520600'),('520624',NULL,NULL,NULL,NULL,NULL,'思南县','0856',3,1,NULL,'520600'),('520625',NULL,NULL,NULL,NULL,NULL,'印江土家族苗族自治县','0856',3,1,NULL,'520600'),('520626',NULL,NULL,NULL,NULL,NULL,'德江县','0856',3,1,NULL,'520600'),('520627',NULL,NULL,NULL,NULL,NULL,'沿河土家族自治县','0856',3,1,NULL,'520600'),('520628',NULL,NULL,NULL,NULL,NULL,'松桃苗族自治县','0856',3,1,NULL,'520600'),('522300',NULL,NULL,NULL,NULL,NULL,'黔西南布依族苗族自治州','0859',2,1,NULL,'520000'),('522301',NULL,NULL,NULL,NULL,NULL,'兴义市','0859',3,1,NULL,'522300'),('522322',NULL,NULL,NULL,NULL,NULL,'兴仁县','0859',3,1,NULL,'522300'),('522323',NULL,NULL,NULL,NULL,NULL,'普安县','0859',3,1,NULL,'522300'),('522324',NULL,NULL,NULL,NULL,NULL,'晴隆县','0859',3,1,NULL,'522300'),('522325',NULL,NULL,NULL,NULL,NULL,'贞丰县','0859',3,1,NULL,'522300'),('522326',NULL,NULL,NULL,NULL,NULL,'望谟县','0859',3,1,NULL,'522300'),('522327',NULL,NULL,NULL,NULL,NULL,'册亨县','0859',3,1,NULL,'522300'),('522328',NULL,NULL,NULL,NULL,NULL,'安龙县','0859',3,1,NULL,'522300'),('522600',NULL,NULL,NULL,NULL,NULL,'黔东南苗族侗族自治州','0855',2,1,NULL,'520000'),('522601',NULL,NULL,NULL,NULL,NULL,'凯里市','0855',3,1,NULL,'522600'),('522622',NULL,NULL,NULL,NULL,NULL,'黄平县','0855',3,1,NULL,'522600'),('522623',NULL,NULL,NULL,NULL,NULL,'施秉县','0855',3,1,NULL,'522600'),('522624',NULL,NULL,NULL,NULL,NULL,'三穗县','0855',3,1,NULL,'522600'),('522625',NULL,NULL,NULL,NULL,NULL,'镇远县','0855',3,1,NULL,'522600'),('522626',NULL,NULL,NULL,NULL,NULL,'岑巩县','0855',3,1,NULL,'522600'),('522627',NULL,NULL,NULL,NULL,NULL,'天柱县','0855',3,1,NULL,'522600'),('522628',NULL,NULL,NULL,NULL,NULL,'锦屏县','0855',3,1,NULL,'522600'),('522629',NULL,NULL,NULL,NULL,NULL,'剑河县','0855',3,1,NULL,'522600'),('522630',NULL,NULL,NULL,NULL,NULL,'台江县','0855',3,1,NULL,'522600'),('522631',NULL,NULL,NULL,NULL,NULL,'黎平县','0855',3,1,NULL,'522600'),('522632',NULL,NULL,NULL,NULL,NULL,'榕江县','0855',3,1,NULL,'522600'),('522633',NULL,NULL,NULL,NULL,NULL,'从江县','0855',3,1,NULL,'522600'),('522634',NULL,NULL,NULL,NULL,NULL,'雷山县','0855',3,1,NULL,'522600'),('522635',NULL,NULL,NULL,NULL,NULL,'麻江县','0855',3,1,NULL,'522600'),('522636',NULL,NULL,NULL,NULL,NULL,'丹寨县','0855',3,1,NULL,'522600'),('522700',NULL,NULL,NULL,NULL,NULL,'黔南布依族苗族自治州','0854',2,1,NULL,'520000'),('522701',NULL,NULL,NULL,NULL,NULL,'都匀市','0854',3,1,NULL,'522700'),('522702',NULL,NULL,NULL,NULL,NULL,'福泉市','0854',3,1,NULL,'522700'),('522722',NULL,NULL,NULL,NULL,NULL,'荔波县','0854',3,1,NULL,'522700'),('522723',NULL,NULL,NULL,NULL,NULL,'贵定县','0854',3,1,NULL,'522700'),('522725',NULL,NULL,NULL,NULL,NULL,'瓮安县','0854',3,1,NULL,'522700'),('522726',NULL,NULL,NULL,NULL,NULL,'独山县','0854',3,1,NULL,'522700'),('522727',NULL,NULL,NULL,NULL,NULL,'平塘县','0854',3,1,NULL,'522700'),('522728',NULL,NULL,NULL,NULL,NULL,'罗甸县','0854',3,1,NULL,'522700'),('522729',NULL,NULL,NULL,NULL,NULL,'长顺县','0854',3,1,NULL,'522700'),('522730',NULL,NULL,NULL,NULL,NULL,'龙里县','0854',3,1,NULL,'522700'),('522731',NULL,NULL,NULL,NULL,NULL,'惠水县','0854',3,1,NULL,'522700'),('522732',NULL,NULL,NULL,NULL,NULL,'三都水族自治县','0854',3,1,NULL,'522700'),('530000',NULL,NULL,NULL,NULL,NULL,'云南省',NULL,1,1,NULL,NULL),('530100',NULL,NULL,NULL,NULL,NULL,'昆明市','0871',2,1,NULL,'530000'),('530102',NULL,NULL,NULL,NULL,NULL,'五华区','0871',3,1,NULL,'530100'),('530103',NULL,NULL,NULL,NULL,NULL,'盘龙区','0871',3,1,NULL,'530100'),('530111',NULL,NULL,NULL,NULL,NULL,'官渡区','0871',3,1,NULL,'530100'),('530112',NULL,NULL,NULL,NULL,NULL,'西山区','0871',3,1,NULL,'530100'),('530113',NULL,NULL,NULL,NULL,NULL,'东川区','0871',3,1,NULL,'530100'),('530114',NULL,NULL,NULL,NULL,NULL,'呈贡区','0871',3,1,NULL,'530100'),('530122',NULL,NULL,NULL,NULL,NULL,'晋宁县','0871',3,1,NULL,'530100'),('530124',NULL,NULL,NULL,NULL,NULL,'富民县','0871',3,1,NULL,'530100'),('530125',NULL,NULL,NULL,NULL,NULL,'宜良县','0871',3,1,NULL,'530100'),('530126',NULL,NULL,NULL,NULL,NULL,'石林彝族自治县','0871',3,1,NULL,'530100'),('530127',NULL,NULL,NULL,NULL,NULL,'嵩明县','0871',3,1,NULL,'530100'),('530128',NULL,NULL,NULL,NULL,NULL,'禄劝彝族苗族自治县','0871',3,1,NULL,'530100'),('530129',NULL,NULL,NULL,NULL,NULL,'寻甸回族彝族自治县','0871',3,1,NULL,'530100'),('530181',NULL,NULL,NULL,NULL,NULL,'安宁市','0871',3,1,NULL,'530100'),('530300',NULL,NULL,NULL,NULL,NULL,'曲靖市','0874',2,1,NULL,'530000'),('530302',NULL,NULL,NULL,NULL,NULL,'麒麟区','0874',3,1,NULL,'530300'),('530303',NULL,NULL,NULL,NULL,NULL,'沾益区','0874',3,1,NULL,'530300'),('530321',NULL,NULL,NULL,NULL,NULL,'马龙县','0874',3,1,NULL,'530300'),('530322',NULL,NULL,NULL,NULL,NULL,'陆良县','0874',3,1,NULL,'530300'),('530323',NULL,NULL,NULL,NULL,NULL,'师宗县','0874',3,1,NULL,'530300'),('530324',NULL,NULL,NULL,NULL,NULL,'罗平县','0874',3,1,NULL,'530300'),('530325',NULL,NULL,NULL,NULL,NULL,'富源县','0874',3,1,NULL,'530300'),('530326',NULL,NULL,NULL,NULL,NULL,'会泽县','0874',3,1,NULL,'530300'),('530381',NULL,NULL,NULL,NULL,NULL,'宣威市','0874',3,1,NULL,'530300'),('530400',NULL,NULL,NULL,NULL,NULL,'玉溪市','0877',2,1,NULL,'530000'),('530402',NULL,NULL,NULL,NULL,NULL,'红塔区','0877',3,1,NULL,'530400'),('530403',NULL,NULL,NULL,NULL,NULL,'江川区','0877',3,1,NULL,'530400'),('530422',NULL,NULL,NULL,NULL,NULL,'澄江县',NULL,0,1,NULL,'530400'),('530423',NULL,NULL,NULL,NULL,NULL,'通海县','0877',3,1,NULL,'530400'),('530424',NULL,NULL,NULL,NULL,NULL,'华宁县','0877',3,1,NULL,'530400'),('530425',NULL,NULL,NULL,NULL,NULL,'易门县','0877',3,1,NULL,'530400'),('530426',NULL,NULL,NULL,NULL,NULL,'峨山彝族自治县','0877',3,1,NULL,'530400'),('530427',NULL,NULL,NULL,NULL,NULL,'新平彝族傣族自治县','0877',3,1,NULL,'530400'),('530428',NULL,NULL,NULL,NULL,NULL,'元江哈尼族彝族傣族自治县','0877',3,1,NULL,'530400'),('530500',NULL,NULL,NULL,NULL,NULL,'保山市','0875',2,1,NULL,'530000'),('530502',NULL,NULL,NULL,NULL,NULL,'隆阳区','0875',3,1,NULL,'530500'),('530521',NULL,NULL,NULL,NULL,NULL,'施甸县','0875',3,1,NULL,'530500'),('530523',NULL,NULL,NULL,NULL,NULL,'龙陵县','0875',3,1,NULL,'530500'),('530524',NULL,NULL,NULL,NULL,NULL,'昌宁县','0875',3,1,NULL,'530500'),('530581',NULL,NULL,NULL,NULL,NULL,'腾冲市','0875',3,1,NULL,'530500'),('530600',NULL,NULL,NULL,NULL,NULL,'昭通市','0870',2,1,NULL,'530000'),('530602',NULL,NULL,NULL,NULL,NULL,'昭阳区','0870',3,1,NULL,'530600'),('530621',NULL,NULL,NULL,NULL,NULL,'鲁甸县','0870',3,1,NULL,'530600'),('530622',NULL,NULL,NULL,NULL,NULL,'巧家县','0870',3,1,NULL,'530600'),('530623',NULL,NULL,NULL,NULL,NULL,'盐津县','0870',3,1,NULL,'530600'),('530624',NULL,NULL,NULL,NULL,NULL,'大关县','0870',3,1,NULL,'530600'),('530625',NULL,NULL,NULL,NULL,NULL,'永善县','0870',3,1,NULL,'530600'),('530626',NULL,NULL,NULL,NULL,NULL,'绥江县','0870',3,1,NULL,'530600'),('530627',NULL,NULL,NULL,NULL,NULL,'镇雄县','0870',3,1,NULL,'530600'),('530628',NULL,NULL,NULL,NULL,NULL,'彝良县','0870',3,1,NULL,'530600'),('530629',NULL,NULL,NULL,NULL,NULL,'威信县','0870',3,1,NULL,'530600'),('530630',NULL,NULL,NULL,NULL,NULL,'水富县',NULL,0,1,NULL,'530600'),('530700',NULL,NULL,NULL,NULL,NULL,'丽江市','0888',2,1,NULL,'530000'),('530702',NULL,NULL,NULL,NULL,NULL,'古城区','0888',3,1,NULL,'530700'),('530721',NULL,NULL,NULL,NULL,NULL,'玉龙纳西族自治县','0888',3,1,NULL,'530700'),('530722',NULL,NULL,NULL,NULL,NULL,'永胜县','0888',3,1,NULL,'530700'),('530723',NULL,NULL,NULL,NULL,NULL,'华坪县','0888',3,1,NULL,'530700'),('530724',NULL,NULL,NULL,NULL,NULL,'宁蒗彝族自治县','0888',3,1,NULL,'530700'),('530800',NULL,NULL,NULL,NULL,NULL,'普洱市','0879',2,1,NULL,'530000'),('530802',NULL,NULL,NULL,NULL,NULL,'思茅区','0879',3,1,NULL,'530800'),('530821',NULL,NULL,NULL,NULL,NULL,'宁洱哈尼族彝族自治县','0879',3,1,NULL,'530800'),('530822',NULL,NULL,NULL,NULL,NULL,'墨江哈尼族自治县','0879',3,1,NULL,'530800'),('530823',NULL,NULL,NULL,NULL,NULL,'景东彝族自治县','0879',3,1,NULL,'530800'),('530824',NULL,NULL,NULL,NULL,NULL,'景谷傣族彝族自治县','0879',3,1,NULL,'530800'),('530825',NULL,NULL,NULL,NULL,NULL,'镇沅彝族哈尼族拉祜族自治县','0879',3,1,NULL,'530800'),('530826',NULL,NULL,NULL,NULL,NULL,'江城哈尼族彝族自治县','0879',3,1,NULL,'530800'),('530827',NULL,NULL,NULL,NULL,NULL,'孟连傣族拉祜族佤族自治县','0879',3,1,NULL,'530800'),('530828',NULL,NULL,NULL,NULL,NULL,'澜沧拉祜族自治县','0879',3,1,NULL,'530800'),('530829',NULL,NULL,NULL,NULL,NULL,'西盟佤族自治县','0879',3,1,NULL,'530800'),('530900',NULL,NULL,NULL,NULL,NULL,'临沧市','0883',2,1,NULL,'530000'),('530902',NULL,NULL,NULL,NULL,NULL,'临翔区','0883',3,1,NULL,'530900'),('530921',NULL,NULL,NULL,NULL,NULL,'凤庆县','0883',3,1,NULL,'530900'),('530922',NULL,NULL,NULL,NULL,NULL,'云县','0883',3,1,NULL,'530900'),('530923',NULL,NULL,NULL,NULL,NULL,'永德县','0883',3,1,NULL,'530900'),('530924',NULL,NULL,NULL,NULL,NULL,'镇康县','0883',3,1,NULL,'530900'),('530925',NULL,NULL,NULL,NULL,NULL,'双江拉祜族佤族布朗族傣族自治县','0883',3,1,NULL,'530900'),('530926',NULL,NULL,NULL,NULL,NULL,'耿马傣族佤族自治县','0883',3,1,NULL,'530900'),('530927',NULL,NULL,NULL,NULL,NULL,'沧源佤族自治县','0883',3,1,NULL,'530900'),('532300',NULL,NULL,NULL,NULL,NULL,'楚雄彝族自治州','0878',2,1,NULL,'530000'),('532301',NULL,NULL,NULL,NULL,NULL,'楚雄市','0878',3,1,NULL,'532300'),('532322',NULL,NULL,NULL,NULL,NULL,'双柏县','0878',3,1,NULL,'532300'),('532323',NULL,NULL,NULL,NULL,NULL,'牟定县','0878',3,1,NULL,'532300'),('532324',NULL,NULL,NULL,NULL,NULL,'南华县','0878',3,1,NULL,'532300'),('532325',NULL,NULL,NULL,NULL,NULL,'姚安县','0878',3,1,NULL,'532300'),('532326',NULL,NULL,NULL,NULL,NULL,'大姚县','0878',3,1,NULL,'532300'),('532327',NULL,NULL,NULL,NULL,NULL,'永仁县','0878',3,1,NULL,'532300'),('532328',NULL,NULL,NULL,NULL,NULL,'元谋县','0878',3,1,NULL,'532300'),('532329',NULL,NULL,NULL,NULL,NULL,'武定县','0878',3,1,NULL,'532300'),('532331',NULL,NULL,NULL,NULL,NULL,'禄丰县','0878',3,1,NULL,'532300'),('532500',NULL,NULL,NULL,NULL,NULL,'红河哈尼族彝族自治州','0873',2,1,NULL,'530000'),('532501',NULL,NULL,NULL,NULL,NULL,'个旧市','0873',3,1,NULL,'532500'),('532502',NULL,NULL,NULL,NULL,NULL,'开远市','0873',3,1,NULL,'532500'),('532503',NULL,NULL,NULL,NULL,NULL,'蒙自市','0873',3,1,NULL,'532500'),('532504',NULL,NULL,NULL,NULL,NULL,'弥勒市','0873',3,1,NULL,'532500'),('532523',NULL,NULL,NULL,NULL,NULL,'屏边苗族自治县','0873',3,1,NULL,'532500'),('532524',NULL,NULL,NULL,NULL,NULL,'建水县','0873',3,1,NULL,'532500'),('532525',NULL,NULL,NULL,NULL,NULL,'石屏县','0873',3,1,NULL,'532500'),('532527',NULL,NULL,NULL,NULL,NULL,'泸西县','0873',3,1,NULL,'532500'),('532528',NULL,NULL,NULL,NULL,NULL,'元阳县','0873',3,1,NULL,'532500'),('532529',NULL,NULL,NULL,NULL,NULL,'红河县','0873',3,1,NULL,'532500'),('532530',NULL,NULL,NULL,NULL,NULL,'金平苗族瑶族傣族自治县','0873',3,1,NULL,'532500'),('532531',NULL,NULL,NULL,NULL,NULL,'绿春县','0873',3,1,NULL,'532500'),('532532',NULL,NULL,NULL,NULL,NULL,'河口瑶族自治县','0873',3,1,NULL,'532500'),('532600',NULL,NULL,NULL,NULL,NULL,'文山壮族苗族自治州','0876',2,1,NULL,'530000'),('532601',NULL,NULL,NULL,NULL,NULL,'文山市','0876',3,1,NULL,'532600'),('532622',NULL,NULL,NULL,NULL,NULL,'砚山县','0876',3,1,NULL,'532600'),('532623',NULL,NULL,NULL,NULL,NULL,'西畴县','0876',3,1,NULL,'532600'),('532624',NULL,NULL,NULL,NULL,NULL,'麻栗坡县','0876',3,1,NULL,'532600'),('532625',NULL,NULL,NULL,NULL,NULL,'马关县','0876',3,1,NULL,'532600'),('532626',NULL,NULL,NULL,NULL,NULL,'丘北县','0876',3,1,NULL,'532600'),('532627',NULL,NULL,NULL,NULL,NULL,'广南县','0876',3,1,NULL,'532600'),('532628',NULL,NULL,NULL,NULL,NULL,'富宁县','0876',3,1,NULL,'532600'),('532800',NULL,NULL,NULL,NULL,NULL,'西双版纳傣族自治州','0691',2,1,NULL,'530000'),('532801',NULL,NULL,NULL,NULL,NULL,'景洪市','0691',3,1,NULL,'532800'),('532822',NULL,NULL,NULL,NULL,NULL,'勐海县','0691',3,1,NULL,'532800'),('532823',NULL,NULL,NULL,NULL,NULL,'勐腊县','0691',3,1,NULL,'532800'),('532900',NULL,NULL,NULL,NULL,NULL,'大理白族自治州','0872',2,1,NULL,'530000'),('532901',NULL,NULL,NULL,NULL,NULL,'大理市','0872',3,1,NULL,'532900'),('532922',NULL,NULL,NULL,NULL,NULL,'漾濞彝族自治县','0872',3,1,NULL,'532900'),('532923',NULL,NULL,NULL,NULL,NULL,'祥云县','0872',3,1,NULL,'532900'),('532924',NULL,NULL,NULL,NULL,NULL,'宾川县','0872',3,1,NULL,'532900'),('532925',NULL,NULL,NULL,NULL,NULL,'弥渡县','0872',3,1,NULL,'532900'),('532926',NULL,NULL,NULL,NULL,NULL,'南涧彝族自治县','0872',3,1,NULL,'532900'),('532927',NULL,NULL,NULL,NULL,NULL,'巍山彝族回族自治县','0872',3,1,NULL,'532900'),('532928',NULL,NULL,NULL,NULL,NULL,'永平县','0872',3,1,NULL,'532900'),('532929',NULL,NULL,NULL,NULL,NULL,'云龙县','0872',3,1,NULL,'532900'),('532930',NULL,NULL,NULL,NULL,NULL,'洱源县','0872',3,1,NULL,'532900'),('532931',NULL,NULL,NULL,NULL,NULL,'剑川县','0872',3,1,NULL,'532900'),('532932',NULL,NULL,NULL,NULL,NULL,'鹤庆县','0872',3,1,NULL,'532900'),('533100',NULL,NULL,NULL,NULL,NULL,'德宏傣族景颇族自治州','0692',2,1,NULL,'530000'),('533102',NULL,NULL,NULL,NULL,NULL,'瑞丽市','0692',3,1,NULL,'533100'),('533103',NULL,NULL,NULL,NULL,NULL,'芒市','0692',3,1,NULL,'533100'),('533122',NULL,NULL,NULL,NULL,NULL,'梁河县','0692',3,1,NULL,'533100'),('533123',NULL,NULL,NULL,NULL,NULL,'盈江县','0692',3,1,NULL,'533100'),('533124',NULL,NULL,NULL,NULL,NULL,'陇川县','0692',3,1,NULL,'533100'),('533300',NULL,NULL,NULL,NULL,NULL,'怒江傈僳族自治州','0886',2,1,NULL,'530000'),('533301',NULL,NULL,NULL,NULL,NULL,'泸水市','0886',3,1,NULL,'533300'),('533323',NULL,NULL,NULL,NULL,NULL,'福贡县','0886',3,1,NULL,'533300'),('533324',NULL,NULL,NULL,NULL,NULL,'贡山独龙族怒族自治县','0886',3,1,NULL,'533300'),('533325',NULL,NULL,NULL,NULL,NULL,'兰坪白族普米族自治县','0886',3,1,NULL,'533300'),('533400',NULL,NULL,NULL,NULL,NULL,'迪庆藏族自治州','0887',2,1,NULL,'530000'),('533401',NULL,NULL,NULL,NULL,NULL,'香格里拉市','0887',3,1,NULL,'533400'),('533422',NULL,NULL,NULL,NULL,NULL,'德钦县','0887',3,1,NULL,'533400'),('533423',NULL,NULL,NULL,NULL,NULL,'维西傈僳族自治县','0887',3,1,NULL,'533400'),('540000',NULL,NULL,NULL,NULL,NULL,'西藏自治区',NULL,1,1,NULL,NULL),('540100',NULL,NULL,NULL,NULL,NULL,'拉萨市','0891',2,1,NULL,'540000'),('540102',NULL,NULL,NULL,NULL,NULL,'城关区','0891',3,1,NULL,'540100'),('540103',NULL,NULL,NULL,NULL,NULL,'堆龙德庆区','0891',3,1,NULL,'540100'),('540121',NULL,NULL,NULL,NULL,NULL,'林周县','0891',3,1,NULL,'540100'),('540122',NULL,NULL,NULL,NULL,NULL,'当雄县','0891',3,1,NULL,'540100'),('540123',NULL,NULL,NULL,NULL,NULL,'尼木县','0891',3,1,NULL,'540100'),('540124',NULL,NULL,NULL,NULL,NULL,'曲水县','0891',3,1,NULL,'540100'),('540126',NULL,NULL,NULL,NULL,NULL,'达孜县','0891',3,1,NULL,'540100'),('540127',NULL,NULL,NULL,NULL,NULL,'墨竹工卡县','0891',3,1,NULL,'540100'),('540200',NULL,NULL,NULL,NULL,NULL,'日喀则市','0892',2,1,NULL,'540000'),('540202',NULL,NULL,NULL,NULL,NULL,'桑珠孜区','0892',3,1,NULL,'540200'),('540221',NULL,NULL,NULL,NULL,NULL,'南木林县','0892',3,1,NULL,'540200'),('540222',NULL,NULL,NULL,NULL,NULL,'江孜县','0892',3,1,NULL,'540200'),('540223',NULL,NULL,NULL,NULL,NULL,'定日县','0892',3,1,NULL,'540200'),('540224',NULL,NULL,NULL,NULL,NULL,'萨迦县','0892',3,1,NULL,'540200'),('540225',NULL,NULL,NULL,NULL,NULL,'拉孜县','0892',3,1,NULL,'540200'),('540226',NULL,NULL,NULL,NULL,NULL,'昂仁县','0892',3,1,NULL,'540200'),('540227',NULL,NULL,NULL,NULL,NULL,'谢通门县','0892',3,1,NULL,'540200'),('540228',NULL,NULL,NULL,NULL,NULL,'白朗县','0892',3,1,NULL,'540200'),('540229',NULL,NULL,NULL,NULL,NULL,'仁布县','0892',3,1,NULL,'540200'),('540230',NULL,NULL,NULL,NULL,NULL,'康马县','0892',3,1,NULL,'540200'),('540231',NULL,NULL,NULL,NULL,NULL,'定结县','0892',3,1,NULL,'540200'),('540232',NULL,NULL,NULL,NULL,NULL,'仲巴县','0892',3,1,NULL,'540200'),('540233',NULL,NULL,NULL,NULL,NULL,'亚东县','0892',3,1,NULL,'540200'),('540234',NULL,NULL,NULL,NULL,NULL,'吉隆县','0892',3,1,NULL,'540200'),('540235',NULL,NULL,NULL,NULL,NULL,'聂拉木县','0892',3,1,NULL,'540200'),('540236',NULL,NULL,NULL,NULL,NULL,'萨嘎县','0892',3,1,NULL,'540200'),('540237',NULL,NULL,NULL,NULL,NULL,'岗巴县','0892',3,1,NULL,'540200'),('540300',NULL,NULL,NULL,NULL,NULL,'昌都市','0895',2,1,NULL,'540000'),('540302',NULL,NULL,NULL,NULL,NULL,'卡若区','0895',3,1,NULL,'540300'),('540321',NULL,NULL,NULL,NULL,NULL,'江达县','0895',3,1,NULL,'540300'),('540322',NULL,NULL,NULL,NULL,NULL,'贡觉县','0895',3,1,NULL,'540300'),('540323',NULL,NULL,NULL,NULL,NULL,'类乌齐县','0895',3,1,NULL,'540300'),('540324',NULL,NULL,NULL,NULL,NULL,'丁青县','0895',3,1,NULL,'540300'),('540325',NULL,NULL,NULL,NULL,NULL,'察雅县','0895',3,1,NULL,'540300'),('540326',NULL,NULL,NULL,NULL,NULL,'八宿县','0895',3,1,NULL,'540300'),('540327',NULL,NULL,NULL,NULL,NULL,'左贡县','0895',3,1,NULL,'540300'),('540328',NULL,NULL,NULL,NULL,NULL,'芒康县','0895',3,1,NULL,'540300'),('540329',NULL,NULL,NULL,NULL,NULL,'洛隆县','0895',3,1,NULL,'540300'),('540330',NULL,NULL,NULL,NULL,NULL,'边坝县','0895',3,1,NULL,'540300'),('540400',NULL,NULL,NULL,NULL,NULL,'林芝市','0894',2,1,NULL,'540000'),('540402',NULL,NULL,NULL,NULL,NULL,'巴宜区','0894',3,1,NULL,'540400'),('540421',NULL,NULL,NULL,NULL,NULL,'工布江达县','0894',3,1,NULL,'540400'),('540422',NULL,NULL,NULL,NULL,NULL,'米林县','0894',3,1,NULL,'540400'),('540423',NULL,NULL,NULL,NULL,NULL,'墨脱县','0894',3,1,NULL,'540400'),('540424',NULL,NULL,NULL,NULL,NULL,'波密县','0894',3,1,NULL,'540400'),('540425',NULL,NULL,NULL,NULL,NULL,'察隅县','0894',3,1,NULL,'540400'),('540426',NULL,NULL,NULL,NULL,NULL,'朗县','0894',3,1,NULL,'540400'),('540500',NULL,NULL,NULL,NULL,NULL,'山南市','0893',2,1,NULL,'540000'),('540502',NULL,NULL,NULL,NULL,NULL,'乃东区','0893',3,1,NULL,'540500'),('540521',NULL,NULL,NULL,NULL,NULL,'扎囊县','0893',3,1,NULL,'540500'),('540522',NULL,NULL,NULL,NULL,NULL,'贡嘎县','0893',3,1,NULL,'540500'),('540523',NULL,NULL,NULL,NULL,NULL,'桑日县','0893',3,1,NULL,'540500'),('540524',NULL,NULL,NULL,NULL,NULL,'琼结县','0893',3,1,NULL,'540500'),('540525',NULL,NULL,NULL,NULL,NULL,'曲松县','0893',3,1,NULL,'540500'),('540526',NULL,NULL,NULL,NULL,NULL,'措美县','0893',3,1,NULL,'540500'),('540527',NULL,NULL,NULL,NULL,NULL,'洛扎县','0893',3,1,NULL,'540500'),('540528',NULL,NULL,NULL,NULL,NULL,'加查县','0893',3,1,NULL,'540500'),('540529',NULL,NULL,NULL,NULL,NULL,'隆子县','0893',3,1,NULL,'540500'),('540530',NULL,NULL,NULL,NULL,NULL,'错那县','0893',3,1,NULL,'540500'),('540531',NULL,NULL,NULL,NULL,NULL,'浪卡子县','0893',3,1,NULL,'540500'),('542400',NULL,NULL,NULL,NULL,NULL,'那曲地区',NULL,2,1,NULL,'540000'),('542421',NULL,NULL,NULL,NULL,NULL,'那曲县','0896',3,1,NULL,'542400'),('542422',NULL,NULL,NULL,NULL,NULL,'嘉黎县','0896',3,1,NULL,'542400'),('542423',NULL,NULL,NULL,NULL,NULL,'比如县','0896',3,1,NULL,'542400'),('542424',NULL,NULL,NULL,NULL,NULL,'聂荣县','0896',3,1,NULL,'542400'),('542425',NULL,NULL,NULL,NULL,NULL,'安多县','0896',3,1,NULL,'542400'),('542426',NULL,NULL,NULL,NULL,NULL,'申扎县','0896',3,1,NULL,'542400'),('542427',NULL,NULL,NULL,NULL,NULL,'索县','0896',3,1,NULL,'542400'),('542428',NULL,NULL,NULL,NULL,NULL,'班戈县','0896',3,1,NULL,'542400'),('542429',NULL,NULL,NULL,NULL,NULL,'巴青县','0896',3,1,NULL,'542400'),('542430',NULL,NULL,NULL,NULL,NULL,'尼玛县','0896',3,1,NULL,'542400'),('542431',NULL,NULL,NULL,NULL,NULL,'双湖县','0896',3,1,NULL,'542400'),('542500',NULL,NULL,NULL,NULL,NULL,'阿里地区','0897',2,1,NULL,'540000'),('542521',NULL,NULL,NULL,NULL,NULL,'普兰县','0897',3,1,NULL,'542500'),('542522',NULL,NULL,NULL,NULL,NULL,'札达县','0897',3,1,NULL,'542500'),('542523',NULL,NULL,NULL,NULL,NULL,'噶尔县','0897',3,1,NULL,'542500'),('542524',NULL,NULL,NULL,NULL,NULL,'日土县','0897',3,1,NULL,'542500'),('542525',NULL,NULL,NULL,NULL,NULL,'革吉县','0897',3,1,NULL,'542500'),('542526',NULL,NULL,NULL,NULL,NULL,'改则县','0897',3,1,NULL,'542500'),('542527',NULL,NULL,NULL,NULL,NULL,'措勤县','0897',3,1,NULL,'542500'),('610000',NULL,NULL,NULL,NULL,NULL,'陕西省',NULL,1,1,NULL,NULL),('610100',NULL,NULL,NULL,NULL,NULL,'西安市','029',2,1,NULL,'610000'),('610102',NULL,NULL,NULL,NULL,NULL,'新城区','029',3,1,NULL,'610100'),('610103',NULL,NULL,NULL,NULL,NULL,'碑林区','029',3,1,NULL,'610100'),('610104',NULL,NULL,NULL,NULL,NULL,'莲湖区','029',3,1,NULL,'610100'),('610111',NULL,NULL,NULL,NULL,NULL,'灞桥区','029',3,1,NULL,'610100'),('610112',NULL,NULL,NULL,NULL,NULL,'未央区','029',3,1,NULL,'610100'),('610113',NULL,NULL,NULL,NULL,NULL,'雁塔区','029',3,1,NULL,'610100'),('610114',NULL,NULL,NULL,NULL,NULL,'阎良区','029',3,1,NULL,'610100'),('610115',NULL,NULL,NULL,NULL,NULL,'临潼区','029',3,1,NULL,'610100'),('610116',NULL,NULL,NULL,NULL,NULL,'长安区','029',3,1,NULL,'610100'),('610117',NULL,NULL,NULL,NULL,NULL,'高陵区','029',3,1,NULL,'610100'),('610122',NULL,NULL,NULL,NULL,NULL,'蓝田县','029',3,1,NULL,'610100'),('610124',NULL,NULL,NULL,NULL,NULL,'周至县','029',3,1,NULL,'610100'),('610125',NULL,NULL,NULL,NULL,NULL,'户县','029',3,1,NULL,'610100'),('610200',NULL,NULL,NULL,NULL,NULL,'铜川市','0919',2,1,NULL,'610000'),('610202',NULL,NULL,NULL,NULL,NULL,'王益区','0919',3,1,NULL,'610200'),('610203',NULL,NULL,NULL,NULL,NULL,'印台区','0919',3,1,NULL,'610200'),('610204',NULL,NULL,NULL,NULL,NULL,'耀州区','0919',3,1,NULL,'610200'),('610222',NULL,NULL,NULL,NULL,NULL,'宜君县','0919',3,1,NULL,'610200'),('610300',NULL,NULL,NULL,NULL,NULL,'宝鸡市','0917',2,1,NULL,'610000'),('610302',NULL,NULL,NULL,NULL,NULL,'渭滨区','0917',3,1,NULL,'610300'),('610303',NULL,NULL,NULL,NULL,NULL,'金台区','0917',3,1,NULL,'610300'),('610304',NULL,NULL,NULL,NULL,NULL,'陈仓区','0917',3,1,NULL,'610300'),('610322',NULL,NULL,NULL,NULL,NULL,'凤翔县','0917',3,1,NULL,'610300'),('610323',NULL,NULL,NULL,NULL,NULL,'岐山县','0917',3,1,NULL,'610300'),('610324',NULL,NULL,NULL,NULL,NULL,'扶风县','0917',3,1,NULL,'610300'),('610326',NULL,NULL,NULL,NULL,NULL,'眉县','0917',3,1,NULL,'610300'),('610327',NULL,NULL,NULL,NULL,NULL,'陇县','0917',3,1,NULL,'610300'),('610328',NULL,NULL,NULL,NULL,NULL,'千阳县','0917',3,1,NULL,'610300'),('610329',NULL,NULL,NULL,NULL,NULL,'麟游县','0917',3,1,NULL,'610300'),('610330',NULL,NULL,NULL,NULL,NULL,'凤县','0917',3,1,NULL,'610300'),('610331',NULL,NULL,NULL,NULL,NULL,'太白县','0917',3,1,NULL,'610300'),('610400',NULL,NULL,NULL,NULL,NULL,'咸阳市','0910',2,1,NULL,'610000'),('610402',NULL,NULL,NULL,NULL,NULL,'秦都区','0910',3,1,NULL,'610400'),('610403',NULL,NULL,NULL,NULL,NULL,'杨陵区','0910',3,1,NULL,'610400'),('610404',NULL,NULL,NULL,NULL,NULL,'渭城区','0910',3,1,NULL,'610400'),('610422',NULL,NULL,NULL,NULL,NULL,'三原县','0910',3,1,NULL,'610400'),('610423',NULL,NULL,NULL,NULL,NULL,'泾阳县','0910',3,1,NULL,'610400'),('610424',NULL,NULL,NULL,NULL,NULL,'乾县','0910',3,1,NULL,'610400'),('610425',NULL,NULL,NULL,NULL,NULL,'礼泉县','0910',3,1,NULL,'610400'),('610426',NULL,NULL,NULL,NULL,NULL,'永寿县','0910',3,1,NULL,'610400'),('610427',NULL,NULL,NULL,NULL,NULL,'彬县','0910',3,1,NULL,'610400'),('610428',NULL,NULL,NULL,NULL,NULL,'长武县','0910',3,1,NULL,'610400'),('610429',NULL,NULL,NULL,NULL,NULL,'旬邑县','0910',3,1,NULL,'610400'),('610430',NULL,NULL,NULL,NULL,NULL,'淳化县','0910',3,1,NULL,'610400'),('610431',NULL,NULL,NULL,NULL,NULL,'武功县','0910',3,1,NULL,'610400'),('610481',NULL,NULL,NULL,NULL,NULL,'兴平市','0910',3,1,NULL,'610400'),('610500',NULL,NULL,NULL,NULL,NULL,'渭南市','0913',2,1,NULL,'610000'),('610502',NULL,NULL,NULL,NULL,NULL,'临渭区','0913',3,1,NULL,'610500'),('610503',NULL,NULL,NULL,NULL,NULL,'华州区','0913',3,1,NULL,'610500'),('610522',NULL,NULL,NULL,NULL,NULL,'潼关县','0913',3,1,NULL,'610500'),('610523',NULL,NULL,NULL,NULL,NULL,'大荔县','0913',3,1,NULL,'610500'),('610524',NULL,NULL,NULL,NULL,NULL,'合阳县','0913',3,1,NULL,'610500'),('610525',NULL,NULL,NULL,NULL,NULL,'澄城县','0913',3,1,NULL,'610500'),('610526',NULL,NULL,NULL,NULL,NULL,'蒲城县','0913',3,1,NULL,'610500'),('610527',NULL,NULL,NULL,NULL,NULL,'白水县','0913',3,1,NULL,'610500'),('610528',NULL,NULL,NULL,NULL,NULL,'富平县','0913',3,1,NULL,'610500'),('610581',NULL,NULL,NULL,NULL,NULL,'韩城市','0913',3,1,NULL,'610500'),('610582',NULL,NULL,NULL,NULL,NULL,'华阴市','0913',3,1,NULL,'610500'),('610600',NULL,NULL,NULL,NULL,NULL,'延安市','0911',2,1,NULL,'610000'),('610602',NULL,NULL,NULL,NULL,NULL,'宝塔区','0911',3,1,NULL,'610600'),('610603',NULL,NULL,NULL,NULL,NULL,'安塞区','0911',3,1,NULL,'610600'),('610621',NULL,NULL,NULL,NULL,NULL,'延长县','0911',3,1,NULL,'610600'),('610622',NULL,NULL,NULL,NULL,NULL,'延川县','0911',3,1,NULL,'610600'),('610623',NULL,NULL,NULL,NULL,NULL,'子长县','0911',3,1,NULL,'610600'),('610625',NULL,NULL,NULL,NULL,NULL,'志丹县','0911',3,1,NULL,'610600'),('610626',NULL,NULL,NULL,NULL,NULL,'吴起县','0911',3,1,NULL,'610600'),('610627',NULL,NULL,NULL,NULL,NULL,'甘泉县','0911',3,1,NULL,'610600'),('610628',NULL,NULL,NULL,NULL,NULL,'富县','0911',3,1,NULL,'610600'),('610629',NULL,NULL,NULL,NULL,NULL,'洛川县','0911',3,1,NULL,'610600'),('610630',NULL,NULL,NULL,NULL,NULL,'宜川县','0911',3,1,NULL,'610600'),('610631',NULL,NULL,NULL,NULL,NULL,'黄龙县','0911',3,1,NULL,'610600'),('610632',NULL,NULL,NULL,NULL,NULL,'黄陵县','0911',3,1,NULL,'610600'),('610700',NULL,NULL,NULL,NULL,NULL,'汉中市','0916',2,1,NULL,'610000'),('610702',NULL,NULL,NULL,NULL,NULL,'汉台区','0916',3,1,NULL,'610700'),('610721',NULL,NULL,NULL,NULL,NULL,'南郑县','0916',3,1,NULL,'610700'),('610722',NULL,NULL,NULL,NULL,NULL,'城固县','0916',3,1,NULL,'610700'),('610723',NULL,NULL,NULL,NULL,NULL,'洋县','0916',3,1,NULL,'610700'),('610724',NULL,NULL,NULL,NULL,NULL,'西乡县','0916',3,1,NULL,'610700'),('610725',NULL,NULL,NULL,NULL,NULL,'勉县','0916',3,1,NULL,'610700'),('610726',NULL,NULL,NULL,NULL,NULL,'宁强县','0916',3,1,NULL,'610700'),('610727',NULL,NULL,NULL,NULL,NULL,'略阳县','0916',3,1,NULL,'610700'),('610728',NULL,NULL,NULL,NULL,NULL,'镇巴县','0916',3,1,NULL,'610700'),('610729',NULL,NULL,NULL,NULL,NULL,'留坝县','0916',3,1,NULL,'610700'),('610730',NULL,NULL,NULL,NULL,NULL,'佛坪县','0916',3,1,NULL,'610700'),('610800',NULL,NULL,NULL,NULL,NULL,'榆林市','0912',2,1,NULL,'610000'),('610802',NULL,NULL,NULL,NULL,NULL,'榆阳区','0912',3,1,NULL,'610800'),('610803',NULL,NULL,NULL,NULL,NULL,'横山区','0912',3,1,NULL,'610800'),('610821',NULL,NULL,NULL,NULL,NULL,'神木县','0912',3,1,NULL,'610800'),('610822',NULL,NULL,NULL,NULL,NULL,'府谷县','0912',3,1,NULL,'610800'),('610824',NULL,NULL,NULL,NULL,NULL,'靖边县','0912',3,1,NULL,'610800'),('610825',NULL,NULL,NULL,NULL,NULL,'定边县','0912',3,1,NULL,'610800'),('610826',NULL,NULL,NULL,NULL,NULL,'绥德县','0912',3,1,NULL,'610800'),('610827',NULL,NULL,NULL,NULL,NULL,'米脂县','0912',3,1,NULL,'610800'),('610828',NULL,NULL,NULL,NULL,NULL,'佳县','0912',3,1,NULL,'610800'),('610829',NULL,NULL,NULL,NULL,NULL,'吴堡县','0912',3,1,NULL,'610800'),('610830',NULL,NULL,NULL,NULL,NULL,'清涧县','0912',3,1,NULL,'610800'),('610831',NULL,NULL,NULL,NULL,NULL,'子洲县','0912',3,1,NULL,'610800'),('610900',NULL,NULL,NULL,NULL,NULL,'安康市','0915',2,1,NULL,'610000'),('610902',NULL,NULL,NULL,NULL,NULL,'汉滨区','0915',3,1,NULL,'610900'),('610921',NULL,NULL,NULL,NULL,NULL,'汉阴县','0915',3,1,NULL,'610900'),('610922',NULL,NULL,NULL,NULL,NULL,'石泉县','0915',3,1,NULL,'610900'),('610923',NULL,NULL,NULL,NULL,NULL,'宁陕县','0915',3,1,NULL,'610900'),('610924',NULL,NULL,NULL,NULL,NULL,'紫阳县','0915',3,1,NULL,'610900'),('610925',NULL,NULL,NULL,NULL,NULL,'岚皋县','0915',3,1,NULL,'610900'),('610926',NULL,NULL,NULL,NULL,NULL,'平利县','0915',3,1,NULL,'610900'),('610927',NULL,NULL,NULL,NULL,NULL,'镇坪县','0915',3,1,NULL,'610900'),('610928',NULL,NULL,NULL,NULL,NULL,'旬阳县','0915',3,1,NULL,'610900'),('610929',NULL,NULL,NULL,NULL,NULL,'白河县','0915',3,1,NULL,'610900'),('611000',NULL,NULL,NULL,NULL,NULL,'商洛市','0914',2,1,NULL,'610000'),('611002',NULL,NULL,NULL,NULL,NULL,'商州区','0914',3,1,NULL,'611000'),('611021',NULL,NULL,NULL,NULL,NULL,'洛南县','0914',3,1,NULL,'611000'),('611022',NULL,NULL,NULL,NULL,NULL,'丹凤县','0914',3,1,NULL,'611000'),('611023',NULL,NULL,NULL,NULL,NULL,'商南县','0914',3,1,NULL,'611000'),('611024',NULL,NULL,NULL,NULL,NULL,'山阳县','0914',3,1,NULL,'611000'),('611025',NULL,NULL,NULL,NULL,NULL,'镇安县','0914',3,1,NULL,'611000'),('611026',NULL,NULL,NULL,NULL,NULL,'柞水县','0914',3,1,NULL,'611000'),('620000',NULL,NULL,NULL,NULL,NULL,'甘肃省',NULL,1,1,NULL,NULL),('620100',NULL,NULL,NULL,NULL,NULL,'兰州市','0931',2,1,NULL,'620000'),('620102',NULL,NULL,NULL,NULL,NULL,'城关区','0931',3,1,NULL,'620100'),('620103',NULL,NULL,NULL,NULL,NULL,'七里河区','0931',3,1,NULL,'620100'),('620104',NULL,NULL,NULL,NULL,NULL,'西固区','0931',3,1,NULL,'620100'),('620105',NULL,NULL,NULL,NULL,NULL,'安宁区','0931',3,1,NULL,'620100'),('620111',NULL,NULL,NULL,NULL,NULL,'红古区','0931',3,1,NULL,'620100'),('620121',NULL,NULL,NULL,NULL,NULL,'永登县','0931',3,1,NULL,'620100'),('620122',NULL,NULL,NULL,NULL,NULL,'皋兰县','0931',3,1,NULL,'620100'),('620123',NULL,NULL,NULL,NULL,NULL,'榆中县','0931',3,1,NULL,'620100'),('620200',NULL,NULL,NULL,NULL,NULL,'嘉峪关市','1937',3,1,NULL,'620000'),('620300',NULL,NULL,NULL,NULL,NULL,'金昌市','0935',2,1,NULL,'620000'),('620302',NULL,NULL,NULL,NULL,NULL,'金川区','0935',3,1,NULL,'620300'),('620321',NULL,NULL,NULL,NULL,NULL,'永昌县','0935',3,1,NULL,'620300'),('620400',NULL,NULL,NULL,NULL,NULL,'白银市','0943',2,1,NULL,'620000'),('620402',NULL,NULL,NULL,NULL,NULL,'白银区','0943',3,1,NULL,'620400'),('620403',NULL,NULL,NULL,NULL,NULL,'平川区','0943',3,1,NULL,'620400'),('620421',NULL,NULL,NULL,NULL,NULL,'靖远县','0943',3,1,NULL,'620400'),('620422',NULL,NULL,NULL,NULL,NULL,'会宁县','0943',3,1,NULL,'620400'),('620423',NULL,NULL,NULL,NULL,NULL,'景泰县','0943',3,1,NULL,'620400'),('620500',NULL,NULL,NULL,NULL,NULL,'天水市','0938',2,1,NULL,'620000'),('620502',NULL,NULL,NULL,NULL,NULL,'秦州区','0938',3,1,NULL,'620500'),('620503',NULL,NULL,NULL,NULL,NULL,'麦积区','0938',3,1,NULL,'620500'),('620521',NULL,NULL,NULL,NULL,NULL,'清水县','0938',3,1,NULL,'620500'),('620522',NULL,NULL,NULL,NULL,NULL,'秦安县','0938',3,1,NULL,'620500'),('620523',NULL,NULL,NULL,NULL,NULL,'甘谷县','0938',3,1,NULL,'620500'),('620524',NULL,NULL,NULL,NULL,NULL,'武山县','0938',3,1,NULL,'620500'),('620525',NULL,NULL,NULL,NULL,NULL,'张家川回族自治县','0938',3,1,NULL,'620500'),('620600',NULL,NULL,NULL,NULL,NULL,'武威市','1935',2,1,NULL,'620000'),('620602',NULL,NULL,NULL,NULL,NULL,'凉州区','1935',3,1,NULL,'620600'),('620621',NULL,NULL,NULL,NULL,NULL,'民勤县','1935',3,1,NULL,'620600'),('620622',NULL,NULL,NULL,NULL,NULL,'古浪县','1935',3,1,NULL,'620600'),('620623',NULL,NULL,NULL,NULL,NULL,'天祝藏族自治县','1935',3,1,NULL,'620600'),('620700',NULL,NULL,NULL,NULL,NULL,'张掖市','0936',2,1,NULL,'620000'),('620702',NULL,NULL,NULL,NULL,NULL,'甘州区','0936',3,1,NULL,'620700'),('620721',NULL,NULL,NULL,NULL,NULL,'肃南裕固族自治县','0936',3,1,NULL,'620700'),('620722',NULL,NULL,NULL,NULL,NULL,'民乐县','0936',3,1,NULL,'620700'),('620723',NULL,NULL,NULL,NULL,NULL,'临泽县','0936',3,1,NULL,'620700'),('620724',NULL,NULL,NULL,NULL,NULL,'高台县','0936',3,1,NULL,'620700'),('620725',NULL,NULL,NULL,NULL,NULL,'山丹县','0936',3,1,NULL,'620700'),('620800',NULL,NULL,NULL,NULL,NULL,'平凉市','0933',2,1,NULL,'620000'),('620802',NULL,NULL,NULL,NULL,NULL,'崆峒区','0933',3,1,NULL,'620800'),('620821',NULL,NULL,NULL,NULL,NULL,'泾川县','0933',3,1,NULL,'620800'),('620822',NULL,NULL,NULL,NULL,NULL,'灵台县','0933',3,1,NULL,'620800'),('620823',NULL,NULL,NULL,NULL,NULL,'崇信县','0933',3,1,NULL,'620800'),('620824',NULL,NULL,NULL,NULL,NULL,'华亭县','0933',3,1,NULL,'620800'),('620825',NULL,NULL,NULL,NULL,NULL,'庄浪县','0933',3,1,NULL,'620800'),('620826',NULL,NULL,NULL,NULL,NULL,'静宁县','0933',3,1,NULL,'620800'),('620900',NULL,NULL,NULL,NULL,NULL,'酒泉市','0937',2,1,NULL,'620000'),('620902',NULL,NULL,NULL,NULL,NULL,'肃州区','0937',3,1,NULL,'620900'),('620921',NULL,NULL,NULL,NULL,NULL,'金塔县','0937',3,1,NULL,'620900'),('620922',NULL,NULL,NULL,NULL,NULL,'瓜州县','0937',3,1,NULL,'620900'),('620923',NULL,NULL,NULL,NULL,NULL,'肃北蒙古族自治县','0937',3,1,NULL,'620900'),('620924',NULL,NULL,NULL,NULL,NULL,'阿克塞哈萨克族自治县','0937',3,1,NULL,'620900'),('620981',NULL,NULL,NULL,NULL,NULL,'玉门市','0937',3,1,NULL,'620900'),('620982',NULL,NULL,NULL,NULL,NULL,'敦煌市','0937',3,1,NULL,'620900'),('621000',NULL,NULL,NULL,NULL,NULL,'庆阳市','0934',2,1,NULL,'620000'),('621002',NULL,NULL,NULL,NULL,NULL,'西峰区','0934',3,1,NULL,'621000'),('621021',NULL,NULL,NULL,NULL,NULL,'庆城县','0934',3,1,NULL,'621000'),('621022',NULL,NULL,NULL,NULL,NULL,'环县','0934',3,1,NULL,'621000'),('621023',NULL,NULL,NULL,NULL,NULL,'华池县','0934',3,1,NULL,'621000'),('621024',NULL,NULL,NULL,NULL,NULL,'合水县','0934',3,1,NULL,'621000'),('621025',NULL,NULL,NULL,NULL,NULL,'正宁县','0934',3,1,NULL,'621000'),('621026',NULL,NULL,NULL,NULL,NULL,'宁县','0934',3,1,NULL,'621000'),('621027',NULL,NULL,NULL,NULL,NULL,'镇原县','0934',3,1,NULL,'621000'),('621100',NULL,NULL,NULL,NULL,NULL,'定西市','0932',2,1,NULL,'620000'),('621102',NULL,NULL,NULL,NULL,NULL,'安定区','0932',3,1,NULL,'621100'),('621121',NULL,NULL,NULL,NULL,NULL,'通渭县','0932',3,1,NULL,'621100'),('621122',NULL,NULL,NULL,NULL,NULL,'陇西县','0932',3,1,NULL,'621100'),('621123',NULL,NULL,NULL,NULL,NULL,'渭源县','0932',3,1,NULL,'621100'),('621124',NULL,NULL,NULL,NULL,NULL,'临洮县','0932',3,1,NULL,'621100'),('621125',NULL,NULL,NULL,NULL,NULL,'漳县','0932',3,1,NULL,'621100'),('621126',NULL,NULL,NULL,NULL,NULL,'岷县','0932',3,1,NULL,'621100'),('621200',NULL,NULL,NULL,NULL,NULL,'陇南市','2935',2,1,NULL,'620000'),('621202',NULL,NULL,NULL,NULL,NULL,'武都区','2935',3,1,NULL,'621200'),('621221',NULL,NULL,NULL,NULL,NULL,'成县','2935',3,1,NULL,'621200'),('621222',NULL,NULL,NULL,NULL,NULL,'文县','2935',3,1,NULL,'621200'),('621223',NULL,NULL,NULL,NULL,NULL,'宕昌县','2935',3,1,NULL,'621200'),('621224',NULL,NULL,NULL,NULL,NULL,'康县','2935',3,1,NULL,'621200'),('621225',NULL,NULL,NULL,NULL,NULL,'西和县','2935',3,1,NULL,'621200'),('621226',NULL,NULL,NULL,NULL,NULL,'礼县','2935',3,1,NULL,'621200'),('621227',NULL,NULL,NULL,NULL,NULL,'徽县','2935',3,1,NULL,'621200'),('621228',NULL,NULL,NULL,NULL,NULL,'两当县','2935',3,1,NULL,'621200'),('622900',NULL,NULL,NULL,NULL,NULL,'临夏回族自治州','0930',2,1,NULL,'620000'),('622901',NULL,NULL,NULL,NULL,NULL,'临夏市','0930',3,1,NULL,'622900'),('622921',NULL,NULL,NULL,NULL,NULL,'临夏县','0930',3,1,NULL,'622900'),('622922',NULL,NULL,NULL,NULL,NULL,'康乐县','0930',3,1,NULL,'622900'),('622923',NULL,NULL,NULL,NULL,NULL,'永靖县','0930',3,1,NULL,'622900'),('622924',NULL,NULL,NULL,NULL,NULL,'广河县','0930',3,1,NULL,'622900'),('622925',NULL,NULL,NULL,NULL,NULL,'和政县','0930',3,1,NULL,'622900'),('622926',NULL,NULL,NULL,NULL,NULL,'东乡族自治县','0930',3,1,NULL,'622900'),('622927',NULL,NULL,NULL,NULL,NULL,'积石山保安族东乡族撒拉族自治县','0930',3,1,NULL,'622900'),('623000',NULL,NULL,NULL,NULL,NULL,'甘南藏族自治州','0941',2,1,NULL,'620000'),('623001',NULL,NULL,NULL,NULL,NULL,'合作市','0941',3,1,NULL,'623000'),('623021',NULL,NULL,NULL,NULL,NULL,'临潭县','0941',3,1,NULL,'623000'),('623022',NULL,NULL,NULL,NULL,NULL,'卓尼县','0941',3,1,NULL,'623000'),('623023',NULL,NULL,NULL,NULL,NULL,'舟曲县','0941',3,1,NULL,'623000'),('623024',NULL,NULL,NULL,NULL,NULL,'迭部县','0941',3,1,NULL,'623000'),('623025',NULL,NULL,NULL,NULL,NULL,'玛曲县','0941',3,1,NULL,'623000'),('623026',NULL,NULL,NULL,NULL,NULL,'碌曲县','0941',3,1,NULL,'623000'),('623027',NULL,NULL,NULL,NULL,NULL,'夏河县','0941',3,1,NULL,'623000'),('630000',NULL,NULL,NULL,NULL,NULL,'青海省',NULL,1,1,NULL,NULL),('630100',NULL,NULL,NULL,NULL,NULL,'西宁市','0971',2,1,NULL,'630000'),('630102',NULL,NULL,NULL,NULL,NULL,'城东区','0971',3,1,NULL,'630100'),('630103',NULL,NULL,NULL,NULL,NULL,'城中区','0971',3,1,NULL,'630100'),('630104',NULL,NULL,NULL,NULL,NULL,'城西区','0971',3,1,NULL,'630100'),('630105',NULL,NULL,NULL,NULL,NULL,'城北区','0971',3,1,NULL,'630100'),('630121',NULL,NULL,NULL,NULL,NULL,'大通回族土族自治县','0971',3,1,NULL,'630100'),('630122',NULL,NULL,NULL,NULL,NULL,'湟中县','0971',3,1,NULL,'630100'),('630123',NULL,NULL,NULL,NULL,NULL,'湟源县','0971',3,1,NULL,'630100'),('630200',NULL,NULL,NULL,NULL,NULL,'海东市','0972',2,1,NULL,'630000'),('630202',NULL,NULL,NULL,NULL,NULL,'乐都区','0972',3,1,NULL,'630200'),('630203',NULL,NULL,NULL,NULL,NULL,'平安区','0972',3,1,NULL,'630200'),('630222',NULL,NULL,NULL,NULL,NULL,'民和回族土族自治县','0972',3,1,NULL,'630200'),('630223',NULL,NULL,NULL,NULL,NULL,'互助土族自治县','0972',3,1,NULL,'630200'),('630224',NULL,NULL,NULL,NULL,NULL,'化隆回族自治县','0972',3,1,NULL,'630200'),('630225',NULL,NULL,NULL,NULL,NULL,'循化撒拉族自治县','0972',3,1,NULL,'630200'),('632200',NULL,NULL,NULL,NULL,NULL,'海北藏族自治州','0970',2,1,NULL,'630000'),('632221',NULL,NULL,NULL,NULL,NULL,'门源回族自治县','0970',3,1,NULL,'632200'),('632222',NULL,NULL,NULL,NULL,NULL,'祁连县','0970',3,1,NULL,'632200'),('632223',NULL,NULL,NULL,NULL,NULL,'海晏县','0970',3,1,NULL,'632200'),('632224',NULL,NULL,NULL,NULL,NULL,'刚察县','0970',3,1,NULL,'632200');
REPLACE INTO `tb_areas` VALUES ('632300',NULL,NULL,NULL,NULL,NULL,'黄南藏族自治州','0973',2,1,NULL,'630000'),('632321',NULL,NULL,NULL,NULL,NULL,'同仁县','0973',3,1,NULL,'632300'),('632322',NULL,NULL,NULL,NULL,NULL,'尖扎县','0973',3,1,NULL,'632300'),('632323',NULL,NULL,NULL,NULL,NULL,'泽库县','0973',3,1,NULL,'632300'),('632324',NULL,NULL,NULL,NULL,NULL,'河南蒙古族自治县','0973',3,1,NULL,'632300'),('632500',NULL,NULL,NULL,NULL,NULL,'海南藏族自治州','0974',2,1,NULL,'630000'),('632521',NULL,NULL,NULL,NULL,NULL,'共和县','0974',3,1,NULL,'632500'),('632522',NULL,NULL,NULL,NULL,NULL,'同德县','0974',3,1,NULL,'632500'),('632523',NULL,NULL,NULL,NULL,NULL,'贵德县','0974',3,1,NULL,'632500'),('632524',NULL,NULL,NULL,NULL,NULL,'兴海县','0974',3,1,NULL,'632500'),('632525',NULL,NULL,NULL,NULL,NULL,'贵南县','0974',3,1,NULL,'632500'),('632600',NULL,NULL,NULL,NULL,NULL,'果洛藏族自治州','0975',2,1,NULL,'630000'),('632621',NULL,NULL,NULL,NULL,NULL,'玛沁县','0975',3,1,NULL,'632600'),('632622',NULL,NULL,NULL,NULL,NULL,'班玛县','0975',3,1,NULL,'632600'),('632623',NULL,NULL,NULL,NULL,NULL,'甘德县','0975',3,1,NULL,'632600'),('632624',NULL,NULL,NULL,NULL,NULL,'达日县','0975',3,1,NULL,'632600'),('632625',NULL,NULL,NULL,NULL,NULL,'久治县','0975',3,1,NULL,'632600'),('632626',NULL,NULL,NULL,NULL,NULL,'玛多县','0975',3,1,NULL,'632600'),('632700',NULL,NULL,NULL,NULL,NULL,'玉树藏族自治州','0976',2,1,NULL,'630000'),('632701',NULL,NULL,NULL,NULL,NULL,'玉树市','0976',3,1,NULL,'632700'),('632722',NULL,NULL,NULL,NULL,NULL,'杂多县','0976',3,1,NULL,'632700'),('632723',NULL,NULL,NULL,NULL,NULL,'称多县','0976',3,1,NULL,'632700'),('632724',NULL,NULL,NULL,NULL,NULL,'治多县','0976',3,1,NULL,'632700'),('632725',NULL,NULL,NULL,NULL,NULL,'囊谦县','0976',3,1,NULL,'632700'),('632726',NULL,NULL,NULL,NULL,NULL,'曲麻莱县','0976',3,1,NULL,'632700'),('632800',NULL,NULL,NULL,NULL,NULL,'海西蒙古族藏族自治州','0977',2,1,NULL,'630000'),('632801',NULL,NULL,NULL,NULL,NULL,'格尔木市','0977',3,1,NULL,'632800'),('632802',NULL,NULL,NULL,NULL,NULL,'德令哈市','0977',3,1,NULL,'632800'),('632821',NULL,NULL,NULL,NULL,NULL,'乌兰县','0977',3,1,NULL,'632800'),('632822',NULL,NULL,NULL,NULL,NULL,'都兰县','0977',3,1,NULL,'632800'),('632823',NULL,NULL,NULL,NULL,NULL,'天峻县','0977',3,1,NULL,'632800'),('640000',NULL,NULL,NULL,NULL,NULL,'宁夏回族自治区',NULL,1,1,NULL,NULL),('640100',NULL,NULL,NULL,NULL,NULL,'银川市','0951',2,1,NULL,'640000'),('640104',NULL,NULL,NULL,NULL,NULL,'兴庆区','0951',3,1,NULL,'640100'),('640105',NULL,NULL,NULL,NULL,NULL,'西夏区','0951',3,1,NULL,'640100'),('640106',NULL,NULL,NULL,NULL,NULL,'金凤区','0951',3,1,NULL,'640100'),('640121',NULL,NULL,NULL,NULL,NULL,'永宁县','0951',3,1,NULL,'640100'),('640122',NULL,NULL,NULL,NULL,NULL,'贺兰县','0951',3,1,NULL,'640100'),('640181',NULL,NULL,NULL,NULL,NULL,'灵武市','0951',3,1,NULL,'640100'),('640200',NULL,NULL,NULL,NULL,NULL,'石嘴山市','0952',2,1,NULL,'640000'),('640202',NULL,NULL,NULL,NULL,NULL,'大武口区','0952',3,1,NULL,'640200'),('640205',NULL,NULL,NULL,NULL,NULL,'惠农区','0952',3,1,NULL,'640200'),('640221',NULL,NULL,NULL,NULL,NULL,'平罗县','0952',3,1,NULL,'640200'),('640300',NULL,NULL,NULL,NULL,NULL,'吴忠市','0953',2,1,NULL,'640000'),('640302',NULL,NULL,NULL,NULL,NULL,'利通区','0953',3,1,NULL,'640300'),('640303',NULL,NULL,NULL,NULL,NULL,'红寺堡区','0953',3,1,NULL,'640300'),('640323',NULL,NULL,NULL,NULL,NULL,'盐池县','0953',3,1,NULL,'640300'),('640324',NULL,NULL,NULL,NULL,NULL,'同心县','0953',3,1,NULL,'640300'),('640381',NULL,NULL,NULL,NULL,NULL,'青铜峡市','0953',3,1,NULL,'640300'),('640400',NULL,NULL,NULL,NULL,NULL,'固原市','0954',2,1,NULL,'640000'),('640402',NULL,NULL,NULL,NULL,NULL,'原州区','0954',3,1,NULL,'640400'),('640422',NULL,NULL,NULL,NULL,NULL,'西吉县','0954',3,1,NULL,'640400'),('640423',NULL,NULL,NULL,NULL,NULL,'隆德县','0954',3,1,NULL,'640400'),('640424',NULL,NULL,NULL,NULL,NULL,'泾源县','0954',3,1,NULL,'640400'),('640425',NULL,NULL,NULL,NULL,NULL,'彭阳县','0954',3,1,NULL,'640400'),('640500',NULL,NULL,NULL,NULL,NULL,'中卫市','1953',2,1,NULL,'640000'),('640502',NULL,NULL,NULL,NULL,NULL,'沙坡头区','1953',3,1,NULL,'640500'),('640521',NULL,NULL,NULL,NULL,NULL,'中宁县','1953',3,1,NULL,'640500'),('640522',NULL,NULL,NULL,NULL,NULL,'海原县','1953',3,1,NULL,'640500'),('650000',NULL,NULL,NULL,NULL,NULL,'新疆维吾尔自治区',NULL,1,1,NULL,NULL),('650100',NULL,NULL,NULL,NULL,NULL,'乌鲁木齐市','0991',2,1,NULL,'650000'),('650102',NULL,NULL,NULL,NULL,NULL,'天山区','0991',3,1,NULL,'650100'),('650103',NULL,NULL,NULL,NULL,NULL,'沙依巴克区','0991',3,1,NULL,'650100'),('650104',NULL,NULL,NULL,NULL,NULL,'新市区','0991',3,1,NULL,'650100'),('650105',NULL,NULL,NULL,NULL,NULL,'水磨沟区','0991',3,1,NULL,'650100'),('650106',NULL,NULL,NULL,NULL,NULL,'头屯河区','0991',3,1,NULL,'650100'),('650107',NULL,NULL,NULL,NULL,NULL,'达坂城区','0991',3,1,NULL,'650100'),('650109',NULL,NULL,NULL,NULL,NULL,'米东区','0991',3,1,NULL,'650100'),('650121',NULL,NULL,NULL,NULL,NULL,'乌鲁木齐县','0991',3,1,NULL,'650100'),('650200',NULL,NULL,NULL,NULL,NULL,'克拉玛依市','0990',2,1,NULL,'650000'),('650202',NULL,NULL,NULL,NULL,NULL,'独山子区','0990',3,1,NULL,'650200'),('650203',NULL,NULL,NULL,NULL,NULL,'克拉玛依区','0990',3,1,NULL,'650200'),('650204',NULL,NULL,NULL,NULL,NULL,'白碱滩区','0990',3,1,NULL,'650200'),('650205',NULL,NULL,NULL,NULL,NULL,'乌尔禾区','0990',3,1,NULL,'650200'),('650400',NULL,NULL,NULL,NULL,NULL,'吐鲁番市','0995',2,1,NULL,'650000'),('650402',NULL,NULL,NULL,NULL,NULL,'高昌区','0995',3,1,NULL,'650400'),('650421',NULL,NULL,NULL,NULL,NULL,'鄯善县','0995',3,1,NULL,'650400'),('650422',NULL,NULL,NULL,NULL,NULL,'托克逊县','0995',3,1,NULL,'650400'),('650500',NULL,NULL,NULL,NULL,NULL,'哈密市','0902',2,1,NULL,'650000'),('650502',NULL,NULL,NULL,NULL,NULL,'伊州区','0902',3,1,NULL,'650500'),('650521',NULL,NULL,NULL,NULL,NULL,'巴里坤哈萨克自治县','0902',3,1,NULL,'650500'),('650522',NULL,NULL,NULL,NULL,NULL,'伊吾县','0902',3,1,NULL,'650500'),('652300',NULL,NULL,NULL,NULL,NULL,'昌吉回族自治州','0994',2,1,NULL,'650000'),('652301',NULL,NULL,NULL,NULL,NULL,'昌吉市','0994',3,1,NULL,'652300'),('652302',NULL,NULL,NULL,NULL,NULL,'阜康市','0994',3,1,NULL,'652300'),('652323',NULL,NULL,NULL,NULL,NULL,'呼图壁县','0994',3,1,NULL,'652300'),('652324',NULL,NULL,NULL,NULL,NULL,'玛纳斯县','0994',3,1,NULL,'652300'),('652325',NULL,NULL,NULL,NULL,NULL,'奇台县','0994',3,1,NULL,'652300'),('652327',NULL,NULL,NULL,NULL,NULL,'吉木萨尔县','0994',3,1,NULL,'652300'),('652328',NULL,NULL,NULL,NULL,NULL,'木垒哈萨克自治县','0994',3,1,NULL,'652300'),('652700',NULL,NULL,NULL,NULL,NULL,'博尔塔拉蒙古自治州','0909',2,1,NULL,'650000'),('652701',NULL,NULL,NULL,NULL,NULL,'博乐市','0909',3,1,NULL,'652700'),('652702',NULL,NULL,NULL,NULL,NULL,'阿拉山口市','0909',3,1,NULL,'652700'),('652722',NULL,NULL,NULL,NULL,NULL,'精河县','0909',3,1,NULL,'652700'),('652723',NULL,NULL,NULL,NULL,NULL,'温泉县','0909',3,1,NULL,'652700'),('652800',NULL,NULL,NULL,NULL,NULL,'巴音郭楞蒙古自治州','0996',2,1,NULL,'650000'),('652801',NULL,NULL,NULL,NULL,NULL,'库尔勒市','0996',3,1,NULL,'652800'),('652822',NULL,NULL,NULL,NULL,NULL,'轮台县','0996',3,1,NULL,'652800'),('652823',NULL,NULL,NULL,NULL,NULL,'尉犁县','0996',3,1,NULL,'652800'),('652824',NULL,NULL,NULL,NULL,NULL,'若羌县','0996',3,1,NULL,'652800'),('652825',NULL,NULL,NULL,NULL,NULL,'且末县','0996',3,1,NULL,'652800'),('652826',NULL,NULL,NULL,NULL,NULL,'焉耆回族自治县','0996',3,1,NULL,'652800'),('652827',NULL,NULL,NULL,NULL,NULL,'和静县','0996',3,1,NULL,'652800'),('652828',NULL,NULL,NULL,NULL,NULL,'和硕县','0996',3,1,NULL,'652800'),('652829',NULL,NULL,NULL,NULL,NULL,'博湖县','0996',3,1,NULL,'652800'),('652900',NULL,NULL,NULL,NULL,NULL,'阿克苏地区','0997',2,1,NULL,'650000'),('652901',NULL,NULL,NULL,NULL,NULL,'阿克苏市','0997',3,1,NULL,'652900'),('652922',NULL,NULL,NULL,NULL,NULL,'温宿县','0997',3,1,NULL,'652900'),('652923',NULL,NULL,NULL,NULL,NULL,'库车县',NULL,0,1,NULL,'652900'),('652924',NULL,NULL,NULL,NULL,NULL,'沙雅县','0997',3,1,NULL,'652900'),('652925',NULL,NULL,NULL,NULL,NULL,'新和县','0997',3,1,NULL,'652900'),('652926',NULL,NULL,NULL,NULL,NULL,'拜城县','0997',3,1,NULL,'652900'),('652927',NULL,NULL,NULL,NULL,NULL,'乌什县','0997',3,1,NULL,'652900'),('652928',NULL,NULL,NULL,NULL,NULL,'阿瓦提县','0997',3,1,NULL,'652900'),('652929',NULL,NULL,NULL,NULL,NULL,'柯坪县','0997',3,1,NULL,'652900'),('653000',NULL,NULL,NULL,NULL,NULL,'克孜勒苏柯尔克孜自治州','0908',2,1,NULL,'650000'),('653001',NULL,NULL,NULL,NULL,NULL,'阿图什市','0908',3,1,NULL,'653000'),('653022',NULL,NULL,NULL,NULL,NULL,'阿克陶县','0908',3,1,NULL,'653000'),('653023',NULL,NULL,NULL,NULL,NULL,'阿合奇县','0908',3,1,NULL,'653000'),('653024',NULL,NULL,NULL,NULL,NULL,'乌恰县','0908',3,1,NULL,'653000'),('653100',NULL,NULL,NULL,NULL,NULL,'喀什地区','0998',2,1,NULL,'650000'),('653101',NULL,NULL,NULL,NULL,NULL,'喀什市','0998',3,1,NULL,'653100'),('653121',NULL,NULL,NULL,NULL,NULL,'疏附县','0998',3,1,NULL,'653100'),('653122',NULL,NULL,NULL,NULL,NULL,'疏勒县','0998',3,1,NULL,'653100'),('653123',NULL,NULL,NULL,NULL,NULL,'英吉沙县','0998',3,1,NULL,'653100'),('653124',NULL,NULL,NULL,NULL,NULL,'泽普县','0998',3,1,NULL,'653100'),('653125',NULL,NULL,NULL,NULL,NULL,'莎车县','0998',3,1,NULL,'653100'),('653126',NULL,NULL,NULL,NULL,NULL,'叶城县','0998',3,1,NULL,'653100'),('653127',NULL,NULL,NULL,NULL,NULL,'麦盖提县','0998',3,1,NULL,'653100'),('653128',NULL,NULL,NULL,NULL,NULL,'岳普湖县','0998',3,1,NULL,'653100'),('653129',NULL,NULL,NULL,NULL,NULL,'伽师县','0998',3,1,NULL,'653100'),('653130',NULL,NULL,NULL,NULL,NULL,'巴楚县','0998',3,1,NULL,'653100'),('653131',NULL,NULL,NULL,NULL,NULL,'塔什库尔干塔吉克自治县','0998',3,1,NULL,'653100'),('653200',NULL,NULL,NULL,NULL,NULL,'和田地区','0903',2,1,NULL,'650000'),('653201',NULL,NULL,NULL,NULL,NULL,'和田市','0903',3,1,NULL,'653200'),('653221',NULL,NULL,NULL,NULL,NULL,'和田县','0903',3,1,NULL,'653200'),('653222',NULL,NULL,NULL,NULL,NULL,'墨玉县','0903',3,1,NULL,'653200'),('653223',NULL,NULL,NULL,NULL,NULL,'皮山县','0903',3,1,NULL,'653200'),('653224',NULL,NULL,NULL,NULL,NULL,'洛浦县','0903',3,1,NULL,'653200'),('653225',NULL,NULL,NULL,NULL,NULL,'策勒县','0903',3,1,NULL,'653200'),('653226',NULL,NULL,NULL,NULL,NULL,'于田县','0903',3,1,NULL,'653200'),('653227',NULL,NULL,NULL,NULL,NULL,'民丰县','0903',3,1,NULL,'653200'),('654000',NULL,NULL,NULL,NULL,NULL,'伊犁哈萨克自治州','0999',2,1,NULL,'650000'),('654002',NULL,NULL,NULL,NULL,NULL,'伊宁市','0999',3,1,NULL,'654000'),('654003',NULL,NULL,NULL,NULL,NULL,'奎屯市','0999',3,1,NULL,'654000'),('654004',NULL,NULL,NULL,NULL,NULL,'霍尔果斯市','0999',3,1,NULL,'654000'),('654021',NULL,NULL,NULL,NULL,NULL,'伊宁县','0999',3,1,NULL,'654000'),('654022',NULL,NULL,NULL,NULL,NULL,'察布查尔锡伯自治县','0999',3,1,NULL,'654000'),('654023',NULL,NULL,NULL,NULL,NULL,'霍城县','0999',3,1,NULL,'654000'),('654024',NULL,NULL,NULL,NULL,NULL,'巩留县','0999',3,1,NULL,'654000'),('654025',NULL,NULL,NULL,NULL,NULL,'新源县','0999',3,1,NULL,'654000'),('654026',NULL,NULL,NULL,NULL,NULL,'昭苏县','0999',3,1,NULL,'654000'),('654027',NULL,NULL,NULL,NULL,NULL,'特克斯县','0999',3,1,NULL,'654000'),('654028',NULL,NULL,NULL,NULL,NULL,'尼勒克县','0999',3,1,NULL,'654000'),('654200',NULL,NULL,NULL,NULL,NULL,'塔城地区','0901',2,1,NULL,'650000'),('654201',NULL,NULL,NULL,NULL,NULL,'塔城市','0901',3,1,NULL,'654200'),('654202',NULL,NULL,NULL,NULL,NULL,'乌苏市','0901',3,1,NULL,'654200'),('654221',NULL,NULL,NULL,NULL,NULL,'额敏县','0901',3,1,NULL,'654200'),('654223',NULL,NULL,NULL,NULL,NULL,'沙湾县',NULL,0,1,NULL,'654200'),('654224',NULL,NULL,NULL,NULL,NULL,'托里县','0901',3,1,NULL,'654200'),('654225',NULL,NULL,NULL,NULL,NULL,'裕民县','0901',3,1,NULL,'654200'),('654226',NULL,NULL,NULL,NULL,NULL,'和布克赛尔蒙古自治县','0901',3,1,NULL,'654200'),('654300',NULL,NULL,NULL,NULL,NULL,'阿勒泰地区','0906',2,1,NULL,'650000'),('654301',NULL,NULL,NULL,NULL,NULL,'阿勒泰市','0906',3,1,NULL,'654300'),('654321',NULL,NULL,NULL,NULL,NULL,'布尔津县','0906',3,1,NULL,'654300'),('654322',NULL,NULL,NULL,NULL,NULL,'富蕴县','0906',3,1,NULL,'654300'),('654323',NULL,NULL,NULL,NULL,NULL,'福海县','0906',3,1,NULL,'654300'),('654324',NULL,NULL,NULL,NULL,NULL,'哈巴河县','0906',3,1,NULL,'654300'),('654325',NULL,NULL,NULL,NULL,NULL,'青河县','0906',3,1,NULL,'654300'),('654326',NULL,NULL,NULL,NULL,NULL,'吉木乃县','0906',3,1,NULL,'654300'),('659000',NULL,NULL,NULL,NULL,NULL,'自治区直辖县级行政区划',NULL,2,1,NULL,'650000'),('659001',NULL,NULL,NULL,NULL,NULL,'石河子市','0993',3,1,NULL,'659000'),('659002',NULL,NULL,NULL,NULL,NULL,'阿拉尔市','1997',3,1,NULL,'659000'),('659003',NULL,NULL,NULL,NULL,NULL,'图木舒克市','1998',3,1,NULL,'659000'),('659004',NULL,NULL,NULL,NULL,NULL,'五家渠市','1994',3,1,NULL,'659000'),('659006',NULL,NULL,NULL,NULL,NULL,'铁门关市','1996',3,1,NULL,'659000'),('710000',NULL,NULL,NULL,NULL,NULL,'台湾省','1886',1,0,NULL,NULL),('810000',NULL,NULL,NULL,NULL,NULL,'香港特别行政区','1852',1,0,NULL,NULL),('820000',NULL,NULL,NULL,NULL,NULL,'澳门特别行政区','1853',1,0,NULL,NULL);

#
# Structure for table "tb_goods_category"
#

CREATE TABLE `tb_goods_category` (
  `id` varchar(100) NOT NULL COMMENT 'Id',
  `description` varchar(100) DEFAULT NULL COMMENT '描述',
  `modifier` varchar(100) DEFAULT NULL COMMENT '修改人',
  `dept_belong_id` varchar(100) DEFAULT NULL COMMENT '数据归属部门',
  `update_datetime` datetime(6) DEFAULT NULL COMMENT '修改时间',
  `create_datetime` datetime(6) DEFAULT NULL COMMENT '创建时间',
  `name` varchar(20) NOT NULL,
  `desc` varchar(255) DEFAULT NULL,
  `default_image` varchar(255) DEFAULT NULL,
  `sort` smallint(5) unsigned NOT NULL COMMENT '显示顺序',
  `status` tinyint(1) NOT NULL COMMENT '商品类别状态',
  `is_delete` tinyint(1) NOT NULL COMMENT '是否逻辑删除',
  `creator_id` varchar(100) DEFAULT NULL COMMENT '创建人',
  `parent_id` varchar(100) DEFAULT NULL,
  PRIMARY KEY (`id`),
  KEY `tb_goods_category_parent_id_5abc16fa_fk_tb_goods_category_id` (`parent_id`),
  KEY `tb_goods_category_creator_id_dc28d487` (`creator_id`),
  CONSTRAINT `tb_goods_category_parent_id_5abc16fa_fk_tb_goods_category_id` FOREIGN KEY (`parent_id`) REFERENCES `tb_goods_category` (`id`)
) ENGINE=InnoDB DEFAULT CHARSET=utf8mb4 COMMENT='商品类别';

#
# Data for table "tb_goods_category"
#

REPLACE INTO `tb_goods_category` VALUES ('3cc9ced7429f41f380ca7496191b2c8b',NULL,'456b688c-8ad5-46de-bc2e-d41d8047bd42',NULL,'2022-07-31 18:38:59.711317','2022-07-31 18:38:47.138244','测试手机',NULL,'',0,1,0,'456b688c-8ad5-46de-bc2e-d41d8047bd42',NULL);

#
# Structure for table "tb_goods_brand"
#

CREATE TABLE `tb_goods_brand` (
  `id` varchar(100) NOT NULL COMMENT 'Id',
  `description` varchar(100) DEFAULT NULL COMMENT '描述',
  `modifier` varchar(100) DEFAULT NULL COMMENT '修改人',
  `dept_belong_id` varchar(100) DEFAULT NULL COMMENT '数据归属部门',
  `update_datetime` datetime(6) DEFAULT NULL COMMENT '修改时间',
  `create_datetime` datetime(6) DEFAULT NULL COMMENT '创建时间',
  `name` varchar(30) NOT NULL COMMENT '品牌名',
  `desc` longtext NOT NULL COMMENT '品牌描述',
  `default_image` varchar(255) DEFAULT NULL,
  `sort` smallint(5) unsigned NOT NULL,
  `category_id` varchar(100) NOT NULL COMMENT '所属分类',
  `creator_id` varchar(100) DEFAULT NULL COMMENT '创建人',
  PRIMARY KEY (`id`),
  KEY `tb_goods_brand_category_id_02d8306e_fk_tb_goods_category_id` (`category_id`),
  KEY `tb_goods_brand_creator_id_034490f8` (`creator_id`),
  CONSTRAINT `tb_goods_brand_category_id_02d8306e_fk_tb_goods_category_id` FOREIGN KEY (`category_id`) REFERENCES `tb_goods_category` (`id`)
) ENGINE=InnoDB DEFAULT CHARSET=utf8mb4 COMMENT='商品品牌';

#
# Data for table "tb_goods_brand"
#


#
# Structure for table "tb_goods_coupon"
#

CREATE TABLE `tb_goods_coupon` (
  `id` varchar(100) NOT NULL COMMENT 'Id',
  `description` varchar(100) DEFAULT NULL COMMENT '描述',
  `modifier` varchar(100) DEFAULT NULL COMMENT '修改人',
  `dept_belong_id` varchar(100) DEFAULT NULL COMMENT '数据归属部门',
  `update_datetime` datetime(6) DEFAULT NULL COMMENT '修改时间',
  `create_datetime` datetime(6) DEFAULT NULL COMMENT '创建时间',
  `name` varchar(50) NOT NULL,
  `caption` varchar(256) DEFAULT NULL,
  `desc` varchar(150) DEFAULT NULL,
  `sort` int(11) NOT NULL COMMENT '显示顺序',
  `total_num` int(11) NOT NULL COMMENT '优惠券总数量',
  `received_num` int(11) NOT NULL COMMENT '优惠券已领取数量',
  `used_num` int(11) NOT NULL COMMENT '已被使用的数量',
  `is_permanent` tinyint(1) NOT NULL COMMENT '是否无限张数',
  `price` decimal(10,2) NOT NULL,
  `is_condition` tinyint(1) NOT NULL COMMENT '有无门槛',
  `use_min_price` decimal(10,2) NOT NULL,
  `start_time` date DEFAULT NULL COMMENT '优惠券领取开启时间',
  `end_time` date DEFAULT NULL COMMENT '优惠券领取结束时间',
  `valid_begin_date` date DEFAULT NULL,
  `valid_end_date` date DEFAULT NULL,
  `coupon_expiretime` int(11) NOT NULL COMMENT '优惠券有效期限（单位：天）',
  `receive_type` smallint(6) NOT NULL COMMENT '优惠券发送方式',
  `coupon_type` smallint(6) NOT NULL COMMENT '优惠券类型（2）',
  `is_delete` tinyint(1) NOT NULL COMMENT '是否逻辑删除',
  `status` tinyint(1) NOT NULL COMMENT '状态',
  `creator_id` varchar(100) DEFAULT NULL COMMENT '创建人',
  PRIMARY KEY (`id`),
  KEY `tb_goods_coupon_creator_id_5ede45ac` (`creator_id`)
) ENGINE=InnoDB DEFAULT CHARSET=utf8mb4 COMMENT='商品优惠券';

#
# Data for table "tb_goods_coupon"
#


#
# Structure for table "tb_goods_coupon_record"
#

CREATE TABLE `tb_goods_coupon_record` (
  `id` varchar(100) NOT NULL COMMENT 'Id',
  `description` varchar(100) DEFAULT NULL COMMENT '描述',
  `modifier` varchar(100) DEFAULT NULL COMMENT '修改人',
  `dept_belong_id` varchar(100) DEFAULT NULL COMMENT '数据归属部门',
  `update_datetime` datetime(6) DEFAULT NULL COMMENT '修改时间',
  `create_datetime` datetime(6) DEFAULT NULL COMMENT '创建时间',
  `number` varchar(64) DEFAULT NULL,
  `status` smallint(6) NOT NULL,
  `used_time` datetime(6) DEFAULT NULL,
  `receive_time` datetime(6) DEFAULT NULL,
  `is_delete` tinyint(1) NOT NULL COMMENT '是否逻辑删除',
  `coupon_id` varchar(100) NOT NULL,
  `creator_id` varchar(100) DEFAULT NULL COMMENT '创建人',
  `user_id` varchar(100) NOT NULL,
  PRIMARY KEY (`id`),
  KEY `tb_goods_coupon_record_coupon_id_45c28b4b_fk_tb_goods_coupon_id` (`coupon_id`),
  KEY `tb_goods_coupon_record_user_id_34aaa577_fk_lyadmin_users_id` (`user_id`),
  KEY `tb_goods_coupon_record_creator_id_9fb5ffca` (`creator_id`),
  CONSTRAINT `tb_goods_coupon_record_coupon_id_45c28b4b_fk_tb_goods_coupon_id` FOREIGN KEY (`coupon_id`) REFERENCES `tb_goods_coupon` (`id`),
  CONSTRAINT `tb_goods_coupon_record_user_id_34aaa577_fk_lyadmin_users_id` FOREIGN KEY (`user_id`) REFERENCES `lyadmin_users` (`id`)
) ENGINE=InnoDB DEFAULT CHARSET=utf8mb4 COMMENT='用户持券表';

#
# Data for table "tb_goods_coupon_record"
#


#
# Structure for table "tb_goods_spec_template"
#

CREATE TABLE `tb_goods_spec_template` (
  `id` varchar(100) NOT NULL COMMENT 'Id',
  `description` varchar(100) DEFAULT NULL COMMENT '描述',
  `modifier` varchar(100) DEFAULT NULL COMMENT '修改人',
  `dept_belong_id` varchar(100) DEFAULT NULL COMMENT '数据归属部门',
  `update_datetime` datetime(6) DEFAULT NULL COMMENT '修改时间',
  `create_datetime` datetime(6) DEFAULT NULL COMMENT '创建时间',
  `spec` varchar(100) NOT NULL,
  `option` varchar(255) NOT NULL,
  `creator_id` varchar(100) DEFAULT NULL COMMENT '创建人',
  PRIMARY KEY (`id`),
  KEY `tb_goods_spec_template_creator_id_416c26a4` (`creator_id`)
) ENGINE=InnoDB DEFAULT CHARSET=utf8mb4 COMMENT='商品规格模板';

#
# Data for table "tb_goods_spec_template"
#


#
# Structure for table "tb_goods_spu"
#

CREATE TABLE `tb_goods_spu` (
  `id` varchar(100) NOT NULL COMMENT 'Id',
  `description` varchar(100) DEFAULT NULL COMMENT '描述',
  `modifier` varchar(100) DEFAULT NULL COMMENT '修改人',
  `dept_belong_id` varchar(100) DEFAULT NULL COMMENT '数据归属部门',
  `update_datetime` datetime(6) DEFAULT NULL COMMENT '修改时间',
  `create_datetime` datetime(6) DEFAULT NULL COMMENT '创建时间',
  `name` varchar(60) NOT NULL,
  `sub_name` varchar(60) DEFAULT NULL,
  `spec_type` int(10) unsigned NOT NULL,
  `default_image` varchar(255) DEFAULT NULL,
  `image_list` varchar(2000) DEFAULT NULL,
  `price` decimal(10,2) NOT NULL,
  `sales` int(11) NOT NULL,
  `stock` int(11) NOT NULL,
  `unit` varchar(30) DEFAULT NULL,
  `comments` int(11) DEFAULT NULL,
  `desc_detail` longtext,
  `desc_pack` longtext,
  `desc_service` longtext,
  `is_launched` tinyint(1) NOT NULL,
  `is_tuijian` tinyint(1) NOT NULL,
  `sort` smallint(5) unsigned NOT NULL,
  `is_delete` tinyint(1) NOT NULL COMMENT '是否逻辑删除',
  `brand_id` varchar(100) DEFAULT NULL,
  `category1_id` varchar(100) NOT NULL,
  `creator_id` varchar(100) DEFAULT NULL COMMENT '创建人',
  PRIMARY KEY (`id`),
  KEY `tb_goods_spu_brand_id_1fa4b54f_fk_tb_goods_brand_id` (`brand_id`),
  KEY `tb_goods_spu_category1_id_dec6b204_fk_tb_goods_category_id` (`category1_id`),
  KEY `tb_goods_spu_creator_id_0a937088` (`creator_id`),
  CONSTRAINT `tb_goods_spu_brand_id_1fa4b54f_fk_tb_goods_brand_id` FOREIGN KEY (`brand_id`) REFERENCES `tb_goods_brand` (`id`),
  CONSTRAINT `tb_goods_spu_category1_id_dec6b204_fk_tb_goods_category_id` FOREIGN KEY (`category1_id`) REFERENCES `tb_goods_category` (`id`)
) ENGINE=InnoDB DEFAULT CHARSET=utf8mb4 COMMENT='商品SPU';

#
# Data for table "tb_goods_spu"
#

REPLACE INTO `tb_goods_spu` VALUES ('abe429eb47d84dbd873f1442bcaedd58',NULL,NULL,NULL,'2022-08-01 22:59:57.799272','2022-08-01 22:59:57.693992','测试手机商品多规格','测试手机商品多规格',1,'http://127.0.0.1:8000/media/platform/2022-08-01/20220801225845_971.png','[\'http://127.0.0.1:8000/media/platform/2022-08-01/20220801225848_774.png\', \'http://127.0.0.1:8000/media/platform/2022-08-01/20220801225851_499.png\']',5600.00,0,0,'',0,'<p>测试商品详情</p>','','',1,0,1,0,NULL,'3cc9ced7429f41f380ca7496191b2c8b',NULL);

#
# Structure for table "tb_goods_sku"
#

CREATE TABLE `tb_goods_sku` (
  `id` varchar(100) NOT NULL COMMENT 'Id',
  `description` varchar(100) DEFAULT NULL COMMENT '描述',
  `modifier` varchar(100) DEFAULT NULL COMMENT '修改人',
  `dept_belong_id` varchar(100) DEFAULT NULL COMMENT '数据归属部门',
  `update_datetime` datetime(6) DEFAULT NULL COMMENT '修改时间',
  `create_datetime` datetime(6) DEFAULT NULL COMMENT '创建时间',
  `name` varchar(60) DEFAULT NULL,
  `price` decimal(10,2) NOT NULL,
  `shop_price` decimal(10,2) DEFAULT NULL,
  `market_price` decimal(10,2) DEFAULT NULL,
  `cost_price` decimal(10,2) DEFAULT NULL,
  `stock` int(11) NOT NULL,
  `unite` varchar(20) DEFAULT NULL,
  `sales` int(11) DEFAULT NULL,
  `default_image` varchar(255) DEFAULT NULL,
  `is_launched` tinyint(1) NOT NULL,
  `is_delete` tinyint(1) NOT NULL COMMENT '是否逻辑删除',
  `creator_id` varchar(100) DEFAULT NULL COMMENT '创建人',
  `spu_id` varchar(100) NOT NULL,
  PRIMARY KEY (`id`),
  KEY `tb_goods_sku_spu_id_4461d223_fk_tb_goods_spu_id` (`spu_id`),
  KEY `tb_goods_sku_creator_id_a17c462b` (`creator_id`),
  CONSTRAINT `tb_goods_sku_spu_id_4461d223_fk_tb_goods_spu_id` FOREIGN KEY (`spu_id`) REFERENCES `tb_goods_spu` (`id`)
) ENGINE=InnoDB DEFAULT CHARSET=utf8mb4 COMMENT='商品SKU';

#
# Data for table "tb_goods_sku"
#

REPLACE INTO `tb_goods_sku` VALUES ('2ed520b91652439585d2557b61edc979',NULL,NULL,NULL,'2022-08-01 22:59:57.792253','2022-08-01 22:59:57.792253',NULL,5600.00,0.00,0.00,0.00,999,NULL,0,'http://127.0.0.1:8000/media/platform/2022-08-01/20220801225955_189.png',1,0,NULL,'abe429eb47d84dbd873f1442bcaedd58'),('7e0700d159044728a726723f0f731cce',NULL,NULL,NULL,'2022-08-01 22:59:57.704018','2022-08-01 22:59:57.704018',NULL,5600.00,0.00,0.00,0.00,999,NULL,0,'http://127.0.0.1:8000/media/platform/2022-08-01/20220801225950_577.png',1,0,NULL,'abe429eb47d84dbd873f1442bcaedd58'),('7edb10067931472eaad051d3d5a23194',NULL,NULL,NULL,'2022-08-01 22:59:57.698003','2022-08-01 22:59:57.698003',NULL,5600.00,0.00,0.00,0.00,999,NULL,0,'http://127.0.0.1:8000/media/platform/2022-08-01/20220801225947_460.png',1,0,NULL,'abe429eb47d84dbd873f1442bcaedd58'),('dfa223d5974e404a983bb8e81a05cb25',NULL,NULL,NULL,'2022-08-01 22:59:57.712040','2022-08-01 22:59:57.712040',NULL,5600.00,0.00,0.00,0.00,999,NULL,0,'http://127.0.0.1:8000/media/platform/2022-08-01/20220801225952_984.png',1,0,NULL,'abe429eb47d84dbd873f1442bcaedd58');

#
# Structure for table "tb_goods_sku_image"
#

CREATE TABLE `tb_goods_sku_image` (
  `id` varchar(100) NOT NULL COMMENT 'Id',
  `description` varchar(100) DEFAULT NULL COMMENT '描述',
  `modifier` varchar(100) DEFAULT NULL COMMENT '修改人',
  `dept_belong_id` varchar(100) DEFAULT NULL COMMENT '数据归属部门',
  `update_datetime` datetime(6) DEFAULT NULL COMMENT '修改时间',
  `create_datetime` datetime(6) DEFAULT NULL COMMENT '创建时间',
  `image` varchar(255) NOT NULL,
  `sort` smallint(5) unsigned NOT NULL,
  `creator_id` varchar(100) DEFAULT NULL COMMENT '创建人',
  `sku_id` varchar(100) NOT NULL,
  PRIMARY KEY (`id`),
  KEY `tb_goods_sku_image_sku_id_a82c1e92_fk_tb_goods_sku_id` (`sku_id`),
  KEY `tb_goods_sku_image_creator_id_90a1f537` (`creator_id`),
  CONSTRAINT `tb_goods_sku_image_sku_id_a82c1e92_fk_tb_goods_sku_id` FOREIGN KEY (`sku_id`) REFERENCES `tb_goods_sku` (`id`)
) ENGINE=InnoDB DEFAULT CHARSET=utf8mb4 COMMENT='SKU图片';

#
# Data for table "tb_goods_sku_image"
#


#
# Structure for table "tb_goods_spu_specification"
#

CREATE TABLE `tb_goods_spu_specification` (
  `id` varchar(100) NOT NULL COMMENT 'Id',
  `description` varchar(100) DEFAULT NULL COMMENT '描述',
  `modifier` varchar(100) DEFAULT NULL COMMENT '修改人',
  `dept_belong_id` varchar(100) DEFAULT NULL COMMENT '数据归属部门',
  `update_datetime` datetime(6) DEFAULT NULL COMMENT '修改时间',
  `create_datetime` datetime(6) DEFAULT NULL COMMENT '创建时间',
  `name` varchar(20) NOT NULL,
  `creator_id` varchar(100) DEFAULT NULL COMMENT '创建人',
  `spu_id` varchar(100) NOT NULL,
  PRIMARY KEY (`id`),
  KEY `tb_goods_spu_specification_spu_id_39c06c59_fk_tb_goods_spu_id` (`spu_id`),
  KEY `tb_goods_spu_specification_creator_id_ea64a3a9` (`creator_id`),
  CONSTRAINT `tb_goods_spu_specification_spu_id_39c06c59_fk_tb_goods_spu_id` FOREIGN KEY (`spu_id`) REFERENCES `tb_goods_spu` (`id`)
) ENGINE=InnoDB DEFAULT CHARSET=utf8mb4 COMMENT='商品SPU规格';

#
# Data for table "tb_goods_spu_specification"
#

REPLACE INTO `tb_goods_spu_specification` VALUES ('13c72a1b064047e7b04dff5eb75b991a',NULL,NULL,NULL,'2022-08-01 22:59:57.693992','2022-08-01 22:59:57.694995','颜色',NULL,'abe429eb47d84dbd873f1442bcaedd58'),('6497b2b201d041509f598f59172eeba9',NULL,NULL,NULL,'2022-08-01 22:59:57.695999','2022-08-01 22:59:57.695999','内存',NULL,'abe429eb47d84dbd873f1442bcaedd58');

#
# Structure for table "tb_goods_spu_specification_option"
#

CREATE TABLE `tb_goods_spu_specification_option` (
  `id` varchar(100) NOT NULL COMMENT 'Id',
  `description` varchar(100) DEFAULT NULL COMMENT '描述',
  `modifier` varchar(100) DEFAULT NULL COMMENT '修改人',
  `dept_belong_id` varchar(100) DEFAULT NULL COMMENT '数据归属部门',
  `update_datetime` datetime(6) DEFAULT NULL COMMENT '修改时间',
  `create_datetime` datetime(6) DEFAULT NULL COMMENT '创建时间',
  `value` varchar(20) NOT NULL,
  `creator_id` varchar(100) DEFAULT NULL COMMENT '创建人',
  `spec_id` varchar(100) NOT NULL,
  PRIMARY KEY (`id`),
  KEY `tb_goods_spu_specifi_spec_id_603e43ee_fk_tb_goods_` (`spec_id`),
  KEY `tb_goods_spu_specification_option_creator_id_a4944bc4` (`creator_id`),
  CONSTRAINT `tb_goods_spu_specifi_spec_id_603e43ee_fk_tb_goods_` FOREIGN KEY (`spec_id`) REFERENCES `tb_goods_spu_specification` (`id`)
) ENGINE=InnoDB DEFAULT CHARSET=utf8mb4 COMMENT='规格选项';

#
# Data for table "tb_goods_spu_specification_option"
#

REPLACE INTO `tb_goods_spu_specification_option` VALUES ('1bc35bc5bc72421ca7b54b2b0a6a504c',NULL,NULL,NULL,'2022-08-01 22:59:57.695999','2022-08-01 22:59:57.695999','白色',NULL,'13c72a1b064047e7b04dff5eb75b991a'),('51901a9e3e784623984e394c74ac7311',NULL,NULL,NULL,'2022-08-01 22:59:57.694995','2022-08-01 22:59:57.694995','金色',NULL,'13c72a1b064047e7b04dff5eb75b991a'),('5d37a947613b47a193f52f101be5a0b0',NULL,NULL,NULL,'2022-08-01 22:59:57.697028','2022-08-01 22:59:57.697028','512G',NULL,'6497b2b201d041509f598f59172eeba9'),('cd9f634da05f4cedb06e320865106db3',NULL,NULL,NULL,'2022-08-01 22:59:57.697028','2022-08-01 22:59:57.697028','128G',NULL,'6497b2b201d041509f598f59172eeba9');

#
# Structure for table "tb_goods_sku_specification"
#

CREATE TABLE `tb_goods_sku_specification` (
  `id` varchar(100) NOT NULL COMMENT 'Id',
  `description` varchar(100) DEFAULT NULL COMMENT '描述',
  `modifier` varchar(100) DEFAULT NULL COMMENT '修改人',
  `dept_belong_id` varchar(100) DEFAULT NULL COMMENT '数据归属部门',
  `update_datetime` datetime(6) DEFAULT NULL COMMENT '修改时间',
  `create_datetime` datetime(6) DEFAULT NULL COMMENT '创建时间',
  `creator_id` varchar(100) DEFAULT NULL COMMENT '创建人',
  `option_id` varchar(100) NOT NULL,
  `sku_id` varchar(100) NOT NULL,
  `spec_id` varchar(100) NOT NULL,
  PRIMARY KEY (`id`),
  KEY `tb_goods_sku_specifi_option_id_dec442f7_fk_tb_goods_` (`option_id`),
  KEY `tb_goods_sku_specification_sku_id_cc4f8bc7_fk_tb_goods_sku_id` (`sku_id`),
  KEY `tb_goods_sku_specifi_spec_id_d53fc09e_fk_tb_goods_` (`spec_id`),
  KEY `tb_goods_sku_specification_creator_id_770697b2` (`creator_id`),
  CONSTRAINT `tb_goods_sku_specifi_option_id_dec442f7_fk_tb_goods_` FOREIGN KEY (`option_id`) REFERENCES `tb_goods_spu_specification_option` (`id`),
  CONSTRAINT `tb_goods_sku_specifi_spec_id_d53fc09e_fk_tb_goods_` FOREIGN KEY (`spec_id`) REFERENCES `tb_goods_spu_specification` (`id`),
  CONSTRAINT `tb_goods_sku_specification_sku_id_cc4f8bc7_fk_tb_goods_sku_id` FOREIGN KEY (`sku_id`) REFERENCES `tb_goods_sku` (`id`)
) ENGINE=InnoDB DEFAULT CHARSET=utf8mb4 COMMENT='SKU规格';

#
# Data for table "tb_goods_sku_specification"
#

REPLACE INTO `tb_goods_sku_specification` VALUES ('08b21322a9c7441789898663f4085fc4',NULL,NULL,NULL,'2022-08-01 22:59:57.704018','2022-08-01 22:59:57.704018',NULL,'cd9f634da05f4cedb06e320865106db3','7edb10067931472eaad051d3d5a23194','6497b2b201d041509f598f59172eeba9'),('31d49079d67b41749b3eec220647ed91',NULL,NULL,NULL,'2022-08-01 22:59:57.701010','2022-08-01 22:59:57.701010',NULL,'51901a9e3e784623984e394c74ac7311','7edb10067931472eaad051d3d5a23194','13c72a1b064047e7b04dff5eb75b991a'),('365d884f1b8c45da9c893c50e03886e2',NULL,NULL,NULL,'2022-08-01 22:59:57.708029','2022-08-01 22:59:57.708029',NULL,'51901a9e3e784623984e394c74ac7311','7e0700d159044728a726723f0f731cce','13c72a1b064047e7b04dff5eb75b991a'),('36cff96281054848a18bcba175d415b5',NULL,NULL,NULL,'2022-08-01 22:59:57.715048','2022-08-01 22:59:57.715048',NULL,'1bc35bc5bc72421ca7b54b2b0a6a504c','dfa223d5974e404a983bb8e81a05cb25','13c72a1b064047e7b04dff5eb75b991a'),('73d01cace09d40888ed33cb8437f83f2',NULL,NULL,NULL,'2022-08-01 22:59:57.791250','2022-08-01 22:59:57.791250',NULL,'cd9f634da05f4cedb06e320865106db3','dfa223d5974e404a983bb8e81a05cb25','6497b2b201d041509f598f59172eeba9'),('8aad53cb2c2e471e8dddf3a9a2eb7697',NULL,NULL,NULL,'2022-08-01 22:59:57.795261','2022-08-01 22:59:57.795261',NULL,'1bc35bc5bc72421ca7b54b2b0a6a504c','2ed520b91652439585d2557b61edc979','13c72a1b064047e7b04dff5eb75b991a'),('99a025b2e5774f4db0d61c1ac02a9a1d',NULL,NULL,NULL,'2022-08-01 22:59:57.711037','2022-08-01 22:59:57.711037',NULL,'5d37a947613b47a193f52f101be5a0b0','7e0700d159044728a726723f0f731cce','6497b2b201d041509f598f59172eeba9'),('f168522e38d5435cbd8bd71b24120d23',NULL,NULL,NULL,'2022-08-01 22:59:57.797266','2022-08-01 22:59:57.797266',NULL,'5d37a947613b47a193f52f101be5a0b0','2ed520b91652439585d2557b61edc979','6497b2b201d041509f598f59172eeba9');

#
# Structure for table "tb_lunbo_manage"
#

CREATE TABLE `tb_lunbo_manage` (
  `id` varchar(100) NOT NULL COMMENT 'Id',
  `description` varchar(100) DEFAULT NULL COMMENT '描述',
  `modifier` varchar(100) DEFAULT NULL COMMENT '修改人',
  `dept_belong_id` varchar(100) DEFAULT NULL COMMENT '数据归属部门',
  `update_datetime` datetime(6) DEFAULT NULL COMMENT '修改时间',
  `create_datetime` datetime(6) DEFAULT NULL COMMENT '创建时间',
  `title` varchar(100) DEFAULT NULL,
  `type` int(11) NOT NULL,
  `status` tinyint(1) NOT NULL,
  `sort` int(11) NOT NULL COMMENT '显示顺序',
  `image` varchar(255) NOT NULL,
  `link` longtext,
  `creator_id` varchar(100) DEFAULT NULL COMMENT '创建人',
  `link_type` int(11) NOT NULL,
  PRIMARY KEY (`id`),
  KEY `tb_lunbo_manage_creator_id_61e86919` (`creator_id`)
) ENGINE=InnoDB DEFAULT CHARSET=utf8mb4 COMMENT='轮播图设置';

#
# Data for table "tb_lunbo_manage"
#

REPLACE INTO `tb_lunbo_manage` VALUES ('e86adc251eb348c1bc0d1534cb130d3e',NULL,NULL,NULL,'2022-06-27 13:56:06.343544','2022-06-27 13:56:06.343544','首页轮播图1',1,1,1,'http://127.0.0.1:8000/media/platform/2021-10-27/20211027110807_498.jpg','https://doc.lybbn.cn',NULL,0);

#
# Structure for table "tb_mall_order_info"
#

CREATE TABLE `tb_mall_order_info` (
  `id` varchar(100) NOT NULL COMMENT 'Id',
  `description` varchar(100) DEFAULT NULL COMMENT '描述',
  `modifier` varchar(100) DEFAULT NULL COMMENT '修改人',
  `dept_belong_id` varchar(100) DEFAULT NULL COMMENT '数据归属部门',
  `update_datetime` datetime(6) DEFAULT NULL COMMENT '修改时间',
  `create_datetime` datetime(6) DEFAULT NULL COMMENT '创建时间',
  `order_id` varchar(64) NOT NULL,
  `trade_id` varchar(100) DEFAULT NULL,
  `address_name` varchar(50) DEFAULT NULL,
  `address_mobile` varchar(20) DEFAULT NULL,
  `address_place` varchar(100) DEFAULT NULL,
  `couponrecord_id` varchar(60) DEFAULT NULL,
  `couponrecord_price` decimal(10,2) DEFAULT NULL,
  `total_count` int(11) NOT NULL,
  `total_amount` decimal(10,2) NOT NULL,
  `total_amount_pay` decimal(10,2) NOT NULL,
  `freight` decimal(10,2) DEFAULT NULL,
  `logistics_id` varchar(100) DEFAULT NULL,
  `send_time` datetime(6) DEFAULT NULL COMMENT '发货时间',
  `logistics_company` varchar(90) DEFAULT NULL,
  `pay_method` smallint(6) NOT NULL,
  `pay_time` varchar(64) DEFAULT NULL COMMENT '支付时间',
  `remark` varchar(100) DEFAULT NULL,
  `cancel_reason` varchar(100) DEFAULT NULL,
  `status` smallint(6) NOT NULL,
  `pay_status` smallint(6) NOT NULL,
  `is_delete` tinyint(1) NOT NULL COMMENT '是否逻辑删除',
  `creator_id` varchar(100) DEFAULT NULL COMMENT '创建人',
  `user_id` varchar(100) NOT NULL,
  PRIMARY KEY (`id`),
  UNIQUE KEY `order_id` (`order_id`),
  UNIQUE KEY `trade_id` (`trade_id`),
  UNIQUE KEY `couponrecord_id` (`couponrecord_id`),
  KEY `tb_mall_order_info_user_id_814332e5_fk_lyadmin_users_id` (`user_id`),
  KEY `tb_mall_order_info_creator_id_6d97d688` (`creator_id`),
  CONSTRAINT `tb_mall_order_info_user_id_814332e5_fk_lyadmin_users_id` FOREIGN KEY (`user_id`) REFERENCES `lyadmin_users` (`id`)
) ENGINE=InnoDB DEFAULT CHARSET=utf8mb4 COMMENT='订单基本信息';

#
# Data for table "tb_mall_order_info"
#


#
# Structure for table "tb_mall_order_goods"
#

CREATE TABLE `tb_mall_order_goods` (
  `id` varchar(100) NOT NULL COMMENT 'Id',
  `description` varchar(100) DEFAULT NULL COMMENT '描述',
  `modifier` varchar(100) DEFAULT NULL COMMENT '修改人',
  `dept_belong_id` varchar(100) DEFAULT NULL COMMENT '数据归属部门',
  `update_datetime` datetime(6) DEFAULT NULL COMMENT '修改时间',
  `create_datetime` datetime(6) DEFAULT NULL COMMENT '创建时间',
  `count` int(11) NOT NULL,
  `price` decimal(10,2) NOT NULL,
  `comment` longtext,
  `score` smallint(6) NOT NULL,
  `is_anonymous` tinyint(1) NOT NULL,
  `is_commented` tinyint(1) NOT NULL,
  `creator_id` varchar(100) DEFAULT NULL COMMENT '创建人',
  `order_id` varchar(100) NOT NULL,
  `sku_id` varchar(100) DEFAULT NULL,
  `spu_id` varchar(100) DEFAULT NULL,
  PRIMARY KEY (`id`),
  KEY `tb_mall_order_goods_order_id_d7ebf6af_fk_tb_mall_order_info_id` (`order_id`),
  KEY `tb_mall_order_goods_sku_id_bc54f8f7_fk_tb_goods_sku_id` (`sku_id`),
  KEY `tb_mall_order_goods_spu_id_4671e639_fk_tb_goods_spu_id` (`spu_id`),
  KEY `tb_mall_order_goods_creator_id_3b1a9dea` (`creator_id`),
  CONSTRAINT `tb_mall_order_goods_order_id_d7ebf6af_fk_tb_mall_order_info_id` FOREIGN KEY (`order_id`) REFERENCES `tb_mall_order_info` (`id`),
  CONSTRAINT `tb_mall_order_goods_sku_id_bc54f8f7_fk_tb_goods_sku_id` FOREIGN KEY (`sku_id`) REFERENCES `tb_goods_sku` (`id`),
  CONSTRAINT `tb_mall_order_goods_spu_id_4671e639_fk_tb_goods_spu_id` FOREIGN KEY (`spu_id`) REFERENCES `tb_goods_spu` (`id`)
) ENGINE=InnoDB DEFAULT CHARSET=utf8mb4 COMMENT='订单商品';

#
# Data for table "tb_mall_order_goods"
#


#
# Structure for table "tb_mall_order_refunds"
#

CREATE TABLE `tb_mall_order_refunds` (
  `id` varchar(100) NOT NULL COMMENT 'Id',
  `description` varchar(100) DEFAULT NULL COMMENT '描述',
  `modifier` varchar(100) DEFAULT NULL COMMENT '修改人',
  `dept_belong_id` varchar(100) DEFAULT NULL COMMENT '数据归属部门',
  `update_datetime` datetime(6) DEFAULT NULL COMMENT '修改时间',
  `create_datetime` datetime(6) DEFAULT NULL COMMENT '创建时间',
  `order_no` varchar(64) NOT NULL,
  `refund_id` varchar(64) NOT NULL,
  `amount` decimal(10,2) NOT NULL,
  `reason` varchar(64) DEFAULT NULL,
  `status` smallint(6) NOT NULL,
  `creator_id` varchar(100) DEFAULT NULL COMMENT '创建人',
  `order_id` varchar(100) NOT NULL,
  PRIMARY KEY (`id`),
  UNIQUE KEY `order_no` (`order_no`),
  UNIQUE KEY `refund_id` (`refund_id`),
  KEY `tb_mall_order_refunds_order_id_e725cf4c_fk_tb_mall_order_info_id` (`order_id`),
  KEY `tb_mall_order_refunds_creator_id_672686b7` (`creator_id`),
  CONSTRAINT `tb_mall_order_refunds_order_id_e725cf4c_fk_tb_mall_order_info_id` FOREIGN KEY (`order_id`) REFERENCES `tb_mall_order_info` (`id`)
) ENGINE=InnoDB DEFAULT CHARSET=utf8mb4 COMMENT='商城订单退款';

#
# Data for table "tb_mall_order_refunds"
#


#
# Structure for table "tb_message_template"
#

CREATE TABLE `tb_message_template` (
  `id` varchar(100) NOT NULL COMMENT 'Id',
  `description` varchar(100) DEFAULT NULL COMMENT '描述',
  `modifier` varchar(100) DEFAULT NULL COMMENT '修改人',
  `dept_belong_id` varchar(100) DEFAULT NULL COMMENT '数据归属部门',
  `update_datetime` datetime(6) DEFAULT NULL COMMENT '修改时间',
  `create_datetime` datetime(6) DEFAULT NULL COMMENT '创建时间',
  `code` varchar(100) NOT NULL,
  `title` varchar(100) NOT NULL,
  `content` longtext NOT NULL,
  `creator_id` varchar(100) DEFAULT NULL COMMENT '创建人',
  PRIMARY KEY (`id`),
  UNIQUE KEY `code` (`code`),
  KEY `tb_message_template_creator_id_3ec11b83` (`creator_id`)
) ENGINE=InnoDB DEFAULT CHARSET=utf8mb4 COMMENT='消息模板';

#
# Data for table "tb_message_template"
#


#
# Structure for table "tb_message"
#

CREATE TABLE `tb_message` (
  `id` varchar(100) NOT NULL COMMENT 'Id',
  `description` varchar(100) DEFAULT NULL COMMENT '描述',
  `modifier` varchar(100) DEFAULT NULL COMMENT '修改人',
  `dept_belong_id` varchar(100) DEFAULT NULL COMMENT '数据归属部门',
  `update_datetime` datetime(6) DEFAULT NULL COMMENT '修改时间',
  `create_datetime` datetime(6) DEFAULT NULL COMMENT '创建时间',
  `msg_chanel` int(11) NOT NULL,
  `public` tinyint(1) NOT NULL,
  `msg_title` varchar(100) DEFAULT NULL,
  `msg_content` longtext,
  `to_path` varchar(256) DEFAULT NULL,
  `status` tinyint(1) NOT NULL,
  `creator_id` varchar(100) DEFAULT NULL COMMENT '创建人',
  `msg_type_id` varchar(100) DEFAULT NULL,
  PRIMARY KEY (`id`),
  KEY `tb_message_msg_type_id_b4072045_fk_tb_message_template_id` (`msg_type_id`),
  KEY `tb_message_creator_id_3214601d` (`creator_id`),
  CONSTRAINT `tb_message_msg_type_id_b4072045_fk_tb_message_template_id` FOREIGN KEY (`msg_type_id`) REFERENCES `tb_message_template` (`id`)
) ENGINE=InnoDB DEFAULT CHARSET=utf8mb4 COMMENT='消息中心';

#
# Data for table "tb_message"
#

REPLACE INTO `tb_message` VALUES ('7210a59d19fe406bbd237510344334bf',NULL,NULL,NULL,'2022-06-27 13:56:06.345538','2022-06-27 13:56:06.345538',2,1,'测试消息','<p>消息内容实体部分</p>','/index/path',1,NULL,NULL);

#
# Structure for table "tb_message_user"
#

CREATE TABLE `tb_message_user` (
  `id` bigint(20) NOT NULL AUTO_INCREMENT,
  `update_datetime` datetime(6) DEFAULT NULL,
  `create_datetime` datetime(6) DEFAULT NULL,
  `read_at` datetime(6) DEFAULT NULL,
  `is_delete` tinyint(1) NOT NULL,
  `is_read` tinyint(1) NOT NULL,
  `messageid_id` varchar(100) NOT NULL,
  `revuserid_id` varchar(100) NOT NULL,
  `senduserid_id` varchar(100) DEFAULT NULL,
  PRIMARY KEY (`id`),
  KEY `tb_message_user_messageid_id_e64702d8_fk_tb_message_id` (`messageid_id`),
  KEY `tb_message_user_revuserid_id_b63a4813_fk_lyadmin_users_id` (`revuserid_id`),
  KEY `tb_message_user_senduserid_id_cb96b84f_fk_lyadmin_users_id` (`senduserid_id`),
  CONSTRAINT `tb_message_user_messageid_id_e64702d8_fk_tb_message_id` FOREIGN KEY (`messageid_id`) REFERENCES `tb_message` (`id`),
  CONSTRAINT `tb_message_user_revuserid_id_b63a4813_fk_lyadmin_users_id` FOREIGN KEY (`revuserid_id`) REFERENCES `lyadmin_users` (`id`),
  CONSTRAINT `tb_message_user_senduserid_id_cb96b84f_fk_lyadmin_users_id` FOREIGN KEY (`senduserid_id`) REFERENCES `lyadmin_users` (`id`)
) ENGINE=InnoDB DEFAULT CHARSET=utf8mb4 COMMENT='用户消息';

#
# Data for table "tb_message_user"
#


#
# Structure for table "tb_monitor"
#

CREATE TABLE `tb_monitor` (
  `id` varchar(100) NOT NULL COMMENT 'Id',
  `description` varchar(100) DEFAULT NULL COMMENT '描述',
  `modifier` varchar(100) DEFAULT NULL COMMENT '修改人',
  `dept_belong_id` varchar(100) DEFAULT NULL COMMENT '数据归属部门',
  `update_datetime` datetime(6) DEFAULT NULL COMMENT '修改时间',
  `create_datetime` datetime(6) DEFAULT NULL COMMENT '创建时间',
  `ip` varchar(50) DEFAULT NULL,
  `name` varchar(50) DEFAULT NULL,
  `os` varchar(50) DEFAULT NULL,
  `online` tinyint(1) NOT NULL,
  `status` tinyint(1) NOT NULL,
  `days` smallint(6) NOT NULL,
  `interval` smallint(6) NOT NULL,
  `islocal` tinyint(1) NOT NULL,
  `creator_id` varchar(100) DEFAULT NULL COMMENT '创建人',
  PRIMARY KEY (`id`),
  KEY `tb_monitor_creator_id_27f410f2` (`creator_id`)
) ENGINE=InnoDB DEFAULT CHARSET=utf8mb4 COMMENT='服务监控';

#
# Data for table "tb_monitor"
#


#
# Structure for table "tb_oauth_wx"
#

CREATE TABLE `tb_oauth_wx` (
  `id` bigint(20) NOT NULL AUTO_INCREMENT,
  `update_datetime` datetime(6) DEFAULT NULL,
  `create_datetime` datetime(6) DEFAULT NULL,
  `xcx_openid` varchar(100) DEFAULT NULL,
  `gzh_openid` varchar(100) DEFAULT NULL,
  `avatarUrl` varchar(900) DEFAULT NULL,
  `nick` varchar(40) DEFAULT NULL,
  `sex` varchar(100) DEFAULT NULL,
  `city` varchar(100) DEFAULT NULL,
  `province` varchar(100) DEFAULT NULL,
  `country` varchar(100) DEFAULT NULL,
  `unionId` varchar(255) DEFAULT NULL,
  `session_key` varchar(255) DEFAULT NULL,
  `xcx_access_token` varchar(255) DEFAULT NULL,
  `gzh_access_token` varchar(255) DEFAULT NULL,
  `gzh_refresh_token` varchar(255) DEFAULT NULL,
  `gzh_scope` varchar(255) DEFAULT NULL,
  `mobilePhoneNumber` varchar(30) NOT NULL,
  `user_id` varchar(100) NOT NULL,
  PRIMARY KEY (`id`),
  UNIQUE KEY `user_id` (`user_id`),
  KEY `tb_oauth_wx_xcx_openid_86e639c2` (`xcx_openid`),
  KEY `tb_oauth_wx_gzh_openid_534fea1f` (`gzh_openid`),
  CONSTRAINT `tb_oauth_wx_user_id_2a271e12_fk_lyadmin_users_id` FOREIGN KEY (`user_id`) REFERENCES `lyadmin_users` (`id`)
) ENGINE=InnoDB DEFAULT CHARSET=utf8mb4 COMMENT='微信登录用户数据';

#
# Data for table "tb_oauth_wx"
#


#
# Structure for table "tb_other_manage"
#

CREATE TABLE `tb_other_manage` (
  `id` varchar(100) NOT NULL COMMENT 'Id',
  `description` varchar(100) DEFAULT NULL COMMENT '描述',
  `modifier` varchar(100) DEFAULT NULL COMMENT '修改人',
  `dept_belong_id` varchar(100) DEFAULT NULL COMMENT '数据归属部门',
  `update_datetime` datetime(6) DEFAULT NULL COMMENT '修改时间',
  `create_datetime` datetime(6) DEFAULT NULL COMMENT '创建时间',
  `status` tinyint(1) NOT NULL,
  `type` int(11) NOT NULL,
  `name` varchar(50) NOT NULL,
  `key` varchar(50) NOT NULL,
  `value` longtext NOT NULL,
  `sort` int(11) NOT NULL COMMENT '显示顺序',
  `creator_id` varchar(100) DEFAULT NULL COMMENT '创建人',
  PRIMARY KEY (`id`),
  KEY `tb_other_manage_creator_id_125ff1a6` (`creator_id`)
) ENGINE=InnoDB DEFAULT CHARSET=utf8mb4 COMMENT='参数设置';

#
# Data for table "tb_other_manage"
#

REPLACE INTO `tb_other_manage` VALUES ('34799dd05d094458bd2b200d3f211eda',NULL,NULL,NULL,'2022-06-27 13:56:06.349195','2022-06-27 13:56:06.349195',1,1,'客服电话','customerservicephone','4006668888',1,NULL),('4ef8d8c46f2649438bddaba3628e3271',NULL,NULL,NULL,'2022-06-27 13:56:06.351665','2022-06-27 13:56:06.351665',1,1,'关于我们','aboutus','<p>我是关于我们的简介，请写在这里</p>',2,NULL),('6261abf71d3b4ead9b1213225933b50f',NULL,NULL,NULL,'2022-06-27 13:56:06.353660','2022-06-27 13:56:06.353660',1,3,'公司logo','companylogo','http://127.0.0.1:8000/media/platform/2022-04-07/20220407120605_298.png',2,NULL);

#
# Structure for table "tb_terminalserver"
#

CREATE TABLE `tb_terminalserver` (
  `id` varchar(100) NOT NULL COMMENT 'Id',
  `description` varchar(100) DEFAULT NULL COMMENT '描述',
  `modifier` varchar(100) DEFAULT NULL COMMENT '修改人',
  `dept_belong_id` varchar(100) DEFAULT NULL COMMENT '数据归属部门',
  `update_datetime` datetime(6) DEFAULT NULL COMMENT '修改时间',
  `create_datetime` datetime(6) DEFAULT NULL COMMENT '创建时间',
  `host` varchar(100) NOT NULL,
  `remark` varchar(100) DEFAULT NULL,
  `username` varchar(200) NOT NULL,
  `password` varchar(200) DEFAULT NULL,
  `pkey` varchar(255) DEFAULT NULL,
  `pkey_passwd` varchar(255) DEFAULT NULL,
  `type` smallint(6) NOT NULL COMMENT '验证方式',
  `creator_id` varchar(100) DEFAULT NULL COMMENT '创建人',
  `port` int(11) NOT NULL COMMENT '端口号',
  PRIMARY KEY (`id`),
  KEY `tb_terminalserver_creator_id_d30e3e38` (`creator_id`)
) ENGINE=InnoDB DEFAULT CHARSET=utf8mb4 COMMENT='终端服务器列表';

#
# Data for table "tb_terminalserver"
#

REPLACE INTO `tb_terminalserver` VALUES ('99508bdc6e454f50ba414f52089928b6',NULL,'superadmin',NULL,'2022-07-17 23:53:34.766663','2022-07-17 17:36:43.286021','124.222.222.225','测试服务器账号','lyadmintest','lyadmintest0008','','',0,NULL,22);

#
# Structure for table "tb_user_leaving"
#

CREATE TABLE `tb_user_leaving` (
  `id` varchar(100) NOT NULL COMMENT 'Id',
  `description` varchar(100) DEFAULT NULL COMMENT '描述',
  `modifier` varchar(100) DEFAULT NULL COMMENT '修改人',
  `dept_belong_id` varchar(100) DEFAULT NULL COMMENT '数据归属部门',
  `update_datetime` datetime(6) DEFAULT NULL COMMENT '修改时间',
  `create_datetime` datetime(6) DEFAULT NULL COMMENT '创建时间',
  `message_type` smallint(6) NOT NULL COMMENT '留言类型: 1(留言),2(投诉),3(询问),4(售后),5(求购)',
  `subject` varchar(100) DEFAULT NULL,
  `message` longtext NOT NULL COMMENT '留言内容',
  `images` varchar(3000) DEFAULT NULL,
  `creator_id` varchar(100) DEFAULT NULL COMMENT '创建人',
  `user_id` varchar(100) NOT NULL,
  PRIMARY KEY (`id`),
  KEY `tb_user_leaving_user_id_44ed0394_fk_lyadmin_users_id` (`user_id`),
  KEY `tb_user_leaving_creator_id_13389dc5` (`creator_id`),
  CONSTRAINT `tb_user_leaving_user_id_44ed0394_fk_lyadmin_users_id` FOREIGN KEY (`user_id`) REFERENCES `lyadmin_users` (`id`)
) ENGINE=InnoDB DEFAULT CHARSET=utf8mb4 COMMENT='用户反馈';

#
# Data for table "tb_user_leaving"
#

